{
    "q_proj": {
        "mean": -2.7394758944865316e-05,
        "std": 0.001917836838401854,
        "variance": 3.678098210002645e-06,
        "min": -0.06494140625,
        "max": 0.06640625,
        "l2_norm": 3.928375244140625
    },
    "k_proj": {
        "mean": -7.10920212441124e-05,
        "std": 0.003975170664489269,
        "variance": 1.5801981135155074e-05,
        "min": -0.1376953125,
        "max": 0.12255859375,
        "l2_norm": 2.8787155151367188
    },
    "v_proj": {
        "mean": -1.496705681347521e-05,
        "std": 0.001039648661389947,
        "variance": 1.0808693104991107e-06,
        "min": -0.007568359375,
        "max": 0.0078125,
        "l2_norm": 0.7528016567230225
    },
    "o_proj": {
        "mean": -9.656676411395893e-06,
        "std": 0.0008079958497546613,
        "variance": 6.528573521791259e-07,
        "min": -0.0498046875,
        "max": 0.04296875,
        "l2_norm": 1.6547538042068481
    },
    "gate_proj": {
        "mean": -1.9721173885045573e-05,
        "std": 0.0015544614288955927,
        "variance": 2.4163500711438246e-06,
        "min": -0.03125,
        "max": 0.041015625,
        "l2_norm": 5.279623985290527
    },
    "up_proj": {
        "mean": -1.8519027435104363e-05,
        "std": 0.0015627190005034208,
        "variance": 2.442090590193402e-06,
        "min": -0.01318359375,
        "max": 0.01220703125,
        "l2_norm": 5.307651996612549
    },
    "down_proj": {
        "mean": -1.947486998687964e-05,
        "std": 0.0015598238678649068,
        "variance": 2.4330504402314546e-06,
        "min": -0.033203125,
        "max": 0.056640625,
        "l2_norm": 5.297896385192871
    }
}