{
  "q_proj": {
    "avg_mean": -4.098728885020881e-06,
    "min_mean": -4.221969356876798e-05,
    "max_mean": 2.9561100745922886e-05,
    "avg_std": 0.02585746923630888,
    "min_std": 0.016398852691054344,
    "max_std": 0.032213520258665085,
    "avg_variance": 0.0006759268951348283,
    "min_variance": 0.000268922362010926,
    "max_variance": 0.0010377108119428158,
    "avg_entropy": 3.395582187329009,
    "min_entropy": 1.6073891631316555,
    "max_entropy": 3.9933357196792763,
    "avg_skewness": -0.011001641496560214,
    "min_skewness": -0.18992677330970764,
    "max_skewness": 0.007196776103228331,
    "avg_kurtosis": 8.546633156863125,
    "min_kurtosis": 0.955660343170166,
    "max_kurtosis": 142.24026489257812,
    "num_layers": 22
  },
  "k_proj": {
    "avg_mean": 1.554058987742544e-05,
    "min_mean": -9.965569188352674e-05,
    "max_mean": 0.00012029061326757073,
    "avg_std": 0.04491040296852589,
    "min_std": 0.03176126256585121,
    "max_std": 0.0541960708796978,
    "avg_variance": 0.002040330156556923,
    "min_variance": 0.0010087777627632022,
    "max_variance": 0.002937213983386755,
    "avg_entropy": 3.84667539328797,
    "min_entropy": 1.5475663212111337,
    "max_entropy": 4.250597517679337,
    "avg_skewness": -0.12747835098575291,
    "min_skewness": -2.8520214557647705,
    "max_skewness": 0.019209491088986397,
    "avg_kurtosis": 15.40952281518416,
    "min_kurtosis": 1.0803837776184082,
    "max_kurtosis": 297.17486572265625,
    "num_layers": 22
  },
  "v_proj": {
    "avg_mean": -1.9905379221282518e-06,
    "min_mean": -5.3495095926336944e-05,
    "max_mean": 4.6308618038892746e-05,
    "avg_std": 0.014606360049748962,
    "min_std": 0.01010370533913374,
    "max_std": 0.025860821828246117,
    "avg_variance": 0.0002329795031321489,
    "min_variance": 0.00010208485764451325,
    "max_variance": 0.0006687821005471051,
    "avg_entropy": 4.332765953724891,
    "min_entropy": 3.618314788263258,
    "max_entropy": 4.66187138534522,
    "avg_skewness": 0.0008979541836941445,
    "min_skewness": -0.012947612442076206,
    "max_skewness": 0.026032712310552597,
    "avg_kurtosis": 0.7525653622367166,
    "min_kurtosis": 0.22803616523742676,
    "max_kurtosis": 3.3909645080566406,
    "num_layers": 22
  },
  "o_proj": {
    "avg_mean": 9.008539853477321e-07,
    "min_mean": -7.240473223646404e-06,
    "max_mean": 1.4073563761485275e-05,
    "avg_std": 0.01523628919808702,
    "min_std": 0.008300107903778553,
    "max_std": 0.019088976085186005,
    "avg_variance": 0.00023677452323185705,
    "min_variance": 6.889178621349856e-05,
    "max_variance": 0.00036438903771340847,
    "avg_entropy": 3.0331767654701185,
    "min_entropy": 2.3707886120551906,
    "max_entropy": 3.470726993591134,
    "avg_skewness": 8.199323201552033e-05,
    "min_skewness": -0.03266039863228798,
    "max_skewness": 0.039530545473098755,
    "avg_kurtosis": 4.451714634895325,
    "min_kurtosis": 0.47722649574279785,
    "max_kurtosis": 52.19824981689453,
    "num_layers": 22
  },
  "gate_proj": {
    "avg_mean": -2.7734547410835315e-05,
    "min_mean": -8.62304586917162e-05,
    "max_mean": 5.336178946890868e-05,
    "avg_std": 0.020442771894687958,
    "min_std": 0.01655183546245098,
    "max_std": 0.024334482848644257,
    "avg_variance": 0.00042053349898196757,
    "min_variance": 0.00027396323275752366,
    "max_variance": 0.0005921670817770064,
    "avg_entropy": 3.169640370988297,
    "min_entropy": 2.201617875913713,
    "max_entropy": 3.6219722365726277,
    "avg_skewness": -0.003997315524595086,
    "min_skewness": -0.0456332191824913,
    "max_skewness": 0.006502259522676468,
    "avg_kurtosis": 1.3224903670224277,
    "min_kurtosis": 0.22474145889282227,
    "max_kurtosis": 11.800729751586914,
    "num_layers": 22
  },
  "up_proj": {
    "avg_mean": -1.7849869345034428e-06,
    "min_mean": -1.5921708836685866e-05,
    "max_mean": 9.849819434748497e-06,
    "avg_std": 0.01773494981567968,
    "min_std": 0.01683666557073593,
    "max_std": 0.01945999078452587,
    "avg_variance": 0.00031507994175295937,
    "min_variance": 0.0002834733168128878,
    "max_variance": 0.00037869124207645655,
    "avg_entropy": 3.45245897314959,
    "min_entropy": 2.7389850646281153,
    "max_entropy": 3.9781444933734154,
    "avg_skewness": -0.0008993568871202032,
    "min_skewness": -0.01777869649231434,
    "max_skewness": 0.00332673080265522,
    "avg_kurtosis": 0.4354424693367698,
    "min_kurtosis": 0.09015583992004395,
    "max_kurtosis": 4.853762626647949,
    "num_layers": 22
  },
  "down_proj": {
    "avg_mean": 9.695971140321158e-07,
    "min_mean": -7.0698933996027336e-06,
    "max_mean": 8.339651685673743e-06,
    "avg_std": 0.017467929219657726,
    "min_std": 0.016641786321997643,
    "max_std": 0.018954839557409286,
    "avg_variance": 0.00030544470593502575,
    "min_variance": 0.00027694908203557134,
    "max_variance": 0.00035928591387346387,
    "avg_entropy": 2.800873944025778,
    "min_entropy": 2.3494779851197087,
    "max_entropy": 2.9952605568752846,
    "avg_skewness": 0.0008426897323013029,
    "min_skewness": -0.014606350101530552,
    "max_skewness": 0.03973933309316635,
    "avg_kurtosis": 1.0651925260370427,
    "min_kurtosis": 0.3665592670440674,
    "max_kurtosis": 3.169343948364258,
    "num_layers": 22
  }
}