tensor_id,layer_name,shannon_entropy,renyi_entropy,tsallis_entropy,local_entropy_mean,local_entropy_std,local_entropy_min,local_entropy_max,residual_entropy,entropy_stability,normalized_entropy,entropy_percentile,mean_absolute_weight,weight_variance,l2_norm_x,max_absolute_weight,sparsity,importance_score,shape,mean,std,minimum,maximum,dynamic_range,l1_norm,l2_norm_y,zero_ratio,non_zero_ratio,histogram,entropy_score,importance_score_norm,dynamic_range_norm,final_score,rank
43,model.layers.4.mlp.down_proj.weight,7.760250091552734,7.608354568481445,0.994875431060791,7.362124700734222,0.0683661915290445,6.711859703063965,7.561582565307617,7.454370498657227,0.0,0.9700312614440918,0.9154228855721394,122.63760375976562,3662.968994140625,328552.03125,255.0,0.0003310116881038,147542546500.56888,"(5767168, 1)",122.63760375976562,60.522464752197266,0.0,255.0,255.0,707216640.0,328552.03125,0.0003310116881038,0.9996690154075624,"[13741.0, 25521.0, 18519.0, 24088.0, 13249.0, 11299.0, 17228.0, 52193.0, 43003.0, 58999.0, 48900.0, 22541.0, 26077.0, 43129.0, 85987.0, 54971.0, 72058.0, 35726.0, 26260.0, 41255.0, 97598.0, 106512.0, 61552.0, 69488.0, 21854.0, 55104.0, 70300.0, 127060.0, 75096.0, 92715.0, 46119.0, 30273.0, 105530.0, 94808.0, 129963.0, 71713.0, 70405.0, 18158.0, 89508.0, 92347.0, 146714.0, 119608.0, 55048.0, 36204.0, 50027.0, 124333.0, 97032.0, 123030.0, 63036.0, 48746.0, 53614.0, 71816.0, 131802.0, 78242.0, 93387.0, 37343.0, 34600.0, 57277.0, 121145.0, 79510.0, 99750.0, 61966.0, 15123.0, 70973.0, 72036.0, 113177.0, 64625.0, 72538.0, 21891.0, 45384.0, 91951.0, 69803.0, 89985.0, 47185.0, 38328.0, 20909.0, 69256.0, 59925.0, 82334.0, 45699.0, 47023.0, 24019.0, 35475.0, 70457.0, 45195.0, 58930.0, 29275.0, 19819.0, 22606.0, 48270.0, 51576.0, 30078.0, 36479.0, 12486.0, 12525.0, 15138.0, 25633.0, 15450.0, 19881.0, 10654.0]",0.9986218239306038,1.0,1.0,0.999540607976868,1
25,model.layers.2.mlp.down_proj.weight,7.760571479797363,7.6092209815979,0.9948785305023192,7.362239835699174,0.0733615826302916,6.324585914611816,7.549346446990967,7.456711769104004,0.0,0.9700714349746704,0.9253731343283582,122.65966796875,3659.49072265625,328570.15625,255.0,0.0003289309388492,147437403216.17178,"(5767168, 1)",122.65966796875,60.49372482299805,0.0,255.0,255.0,707341376.0,328570.15625,0.0003289309388492,0.9996710419654846,"[13492.0, 25259.0, 18490.0, 24039.0, 13156.0, 11304.0, 16927.0, 52091.0, 42848.0, 58805.0, 49088.0, 22917.0, 26562.0, 43463.0, 85637.0, 55501.0, 70945.0, 35758.0, 26325.0, 41411.0, 97044.0, 106268.0, 61469.0, 70317.0, 21853.0, 55185.0, 70351.0, 127202.0, 75118.0, 92012.0, 46245.0, 30117.0, 106074.0, 94074.0, 130039.0, 71718.0, 70361.0, 18120.0, 89959.0, 92454.0, 146292.0, 118225.0, 55595.0, 36037.0, 50022.0, 123526.0, 97667.0, 123405.0, 63005.0, 49148.0, 54092.0, 71526.0, 132170.0, 78111.0, 93401.0, 37557.0, 34610.0, 57437.0, 121108.0, 79784.0, 99817.0, 62671.0, 15531.0, 71592.0, 71905.0, 112858.0, 64672.0, 72123.0, 21672.0, 45633.0, 91911.0, 70052.0, 89378.0, 47368.0, 38518.0, 20814.0, 69414.0, 59555.0, 81926.0, 46220.0, 47279.0, 23775.0, 36000.0, 70128.0, 45347.0, 58913.0, 29551.0, 19831.0, 22816.0, 48283.0, 51635.0, 29773.0, 36505.0, 12499.0, 12363.0, 15033.0, 25800.0, 15265.0, 19629.0, 10397.0]",0.9986857971172962,0.9992873697323864,1.0,0.9993243889498942,2
41,model.layers.4.mlp.gate_proj.weight,7.76271390914917,7.613166332244873,0.9948924779891968,7.365444017785856,0.0638908742458948,6.389486312866211,7.548705577850342,7.455690860748291,0.0,0.9703392386436462,0.9701492537313432,122.40984344482422,3669.424560546875,328118.71875,255.0,0.0003310116881038,147333509080.923,"(5767168, 1)",122.40984344482422,60.575775146484375,0.0,255.0,255.0,705896960.0,328118.71875,0.0003310116881038,0.9996690154075624,"[13693.0, 25133.0, 18566.0, 24101.0, 13482.0, 11417.0, 17607.0, 53088.0, 43370.0, 59006.0, 49005.0, 22951.0, 27079.0, 44164.0, 87156.0, 55944.0, 72613.0, 36325.0, 26698.0, 42039.0, 96979.0, 107098.0, 61680.0, 70480.0, 22119.0, 55375.0, 70972.0, 127238.0, 74932.0, 92139.0, 46092.0, 30267.0, 106594.0, 93986.0, 128818.0, 71612.0, 71138.0, 18044.0, 90671.0, 91468.0, 145981.0, 118697.0, 55901.0, 36635.0, 50184.0, 123575.0, 96148.0, 122311.0, 63942.0, 49849.0, 54601.0, 71084.0, 130587.0, 77008.0, 93373.0, 37782.0, 34517.0, 56899.0, 120201.0, 78417.0, 98812.0, 62165.0, 15203.0, 72083.0, 72038.0, 112454.0, 64329.0, 71525.0, 21764.0, 45511.0, 91112.0, 69363.0, 89028.0, 47275.0, 38434.0, 20847.0, 69158.0, 59553.0, 81699.0, 45741.0, 47383.0, 24076.0, 35692.0, 70597.0, 45009.0, 58675.0, 29594.0, 19985.0, 22531.0, 48495.0, 51377.0, 29903.0, 36140.0, 12429.0, 12381.0, 14971.0, 25933.0, 15232.0, 19223.0, 10617.0]",0.9991122533900095,0.9985832058304276,1.0,0.9992318197401456,3
34,model.layers.3.mlp.down_proj.weight,7.759186267852783,7.606539726257324,0.9948689937591552,7.360636755443093,0.0695862323813207,6.665286540985107,7.553235054016113,7.453227043151856,0.0,0.969898283481598,0.8905472636815921,122.64810180664062,3659.8515625,328546.0,255.0,0.0003102042537648,147429959356.23798,"(5767168, 1)",122.64810180664062,60.496707916259766,0.0,255.0,255.0,707272448.0,328546.0,0.0003102042537648,0.9996898174285888,"[13448.0, 25198.0, 18863.0, 24239.0, 13234.0, 11575.0, 17061.0, 52207.0, 43200.0, 58377.0, 48807.0, 22415.0, 26173.0, 43633.0, 85990.0, 55367.0, 71856.0, 35575.0, 26273.0, 41525.0, 96564.0, 106660.0, 61365.0, 69347.0, 21409.0, 54516.0, 70693.0, 127665.0, 75104.0, 91887.0, 45845.0, 30064.0, 106522.0, 94261.0, 130457.0, 71412.0, 70374.0, 18021.0, 89226.0, 92573.0, 147198.0, 119488.0, 55446.0, 36123.0, 49681.0, 124393.0, 97674.0, 123725.0, 62910.0, 48432.0, 54040.0, 71529.0, 132137.0, 78086.0, 93479.0, 37431.0, 34413.0, 57053.0, 121048.0, 79558.0, 100226.0, 61789.0, 15120.0, 70778.0, 72183.0, 114282.0, 64850.0, 72251.0, 21953.0, 45179.0, 91897.0, 70014.0, 89765.0, 47303.0, 37960.0, 20891.0, 69468.0, 59488.0, 81777.0, 46205.0, 47921.0, 23741.0, 35536.0, 70698.0, 45430.0, 59267.0, 29564.0, 19685.0, 22466.0, 48151.0, 50962.0, 30119.0, 36085.0, 12508.0, 12448.0, 15029.0, 25834.0, 15220.0, 19696.0, 10604.0]",0.99841006698771,0.9992369174383847,1.0,0.999215661475365,4
95,model.layers.10.mlp.gate_proj.weight,7.756764411926269,7.602351665496826,0.9948540925979614,7.357616955118084,0.0798339243045492,6.104855537414551,7.564013957977295,7.451155185699463,0.0,0.9695955514907836,0.8208955223880597,122.86371612548828,3646.024169921875,328892.34375,255.0,0.000306562957121,147286789206.5209,"(5767168, 1)",122.86371612548828,60.38231658935547,0.0,255.0,255.0,708515264.0,328892.34375,0.000306562957121,0.9996934533119202,"[13287.0, 24876.0, 18358.0, 23639.0, 12984.0, 11231.0, 16939.0, 51599.0, 42686.0, 58112.0, 47761.0, 22204.0, 26011.0, 42744.0, 85190.0, 54248.0, 70750.0, 35098.0, 25764.0, 40998.0, 96668.0, 105890.0, 61255.0, 69250.0, 21250.0, 54976.0, 70387.0, 127055.0, 75610.0, 91210.0, 45702.0, 30062.0, 106048.0, 95212.0, 131418.0, 71842.0, 69609.0, 17786.0, 90214.0, 92928.0, 148692.0, 119176.0, 54621.0, 35658.0, 50045.0, 125099.0, 98789.0, 124038.0, 63164.0, 49017.0, 54572.0, 72072.0, 133292.0, 78867.0, 92923.0, 37362.0, 34445.0, 57612.0, 121660.0, 80571.0, 100543.0, 62013.0, 14944.0, 71753.0, 72388.0, 114498.0, 64760.0, 71944.0, 21735.0, 45748.0, 92409.0, 70051.0, 90117.0, 47087.0, 38046.0, 20877.0, 69548.0, 59323.0, 81731.0, 46015.0, 47060.0, 23482.0, 35730.0, 70350.0, 45314.0, 59077.0, 29422.0, 19679.0, 22529.0, 48320.0, 51414.0, 30029.0, 36117.0, 12346.0, 12752.0, 15227.0, 26266.0, 15624.0, 19782.0, 10592.0]",0.9979279901105427,0.9982665522582194,1.0,0.9987315141229206,5
178,model.layers.19.mlp.down_proj.weight,7.758213043212891,7.605325698852539,0.9948646426200868,7.3610003013163805,0.0625706204033629,6.415999412536621,7.536727905273437,7.451850414276123,0.0,0.9697766304016112,0.8407960199004975,122.5995864868164,3654.441162109375,328399.9375,255.0,0.0003266767889726,147085935828.36316,"(5767168, 1)",122.5995864868164,60.45197296142578,0.0,255.0,255.0,706992000.0,328399.9375,0.0003266767889726,0.999673306941986,"[13396.0, 25391.0, 18421.0, 24256.0, 13199.0, 11480.0, 17094.0, 52491.0, 42729.0, 58632.0, 48419.0, 22765.0, 26138.0, 43225.0, 86010.0, 55076.0, 71885.0, 35663.0, 26076.0, 41075.0, 97120.0, 106772.0, 61980.0, 69747.0, 21778.0, 54670.0, 70544.0, 127302.0, 75916.0, 91728.0, 46025.0, 29849.0, 106156.0, 94480.0, 129935.0, 72119.0, 70343.0, 17952.0, 90213.0, 92256.0, 146887.0, 119602.0, 55229.0, 35772.0, 49352.0, 124692.0, 97832.0, 124131.0, 63264.0, 48976.0, 53734.0, 71665.0, 131863.0, 78631.0, 93265.0, 37386.0, 34300.0, 57492.0, 121805.0, 79802.0, 100380.0, 61935.0, 14932.0, 71617.0, 72010.0, 113836.0, 65284.0, 72184.0, 21689.0, 45234.0, 91773.0, 69621.0, 89560.0, 47472.0, 37990.0, 21110.0, 69175.0, 60225.0, 81322.0, 46138.0, 46889.0, 23839.0, 35417.0, 70038.0, 45386.0, 58399.0, 29263.0, 19453.0, 22351.0, 48147.0, 51465.0, 30281.0, 35784.0, 12226.0, 12321.0, 15078.0, 25948.0, 15213.0, 19536.0, 10661.0]",0.9982163440291946,0.996905227115597,1.0,0.9983738570482639,6
77,model.layers.8.mlp.gate_proj.weight,7.75650691986084,7.601716995239258,0.99485182762146,7.3570635963485325,0.0827543860183828,5.4065399169921875,7.567838668823242,7.450156211853027,0.0,0.969563364982605,0.8109452736318408,122.83781433105467,3643.2177734375,328812.21875,255.0,0.0003197409969288,147104607665.98163,"(5767168, 1)",122.83781433105467,60.359073638916016,0.0,255.0,255.0,708369408.0,328812.21875,0.0003197409969288,0.9996802806854248,"[13167.0, 24870.0, 18529.0, 23372.0, 13058.0, 11113.0, 16733.0, 51413.0, 42215.0, 58010.0, 47690.0, 22484.0, 25868.0, 43039.0, 85120.0, 54975.0, 70960.0, 35432.0, 25874.0, 41043.0, 96482.0, 106108.0, 61260.0, 69333.0, 21447.0, 54486.0, 69824.0, 127011.0, 75054.0, 91809.0, 46023.0, 29991.0, 106259.0, 95150.0, 131052.0, 71908.0, 69558.0, 17851.0, 89578.0, 93210.0, 149668.0, 119265.0, 55437.0, 36212.0, 49575.0, 125040.0, 99240.0, 124379.0, 63158.0, 49214.0, 53721.0, 71309.0, 133321.0, 79354.0, 93751.0, 37563.0, 33819.0, 57216.0, 121749.0, 80537.0, 101001.0, 62439.0, 14988.0, 71117.0, 72170.0, 114086.0, 65243.0, 71919.0, 21832.0, 45496.0, 91830.0, 70008.0, 89930.0, 47585.0, 38639.0, 20530.0, 68662.0, 59964.0, 81560.0, 46370.0, 47350.0, 23410.0, 35687.0, 70372.0, 45000.0, 58338.0, 29242.0, 19897.0, 22489.0, 48272.0, 50947.0, 30243.0, 36459.0, 12533.0, 12606.0, 15258.0, 25995.0, 15418.0, 19738.0, 10658.0]",0.9978767356286231,0.9970317793411166,1.0,0.9983028383232466,7
167,model.layers.18.mlp.gate_proj.weight,7.760408401489258,7.608843803405762,0.9948771595954896,7.362895559307865,0.0713297448194164,6.060400485992432,7.548679351806641,7.453730583190918,0.0,0.9700510501861572,0.9203980099502488,122.43170928955078,3660.302490234375,328086.5,255.0,0.0003181804204359,146980948163.48016,"(5767168, 1)",122.43170928955078,60.50043487548828,0.0,255.0,255.0,706022016.0,328086.5,0.0003181804204359,0.999681830406189,"[13628.0, 25515.0, 18601.0, 24153.0, 13336.0, 11336.0, 17344.0, 53503.0, 42855.0, 58974.0, 48539.0, 22664.0, 26711.0, 44247.0, 86219.0, 55305.0, 71844.0, 35615.0, 26576.0, 41852.0, 98131.0, 106624.0, 61507.0, 69960.0, 21965.0, 55136.0, 71642.0, 127400.0, 75235.0, 91542.0, 46398.0, 30543.0, 107139.0, 94396.0, 129469.0, 71126.0, 70295.0, 17899.0, 91414.0, 92728.0, 146397.0, 118876.0, 54906.0, 35729.0, 50288.0, 125093.0, 96962.0, 122902.0, 63254.0, 48798.0, 54794.0, 71915.0, 130985.0, 77233.0, 92735.0, 37297.0, 34408.0, 57734.0, 120964.0, 79161.0, 99395.0, 62089.0, 15419.0, 72243.0, 72451.0, 113068.0, 63790.0, 71558.0, 21353.0, 45583.0, 91853.0, 69239.0, 89405.0, 47065.0, 37977.0, 20853.0, 69854.0, 59477.0, 81352.0, 45819.0, 46946.0, 24131.0, 35821.0, 69711.0, 45043.0, 58694.0, 29228.0, 20004.0, 22809.0, 48653.0, 50708.0, 29388.0, 35812.0, 12377.0, 12561.0, 15124.0, 25680.0, 15053.0, 19089.0, 10696.0]",0.9986533359454137,0.996193651591295,1.0,0.9982823291789029,8
185,model.layers.20.mlp.gate_proj.weight,7.76072883605957,7.60939359664917,0.9948791265487672,7.362835588568652,0.0741956085432343,5.4298481941223145,7.560638427734375,7.453850746154785,0.0,0.9700911045074464,0.9303482587064676,122.5059051513672,3656.3330078125,328210.6875,255.0,0.0003200877690687,146965856779.27042,"(5767168, 1)",122.5059051513672,60.467620849609375,0.0,255.0,255.0,706451840.0,328210.6875,0.0003200877690687,0.9996799230575562,"[13538.0, 25631.0, 18638.0, 23800.0, 13429.0, 11423.0, 16853.0, 52592.0, 43118.0, 58684.0, 48354.0, 22868.0, 26633.0, 43602.0, 86015.0, 55251.0, 71571.0, 36014.0, 26525.0, 41799.0, 97176.0, 107086.0, 61684.0, 69675.0, 21991.0, 55486.0, 70937.0, 127000.0, 75328.0, 92280.0, 46333.0, 30343.0, 106945.0, 94228.0, 128889.0, 71626.0, 70169.0, 18108.0, 90642.0, 92720.0, 146831.0, 118631.0, 55329.0, 36048.0, 49964.0, 124740.0, 97296.0, 122942.0, 63454.0, 49594.0, 54601.0, 72184.0, 131428.0, 77071.0, 92782.0, 38195.0, 34779.0, 57633.0, 121121.0, 78888.0, 100004.0, 61903.0, 15228.0, 71903.0, 72113.0, 112728.0, 64761.0, 71948.0, 21963.0, 45662.0, 91270.0, 69121.0, 89183.0, 47473.0, 38317.0, 21074.0, 70086.0, 59608.0, 81657.0, 45799.0, 46836.0, 24011.0, 35792.0, 69869.0, 44770.0, 58427.0, 29470.0, 19815.0, 22548.0, 47997.0, 50788.0, 29912.0, 35712.0, 12253.0, 12503.0, 15058.0, 25753.0, 15115.0, 19522.0, 10721.0]",0.9987171193006918,0.9960913666262616,1.0,0.9982694953089846,9
86,model.layers.9.mlp.gate_proj.weight,7.756433486938477,7.601722717285156,0.99485182762146,7.357607907869599,0.077950828166753,5.9399871826171875,7.565248966217041,7.450066089630127,0.0,0.9695541858673096,0.8059701492537313,122.77899932861328,3645.546875,328708.09375,255.0,0.0003200877690687,147081530200.29382,"(5767168, 1)",122.77899932861328,60.37836456298828,0.0,255.0,255.0,708029248.0,328708.09375,0.0003200877690687,0.9996799230575562,"[13373.0, 25163.0, 18290.0, 23861.0, 13217.0, 11068.0, 17053.0, 51858.0, 42351.0, 58214.0, 47723.0, 22248.0, 26238.0, 43021.0, 85322.0, 55045.0, 70979.0, 34948.0, 25961.0, 41031.0, 97079.0, 106704.0, 60507.0, 68529.0, 21525.0, 54934.0, 70482.0, 127368.0, 75591.0, 91336.0, 45621.0, 30082.0, 106303.0, 95244.0, 130982.0, 71867.0, 69547.0, 18044.0, 89856.0, 92921.0, 148859.0, 119311.0, 54670.0, 35692.0, 49519.0, 125046.0, 98513.0, 124030.0, 63154.0, 48909.0, 54269.0, 72322.0, 133325.0, 78835.0, 93127.0, 37526.0, 34569.0, 57533.0, 122006.0, 79907.0, 100705.0, 61414.0, 15003.0, 71737.0, 72389.0, 114434.0, 65424.0, 71756.0, 21877.0, 45284.0, 92019.0, 70694.0, 89888.0, 47139.0, 37961.0, 20755.0, 69551.0, 59602.0, 81900.0, 45823.0, 46997.0, 23947.0, 35787.0, 70437.0, 45404.0, 58317.0, 29300.0, 19544.0, 22449.0, 48264.0, 51341.0, 29973.0, 36051.0, 12353.0, 12568.0, 15131.0, 26183.0, 15423.0, 19163.0, 10573.0]",0.9978621186097053,0.9968753670638776,1.0,0.9982458285578609,10
177,model.layers.19.mlp.up_proj.weight,7.75947380065918,7.607402801513672,0.9948720335960388,7.362226351926273,0.0693272977672947,6.234361171722412,7.588385105133057,7.455018043518066,0.0,0.9699342250823976,0.900497512437811,122.58230590820312,3651.2900390625,328332.125,255.0,0.0003173134464304,146909427783.01715,"(5767168, 1)",122.58230590820312,60.425907135009766,0.0,255.0,255.0,706886208.0,328332.125,0.0003173134464304,0.9996826648712158,"[13431.0, 25201.0, 18644.0, 24229.0, 13361.0, 11408.0, 17125.0, 52234.0, 42510.0, 58723.0, 48698.0, 22657.0, 26493.0, 43699.0, 85188.0, 55439.0, 71710.0, 35700.0, 26332.0, 40984.0, 97262.0, 105988.0, 61473.0, 69621.0, 21594.0, 55244.0, 71179.0, 127074.0, 74887.0, 91797.0, 46103.0, 30505.0, 106033.0, 94327.0, 130288.0, 72152.0, 70173.0, 17871.0, 90671.0, 92555.0, 146153.0, 118963.0, 55337.0, 35989.0, 50107.0, 124913.0, 97048.0, 124374.0, 63215.0, 49423.0, 54803.0, 71798.0, 131995.0, 78247.0, 93247.0, 37457.0, 34277.0, 58055.0, 121112.0, 79683.0, 100561.0, 62469.0, 15258.0, 71551.0, 72530.0, 112827.0, 64553.0, 72518.0, 21561.0, 45505.0, 91988.0, 69483.0, 90091.0, 47272.0, 38542.0, 20810.0, 69050.0, 59584.0, 81312.0, 46105.0, 46864.0, 23714.0, 35342.0, 70145.0, 44856.0, 58877.0, 29344.0, 19934.0, 22574.0, 48261.0, 50939.0, 29718.0, 35924.0, 12416.0, 12461.0, 14981.0, 25302.0, 15247.0, 19373.0, 10567.0]",0.9984673011591869,0.995708907480804,1.0,0.9980587362133303,11
32,model.layers.3.mlp.gate_proj.weight,7.761409759521484,7.610678672790527,0.99488365650177,7.36360680591315,0.0714576533001224,5.992582321166992,7.5482892990112305,7.453785419464111,0.0,0.9701762199401855,0.9502487562189056,122.3235092163086,3661.7265625,327869.21875,255.0,0.0003233822935726,146810129606.71436,"(5767168, 1)",122.3235092163086,60.512203216552734,0.0,255.0,255.0,705398080.0,327869.21875,0.0003233822935726,0.9996766448020936,"[13741.0, 25368.0, 19051.0, 24185.0, 13484.0, 11629.0, 17528.0, 53194.0, 43841.0, 58862.0, 48722.0, 22807.0, 26733.0, 43646.0, 86193.0, 55755.0, 71743.0, 35805.0, 26637.0, 41967.0, 97889.0, 106831.0, 62041.0, 70640.0, 21791.0, 55636.0, 70935.0, 127084.0, 75723.0, 92812.0, 46647.0, 30692.0, 106990.0, 94647.0, 129722.0, 71661.0, 70809.0, 17951.0, 90055.0, 92146.0, 146443.0, 118989.0, 55393.0, 36482.0, 50044.0, 123554.0, 96970.0, 122619.0, 63433.0, 49526.0, 54049.0, 71539.0, 131187.0, 77096.0, 93244.0, 37806.0, 34789.0, 57462.0, 120682.0, 78728.0, 99386.0, 62368.0, 15170.0, 70967.0, 71179.0, 112785.0, 64703.0, 72881.0, 21600.0, 45448.0, 90996.0, 69411.0, 88762.0, 47324.0, 38042.0, 21046.0, 69109.0, 59217.0, 80608.0, 45748.0, 47252.0, 23493.0, 35545.0, 69875.0, 44940.0, 59026.0, 29596.0, 19775.0, 22421.0, 48052.0, 51118.0, 30067.0, 35932.0, 12369.0, 12496.0, 14595.0, 25473.0, 15162.0, 19216.0, 10387.0]",0.998852658930657,0.9950358936372858,1.0,0.9979628508559809,12
59,model.layers.6.mlp.gate_proj.weight,7.756982326507568,7.602507591247559,0.9948546290397644,7.358166900844398,0.0792753379062835,6.004777431488037,7.54319953918457,7.449913024902344,0.0,0.969622790813446,0.8308457711442786,122.7409896850586,3644.011962890625,328609.46875,255.0,0.0003119382017757,146931189310.35925,"(5767168, 1)",122.7409896850586,60.36565017700195,0.0,255.0,255.0,707813632.0,328609.46875,0.0003119382017757,0.9996880888938904,"[13384.0, 24853.0, 18588.0, 23715.0, 13276.0, 11409.0, 17043.0, 51648.0, 42460.0, 57776.0, 48192.0, 22458.0, 26255.0, 42784.0, 85104.0, 55196.0, 70984.0, 35216.0, 25908.0, 40957.0, 96517.0, 105375.0, 61224.0, 69783.0, 21538.0, 54503.0, 70367.0, 127894.0, 75422.0, 91895.0, 46094.0, 30161.0, 106291.0, 95316.0, 130363.0, 72040.0, 69712.0, 17760.0, 89398.0, 93056.0, 148690.0, 120169.0, 55756.0, 35953.0, 49684.0, 124524.0, 99307.0, 124373.0, 63582.0, 48925.0, 53727.0, 71375.0, 133232.0, 78612.0, 93493.0, 37684.0, 34326.0, 57121.0, 121856.0, 80317.0, 100593.0, 62053.0, 15177.0, 70911.0, 72593.0, 113638.0, 65245.0, 72453.0, 21871.0, 45411.0, 91271.0, 70068.0, 89344.0, 47544.0, 38501.0, 20665.0, 69501.0, 59570.0, 81296.0, 46194.0, 47736.0, 23534.0, 35449.0, 69741.0, 45134.0, 59075.0, 29271.0, 19662.0, 22649.0, 47802.0, 51314.0, 29982.0, 36140.0, 12633.0, 12514.0, 14830.0, 25876.0, 15278.0, 19428.0, 10600.0]",0.9979713665887601,0.9958564007148455,1.0,0.9979425891012018,13
176,model.layers.19.mlp.gate_proj.weight,7.760992050170898,7.610166072845459,0.9948818683624268,7.363508626903323,0.0651243512845752,6.397209644317627,7.574902057647705,7.4536519050598145,0.0,0.9701240062713624,0.945273631840796,122.3440170288086,3660.515380859375,327899.84375,255.0,0.000322862091707,146799961556.58817,"(5767168, 1)",122.3440170288086,60.502193450927734,0.0,255.0,255.0,705513344.0,327899.84375,0.000322862091707,0.9996771216392516,"[13713.0, 25531.0, 18738.0, 24201.0, 13487.0, 11465.0, 17515.0, 52969.0, 43722.0, 58615.0, 48992.0, 22935.0, 26722.0, 44095.0, 86764.0, 55490.0, 72367.0, 36005.0, 26719.0, 41800.0, 97825.0, 106836.0, 61632.0, 70258.0, 21777.0, 55030.0, 71247.0, 127399.0, 75236.0, 92350.0, 46472.0, 30445.0, 107017.0, 94429.0, 130046.0, 71723.0, 69980.0, 17893.0, 91213.0, 92614.0, 145443.0, 118821.0, 55468.0, 36086.0, 49843.0, 124490.0, 96355.0, 122173.0, 63476.0, 49275.0, 54413.0, 72290.0, 130570.0, 77281.0, 92416.0, 37774.0, 34611.0, 57809.0, 121475.0, 78675.0, 99204.0, 62062.0, 15209.0, 71532.0, 72328.0, 113026.0, 64450.0, 71643.0, 21703.0, 45705.0, 91678.0, 69216.0, 88888.0, 47212.0, 38562.0, 20953.0, 69994.0, 59329.0, 81115.0, 45849.0, 47166.0, 23771.0, 36168.0, 69603.0, 44235.0, 58537.0, 29624.0, 19903.0, 22840.0, 47945.0, 50940.0, 29616.0, 35986.0, 12119.0, 12541.0, 14784.0, 25324.0, 15005.0, 19029.0, 10363.0]",0.9987695127710986,0.9949669775831215,1.0,0.9979121634514067,14
168,model.layers.18.mlp.up_proj.weight,7.758679389953613,7.60626745223999,0.9948680400848388,7.361568526661193,0.068726405494856,6.396771430969238,7.534441947937012,7.45146369934082,0.0,0.9698349237442015,0.8606965174129353,122.61315155029295,3647.29296875,328361.28125,255.0,0.0003440163272898,146794646092.27008,"(5767168, 1)",122.61315155029295,60.392822265625,0.0,255.0,255.0,707072064.0,328361.28125,0.0003440163272898,0.9996559619903564,"[13416.0, 24919.0, 18332.0, 24061.0, 13359.0, 11367.0, 17055.0, 52235.0, 43010.0, 58602.0, 48390.0, 22635.0, 26253.0, 43246.0, 85642.0, 54804.0, 71792.0, 35337.0, 26240.0, 41207.0, 96946.0, 106585.0, 61401.0, 69747.0, 21603.0, 54326.0, 71010.0, 126864.0, 74895.0, 91937.0, 46300.0, 30513.0, 107073.0, 93858.0, 129836.0, 71620.0, 70617.0, 17955.0, 90565.0, 92610.0, 147148.0, 119807.0, 55662.0, 36080.0, 49704.0, 124752.0, 97568.0, 123630.0, 63595.0, 49435.0, 54145.0, 71736.0, 132075.0, 78184.0, 93664.0, 37934.0, 34690.0, 57201.0, 121393.0, 79268.0, 101158.0, 62839.0, 15248.0, 71532.0, 71911.0, 113696.0, 64802.0, 72052.0, 21867.0, 45418.0, 92454.0, 69407.0, 89739.0, 47411.0, 38276.0, 21119.0, 69447.0, 59180.0, 81245.0, 46085.0, 47103.0, 23736.0, 35382.0, 70166.0, 44955.0, 58609.0, 29307.0, 19690.0, 22343.0, 48541.0, 50830.0, 29673.0, 35798.0, 12314.0, 12404.0, 14805.0, 25703.0, 15143.0, 19471.0, 10475.0]",0.9983091715908936,0.9949309509288162,1.0,0.99774670750657,15
186,model.layers.20.mlp.up_proj.weight,7.7589874267578125,7.606502532958984,0.9948688745498656,7.361145276787945,0.0723261204071399,5.972539901733398,7.559609413146973,7.451835632324219,0.0,0.9698734283447266,0.8805970149253731,122.55973815917967,3649.46923828125,328265.4375,255.0,0.0003391612553969,146776108812.34262,"(5767168, 1)",122.55973815917967,60.41083526611328,0.0,255.0,255.0,706761984.0,328265.4375,0.0003391612553969,0.999660849571228,"[13565.0, 25305.0, 18640.0, 24034.0, 13423.0, 11548.0, 17092.0, 52378.0, 43026.0, 58291.0, 48532.0, 22408.0, 26154.0, 42909.0, 85311.0, 55243.0, 71568.0, 35616.0, 26249.0, 41036.0, 97364.0, 105812.0, 61981.0, 70203.0, 21677.0, 55133.0, 70654.0, 127538.0, 75617.0, 91594.0, 45933.0, 30181.0, 106763.0, 94555.0, 130550.0, 72177.0, 70878.0, 18205.0, 89968.0, 92673.0, 147305.0, 119218.0, 55238.0, 36105.0, 50207.0, 124661.0, 96651.0, 123654.0, 63774.0, 49504.0, 54085.0, 71555.0, 131641.0, 78009.0, 94207.0, 37687.0, 34395.0, 57512.0, 121244.0, 79456.0, 100048.0, 62347.0, 15085.0, 71441.0, 72383.0, 113377.0, 65226.0, 71937.0, 22162.0, 45397.0, 91901.0, 69957.0, 88971.0, 47417.0, 38015.0, 21067.0, 69583.0, 59669.0, 81424.0, 46062.0, 47304.0, 23657.0, 35196.0, 70082.0, 44963.0, 58495.0, 28939.0, 19554.0, 22615.0, 48007.0, 50973.0, 29746.0, 35719.0, 12128.0, 12566.0, 14869.0, 25751.0, 15269.0, 19442.0, 10532.0]",0.9983704871377829,0.994805310695764,1.0,0.9977252659445156,16
33,model.layers.3.mlp.up_proj.weight,7.758848190307617,7.605954647064209,0.994866907596588,7.361113769425587,0.0735043644251359,6.2861175537109375,7.553089141845703,7.450728416442871,0.0,0.969856023788452,0.8706467661691543,122.63314819335938,3645.767822265625,328393.21875,255.0,0.0003294511407148,146773605569.65564,"(5767168, 1)",122.63314819335938,60.38019180297851,0.0,255.0,255.0,707183232.0,328393.21875,0.0003294511407148,0.9996705651283264,"[13432.0, 25175.0, 18457.0, 23821.0, 13408.0, 11475.0, 17286.0, 51996.0, 42782.0, 57975.0, 48523.0, 22539.0, 26413.0, 43309.0, 85019.0, 55237.0, 71381.0, 34929.0, 26045.0, 41440.0, 96741.0, 105921.0, 61581.0, 69380.0, 21626.0, 55183.0, 70461.0, 127040.0, 75293.0, 91915.0, 46120.0, 30434.0, 105493.0, 94886.0, 130009.0, 72072.0, 70106.0, 17734.0, 90277.0, 93242.0, 147651.0, 119076.0, 55744.0, 36537.0, 50369.0, 124850.0, 98357.0, 123606.0, 63307.0, 49837.0, 54443.0, 71738.0, 132533.0, 79074.0, 94144.0, 38037.0, 34763.0, 57465.0, 121143.0, 79176.0, 100621.0, 62085.0, 15007.0, 71329.0, 72508.0, 113200.0, 64532.0, 72062.0, 21929.0, 45629.0, 91470.0, 69615.0, 89452.0, 47236.0, 38524.0, 20895.0, 69600.0, 59453.0, 81436.0, 45890.0, 47339.0, 23708.0, 35151.0, 70202.0, 44836.0, 58471.0, 29013.0, 19636.0, 22573.0, 47882.0, 50924.0, 29791.0, 36374.0, 12454.0, 12449.0, 14938.0, 25689.0, 15220.0, 19434.0, 10605.0]",0.9983427717512632,0.9947883444528303,1.0,0.9977103720680311,17
104,model.layers.11.mlp.gate_proj.weight,7.755087852478027,7.599791526794434,0.994844913482666,7.35750680141659,0.0733117344894466,6.12891960144043,7.542876243591309,7.449220657348633,0.0,0.9693859815597534,0.7910447761194029,122.75430297851562,3641.372802734375,328614.8125,255.0,0.0003242492675781,146841280121.73395,"(5767168, 1)",122.75430297851562,60.343788146972656,0.0,255.0,255.0,707883968.0,328614.8125,0.0003242492675781,0.999675750732422,"[13338.0, 25009.0, 18781.0, 23827.0, 13035.0, 10941.0, 16955.0, 51935.0, 42403.0, 57564.0, 47496.0, 21929.0, 26046.0, 42985.0, 85064.0, 54870.0, 71117.0, 35324.0, 25668.0, 40926.0, 97396.0, 107209.0, 60804.0, 68907.0, 21145.0, 54441.0, 70030.0, 127949.0, 75987.0, 91519.0, 45387.0, 30476.0, 106844.0, 95266.0, 130761.0, 71677.0, 69597.0, 17923.0, 90597.0, 93688.0, 148710.0, 119810.0, 54329.0, 35572.0, 49767.0, 125432.0, 98910.0, 124311.0, 63106.0, 48479.0, 53932.0, 72025.0, 133307.0, 78504.0, 93548.0, 37104.0, 34499.0, 57841.0, 122245.0, 80307.0, 100394.0, 61733.0, 14973.0, 71923.0, 72878.0, 114499.0, 65253.0, 71745.0, 21183.0, 45651.0, 91763.0, 70373.0, 89128.0, 47413.0, 38019.0, 21019.0, 69970.0, 60121.0, 81489.0, 45798.0, 46698.0, 23648.0, 35262.0, 70485.0, 45018.0, 58733.0, 28929.0, 19388.0, 22506.0, 48536.0, 51163.0, 29912.0, 35805.0, 12005.0, 12512.0, 14938.0, 26108.0, 15730.0, 19549.0, 10364.0]",0.9975942664838212,0.995247022669273,1.0,0.9976137630510314,18
50,model.layers.5.mlp.gate_proj.weight,7.7586140632629395,7.605313301086426,0.9948646426200868,7.358797446951609,0.0886790149480721,5.71234130859375,7.548516273498535,7.455115795135498,0.0,0.9698267579078674,0.8557213930348259,122.5461883544922,3649.063232421875,328234.0,255.0,0.0003275437920819,146731206378.83228,"(5767168, 1)",122.5461883544922,60.407474517822266,0.0,255.0,255.0,706682048.0,328234.0,0.0003275437920819,0.9996724724769592,"[13633.0, 25280.0, 18590.0, 23767.0, 13125.0, 11427.0, 17463.0, 52351.0, 42558.0, 58258.0, 48631.0, 22557.0, 26213.0, 43948.0, 85674.0, 55110.0, 71578.0, 35396.0, 26096.0, 41688.0, 97527.0, 106097.0, 61023.0, 69612.0, 21847.0, 54843.0, 70661.0, 127727.0, 75010.0, 92064.0, 45715.0, 30538.0, 106736.0, 94651.0, 130333.0, 71418.0, 69664.0, 18037.0, 90818.0, 92979.0, 148038.0, 118512.0, 55499.0, 36429.0, 50305.0, 125332.0, 98491.0, 123813.0, 63082.0, 49043.0, 54409.0, 71635.0, 132801.0, 78725.0, 92920.0, 37726.0, 34401.0, 57766.0, 121297.0, 80191.0, 99912.0, 61757.0, 15118.0, 71539.0, 72046.0, 113091.0, 64962.0, 71862.0, 21463.0, 45379.0, 92363.0, 69554.0, 88721.0, 47324.0, 38129.0, 20912.0, 68785.0, 58970.0, 81056.0, 46061.0, 46933.0, 23872.0, 35948.0, 70040.0, 44647.0, 58630.0, 29320.0, 19517.0, 22604.0, 47941.0, 51046.0, 29645.0, 35919.0, 12450.0, 12432.0, 15080.0, 25589.0, 15340.0, 19575.0, 10578.0]",0.9982961681389992,0.9945009752035595,1.0,0.9975990477808528,19
195,model.layers.21.mlp.up_proj.weight,7.758384227752685,7.605295658111572,0.994864583015442,7.359967640093104,0.0693338255502871,6.502463340759277,7.561619281768799,7.454853057861328,0.0,0.9697980284690856,0.845771144278607,122.6127471923828,3644.7587890625,328343.5625,255.0,0.000319567596307,146687839573.6482,"(5767168, 1)",122.6127471923828,60.3718376159668,0.0,255.0,255.0,707064448.0,328343.5625,0.000319567596307,0.9996804594993592,"[13531.0, 25192.0, 18518.0, 23627.0, 13083.0, 11315.0, 16944.0, 52072.0, 42196.0, 58209.0, 48816.0, 22586.0, 26244.0, 43227.0, 85501.0, 55019.0, 71820.0, 35689.0, 26058.0, 41363.0, 96885.0, 106162.0, 61744.0, 69646.0, 21561.0, 55014.0, 70864.0, 126686.0, 75211.0, 92134.0, 46592.0, 29817.0, 105960.0, 95207.0, 130369.0, 71685.0, 70435.0, 18165.0, 89949.0, 92790.0, 147991.0, 119560.0, 55386.0, 36383.0, 49658.0, 124499.0, 97716.0, 123932.0, 62997.0, 49437.0, 54482.0, 71788.0, 132887.0, 78368.0, 93612.0, 37369.0, 34712.0, 57770.0, 121421.0, 79658.0, 100548.0, 62425.0, 15248.0, 71749.0, 72192.0, 113694.0, 65036.0, 71832.0, 21683.0, 45306.0, 91460.0, 69898.0, 89437.0, 47396.0, 38217.0, 20971.0, 69208.0, 59294.0, 81561.0, 46376.0, 47117.0, 23742.0, 35859.0, 70150.0, 44925.0, 58176.0, 29221.0, 19598.0, 22901.0, 47742.0, 50675.0, 29662.0, 36094.0, 12075.0, 12635.0, 14802.0, 25586.0, 15193.0, 19371.0, 10601.0]",0.9982504187681004,0.994207047748648,1.0,0.9974858221722495,20
42,model.layers.4.mlp.up_proj.weight,7.759268760681152,7.606839656829834,0.9948700666427612,7.361452572005377,0.0684570992964501,6.250807762145996,7.538725852966309,7.450506210327148,0.0,0.969908595085144,0.8955223880597015,122.5857391357422,3644.531494140625,328279.6875,255.0,0.0003176602476742,146618134297.16144,"(5767168, 1)",122.5857391357422,60.36995315551758,0.0,255.0,255.0,706910144.0,328279.6875,0.0003176602476742,0.999682366847992,"[13762.0, 25153.0, 18763.0, 23906.0, 13071.0, 11432.0, 17292.0, 52751.0, 42584.0, 58538.0, 48279.0, 22299.0, 26490.0, 42930.0, 85124.0, 55318.0, 71561.0, 35308.0, 26206.0, 41296.0, 96638.0, 106320.0, 61428.0, 69612.0, 21745.0, 54799.0, 70317.0, 126376.0, 75054.0, 91386.0, 46270.0, 30558.0, 106370.0, 94127.0, 129547.0, 71906.0, 70281.0, 18295.0, 90612.0, 92533.0, 147651.0, 119656.0, 55408.0, 36571.0, 50642.0, 125149.0, 97916.0, 123404.0, 63913.0, 49946.0, 55053.0, 72149.0, 132220.0, 78198.0, 93849.0, 38213.0, 34855.0, 57677.0, 121641.0, 79657.0, 100309.0, 62680.0, 15204.0, 71291.0, 72358.0, 113266.0, 64940.0, 72258.0, 21695.0, 45551.0, 91548.0, 69483.0, 89100.0, 47552.0, 38064.0, 20848.0, 69299.0, 59540.0, 81153.0, 45683.0, 47131.0, 23741.0, 35330.0, 69650.0, 45101.0, 57964.0, 29309.0, 19518.0, 22585.0, 47857.0, 50895.0, 30165.0, 35786.0, 12331.0, 12215.0, 14765.0, 25458.0, 15254.0, 19629.0, 10657.0]",0.9984264874050655,0.9937346058792345,1.0,0.9973870310947666,21
52,model.layers.5.mlp.down_proj.weight,7.756667613983154,7.602352619171143,0.9948540925979614,7.357740044255149,0.0765824941012667,6.393890380859375,7.543860912322998,7.450148582458496,0.0,0.9695834517478944,0.8159203980099502,122.6626968383789,3642.114013671875,328427.5625,255.0,0.0003185272216796,146678779021.1672,"(5767168, 1)",122.6626968383789,60.34992980957031,0.0,255.0,255.0,707353536.0,328427.5625,0.0003185272216796,0.9996814727783204,"[13439.0, 25155.0, 18409.0, 24061.0, 13113.0, 11266.0, 16679.0, 52057.0, 42292.0, 58371.0, 48422.0, 22418.0, 26231.0, 42765.0, 85276.0, 55371.0, 72157.0, 35384.0, 25901.0, 41133.0, 96247.0, 106559.0, 61462.0, 68731.0, 21700.0, 54391.0, 70477.0, 127794.0, 75677.0, 91562.0, 45498.0, 30225.0, 106254.0, 94596.0, 130338.0, 71668.0, 69689.0, 18264.0, 89799.0, 93083.0, 148202.0, 119814.0, 55642.0, 36060.0, 49572.0, 124513.0, 98864.0, 124547.0, 63266.0, 48835.0, 53698.0, 71918.0, 133055.0, 79643.0, 93967.0, 37798.0, 34584.0, 57358.0, 122060.0, 80227.0, 100371.0, 62231.0, 15001.0, 71321.0, 72199.0, 114358.0, 65029.0, 72013.0, 21545.0, 45024.0, 91692.0, 70403.0, 90243.0, 47342.0, 38312.0, 20871.0, 69568.0, 59050.0, 81751.0, 45874.0, 46709.0, 23857.0, 35748.0, 69346.0, 44961.0, 58429.0, 28967.0, 19498.0, 22415.0, 48360.0, 50998.0, 29752.0, 35825.0, 12245.0, 12465.0, 14753.0, 25879.0, 15254.0, 19476.0, 10496.0]",0.9979087222219695,0.9941456379878983,1.0,0.9973514534032892,22
24,model.layers.2.mlp.up_proj.weight,7.758840560913086,7.605805397033691,0.9948663711547852,7.360641486688771,0.0769254556411622,5.944764137268066,7.5791168212890625,7.4506096839904785,0.0,0.9698550701141356,0.8656716417910447,122.6077117919922,3641.8154296875,328301.28125,255.0,0.000319567596307,146544488019.38733,"(5767168, 1)",122.6077117919922,60.34745788574219,0.0,255.0,255.0,707043136.0,328301.28125,0.000319567596307,0.9996804594993592,"[13525.0, 24913.0, 18604.0, 23726.0, 13340.0, 11531.0, 17069.0, 51944.0, 42795.0, 58184.0, 48587.0, 22406.0, 26243.0, 42932.0, 85402.0, 55262.0, 71401.0, 35459.0, 25981.0, 41264.0, 96764.0, 106214.0, 60844.0, 69520.0, 21809.0, 54848.0, 70263.0, 127066.0, 75091.0, 91570.0, 45884.0, 30288.0, 106695.0, 94348.0, 129719.0, 71591.0, 70851.0, 18076.0, 90730.0, 92810.0, 147646.0, 119693.0, 55767.0, 36491.0, 50235.0, 124925.0, 98596.0, 124280.0, 64320.0, 49441.0, 54683.0, 71768.0, 132821.0, 78882.0, 94410.0, 38076.0, 34984.0, 57565.0, 120935.0, 79282.0, 100008.0, 62574.0, 15493.0, 71870.0, 72567.0, 112843.0, 64693.0, 72357.0, 21800.0, 45410.0, 91286.0, 69407.0, 88970.0, 47058.0, 38257.0, 20944.0, 69388.0, 59220.0, 81412.0, 45565.0, 46986.0, 23942.0, 35388.0, 69286.0, 44896.0, 58151.0, 29232.0, 19614.0, 22388.0, 48222.0, 51173.0, 29615.0, 36188.0, 12516.0, 12371.0, 14840.0, 25618.0, 15269.0, 19453.0, 10549.0]",0.998341253099947,0.993235453061821,1.0,0.997192235387256,23
169,model.layers.18.mlp.down_proj.weight,7.756831169128418,7.602877616882324,0.9948559403419496,7.359177509619093,0.0679932364711239,6.128017425537109,7.560625076293945,7.4494194984436035,0.0,0.9696038961410522,0.8258706467661692,122.600341796875,3640.746337890625,328276.875,255.0,0.0003277171636,146480577585.64685,"(5767168, 1)",122.600341796875,60.33859634399414,0.0,255.0,255.0,706999360.0,328276.875,0.0003277171636,0.9996722936630248,"[13306.0, 24986.0, 18365.0, 23968.0, 13141.0, 11333.0, 16673.0, 52295.0, 42768.0, 58364.0, 48644.0, 22089.0, 26185.0, 43161.0, 85597.0, 54848.0, 71359.0, 35132.0, 25938.0, 41019.0, 97237.0, 106601.0, 61424.0, 69519.0, 21778.0, 55127.0, 70024.0, 127742.0, 76060.0, 92202.0, 45564.0, 30394.0, 106579.0, 94982.0, 130426.0, 72071.0, 70446.0, 18005.0, 89229.0, 93254.0, 147729.0, 119640.0, 55464.0, 36178.0, 49827.0, 124604.0, 97829.0, 123767.0, 63738.0, 49312.0, 54262.0, 72042.0, 132283.0, 78726.0, 94062.0, 37576.0, 34300.0, 57352.0, 121884.0, 80020.0, 100966.0, 61922.0, 15281.0, 71533.0, 72315.0, 114058.0, 65175.0, 72179.0, 21625.0, 45291.0, 91810.0, 70030.0, 90224.0, 47539.0, 38300.0, 20746.0, 69072.0, 59288.0, 81440.0, 45827.0, 46770.0, 23667.0, 35182.0, 69687.0, 44955.0, 58202.0, 29132.0, 19547.0, 22409.0, 47738.0, 50806.0, 30060.0, 35927.0, 12176.0, 12504.0, 14853.0, 25505.0, 15110.0, 19507.0, 10380.0]",0.997941278309559,0.9928022869327531,1.0,0.9969145217474374,24
158,model.layers.17.mlp.gate_proj.weight,7.757134914398193,7.6031365394592285,0.994856894016266,7.358225140974603,0.081612564981596,6.375879287719727,7.532727241516113,7.450804710388184,0.0,0.9696418642997742,0.835820895522388,122.490234375,3644.7919921875,328076.46875,255.0,0.0003157528990413,146423958711.6613,"(5767168, 1)",122.490234375,60.37211227416992,0.0,255.0,255.0,706362752.0,328076.46875,0.0003157528990413,0.9996842741966248,"[13585.0, 25103.0, 18681.0, 24033.0, 13104.0, 11154.0, 17176.0, 52698.0, 43097.0, 58076.0, 47799.0, 22237.0, 26722.0, 43408.0, 86029.0, 55064.0, 71243.0, 35968.0, 26317.0, 41276.0, 97513.0, 106538.0, 61498.0, 69049.0, 21516.0, 55206.0, 71197.0, 128082.0, 75958.0, 91656.0, 45964.0, 30614.0, 107210.0, 95009.0, 129885.0, 71511.0, 69900.0, 18099.0, 91150.0, 93181.0, 148283.0, 118998.0, 54871.0, 35787.0, 50365.0, 124933.0, 99070.0, 123387.0, 62443.0, 49048.0, 55268.0, 71712.0, 132943.0, 78528.0, 92905.0, 37044.0, 34501.0, 58047.0, 121902.0, 79719.0, 99631.0, 61626.0, 15249.0, 71912.0, 72504.0, 112982.0, 64351.0, 71763.0, 21168.0, 45683.0, 92043.0, 69423.0, 89359.0, 46916.0, 37620.0, 21079.0, 69251.0, 59782.0, 81457.0, 45642.0, 46938.0, 23642.0, 35667.0, 70199.0, 44668.0, 57754.0, 28981.0, 19459.0, 22750.0, 48318.0, 50540.0, 29464.0, 35581.0, 12420.0, 12538.0, 14903.0, 25771.0, 15510.0, 19139.0, 10225.0]",0.9980017396150828,0.9924185408518533,1.0,0.9968067601556454,25
23,model.layers.2.mlp.gate_proj.weight,7.75886869430542,7.6061110496521,0.9948674440383912,7.361008022488519,0.073098481150843,6.211848258972168,7.548925399780273,7.450857162475586,0.0,0.9698585867881776,0.8756218905472637,122.4648666381836,3644.89306640625,328022.84375,255.0,0.0003230354923289,146372698537.85342,"(5767168, 1)",122.4648666381836,60.37295150756836,0.0,255.0,255.0,706211072.0,328022.84375,0.0003230354923289,0.9996769428253174,"[13467.0, 25164.0, 18533.0, 23672.0, 13299.0, 11507.0, 17464.0, 52399.0, 42914.0, 58628.0, 48196.0, 22366.0, 26453.0, 43488.0, 85803.0, 55435.0, 71143.0, 35419.0, 26490.0, 41424.0, 97650.0, 106454.0, 61346.0, 69797.0, 21579.0, 55467.0, 70780.0, 127549.0, 75450.0, 92460.0, 46053.0, 30656.0, 106724.0, 94645.0, 130082.0, 71755.0, 70073.0, 18229.0, 90562.0, 93382.0, 147391.0, 119428.0, 55361.0, 36385.0, 50559.0, 125028.0, 97779.0, 124199.0, 63469.0, 49635.0, 54541.0, 72042.0, 131914.0, 78038.0, 93380.0, 37770.0, 34945.0, 57794.0, 120800.0, 79214.0, 100131.0, 62432.0, 15239.0, 71900.0, 71937.0, 113165.0, 64432.0, 71592.0, 21644.0, 45482.0, 91184.0, 69537.0, 88170.0, 47293.0, 38262.0, 21084.0, 68990.0, 59451.0, 80599.0, 45995.0, 46956.0, 23790.0, 35647.0, 69577.0, 45097.0, 58552.0, 29142.0, 19782.0, 22900.0, 47772.0, 50381.0, 29700.0, 35688.0, 12302.0, 12420.0, 14708.0, 25800.0, 15146.0, 19294.0, 10366.0]",0.9983468531266756,0.9920711144652031,1.0,0.9968059891972928,26
16,model.layers.1.mlp.down_proj.weight,7.754824638366699,7.598785877227783,0.9948413372039796,7.354527087162503,0.0915189170358617,6.0310845375061035,7.552693367004395,7.449033737182617,0.0,0.9693530797958374,0.7711442786069652,122.62195587158205,3638.93701171875,328310.0625,255.0,0.0003053491818718,146451673702.29288,"(5767168, 1)",122.62195587158205,60.32360076904297,0.0,255.0,255.0,707121792.0,328310.0625,0.0003053491818718,0.9996946454048156,"[13143.0, 24905.0, 18589.0, 24087.0, 13078.0, 11461.0, 16791.0, 51865.0, 43170.0, 58586.0, 48293.0, 22095.0, 26032.0, 42471.0, 85279.0, 55627.0, 71610.0, 35064.0, 25898.0, 40782.0, 96626.0, 106718.0, 61869.0, 68813.0, 21559.0, 54404.0, 70389.0, 128041.0, 75405.0, 91637.0, 45718.0, 30133.0, 106232.0, 95619.0, 130976.0, 72043.0, 69187.0, 17752.0, 89589.0, 92619.0, 149447.0, 119854.0, 55344.0, 35448.0, 49159.0, 125119.0, 99906.0, 125402.0, 63017.0, 48941.0, 53879.0, 71669.0, 133908.0, 78987.0, 93562.0, 37212.0, 34352.0, 56898.0, 122356.0, 80819.0, 100810.0, 62045.0, 15016.0, 71164.0, 72330.0, 115206.0, 65095.0, 72196.0, 21513.0, 44989.0, 91768.0, 69816.0, 89724.0, 46987.0, 37922.0, 20759.0, 68861.0, 59639.0, 81737.0, 45812.0, 46911.0, 23485.0, 35359.0, 69513.0, 45274.0, 58342.0, 28892.0, 19443.0, 22456.0, 47448.0, 50934.0, 30067.0, 35821.0, 12211.0, 12335.0, 14929.0, 25943.0, 15424.0, 19136.0, 10422.0]",0.9975418730134145,0.992606384909645,1.0,0.9967160859743531,27
187,model.layers.20.mlp.down_proj.weight,7.754905700683594,7.599543571472168,0.9948440194129944,7.358178987167776,0.0657454733019325,6.433623790740967,7.567208290100098,7.448668003082275,0.0,0.9693632125854492,0.7761194029850746,122.6073989868164,3635.10595703125,328245.375,255.0,0.000322688720189,146248764091.28763,"(5767168, 1)",122.6073989868164,60.291839599609375,0.0,255.0,255.0,707038528.0,328245.375,0.000322688720189,0.999677300453186,"[13391.0, 25037.0, 18702.0, 23745.0, 13018.0, 11149.0, 16828.0, 51701.0, 42358.0, 58119.0, 47585.0, 22386.0, 25958.0, 42871.0, 85431.0, 55286.0, 71671.0, 35427.0, 26047.0, 40305.0, 97248.0, 106803.0, 61729.0, 69157.0, 21581.0, 54581.0, 70484.0, 127732.0, 76069.0, 92199.0, 45779.0, 29932.0, 106764.0, 95108.0, 131051.0, 72036.0, 70045.0, 17962.0, 89539.0, 93268.0, 148825.0, 119840.0, 55005.0, 36002.0, 49423.0, 125397.0, 98690.0, 124626.0, 63478.0, 49049.0, 54189.0, 71889.0, 133267.0, 79103.0, 94049.0, 37774.0, 34277.0, 57124.0, 121862.0, 80507.0, 100624.0, 62157.0, 14986.0, 71991.0, 72853.0, 114047.0, 65317.0, 71374.0, 21583.0, 45197.0, 91624.0, 69853.0, 90142.0, 47431.0, 37571.0, 20681.0, 68763.0, 59550.0, 81882.0, 45783.0, 46850.0, 23417.0, 34998.0, 69652.0, 44876.0, 58561.0, 29049.0, 19401.0, 22183.0, 48123.0, 50827.0, 29798.0, 35761.0, 12116.0, 12168.0, 14868.0, 25593.0, 15360.0, 19360.0, 10340.0]",0.9975580086836484,0.9912311232253521,1.0,0.9962630439696669,28
159,model.layers.17.mlp.up_proj.weight,7.755058288574219,7.59910249710083,0.9948424696922302,7.356585672760213,0.079355253532735,6.238328456878662,7.547821998596191,7.448616027832031,0.0,0.9693822860717772,0.7810945273631841,122.5957489013672,3632.22900390625,328195.78125,255.0,0.0003062161558773,146099462707.80423,"(5767168, 1)",122.5957489013672,60.267974853515625,0.0,255.0,255.0,706977984.0,328195.78125,0.0003062161558773,0.9996938109397888,"[13196.0, 25075.0, 18573.0, 23756.0, 13064.0, 11322.0, 17002.0, 51605.0, 42636.0, 58212.0, 48414.0, 22551.0, 26229.0, 42680.0, 85632.0, 55004.0, 71521.0, 34904.0, 25638.0, 40733.0, 95902.0, 106577.0, 61097.0, 68831.0, 21823.0, 54467.0, 70229.0, 127956.0, 75554.0, 91686.0, 45515.0, 29792.0, 106630.0, 94777.0, 130932.0, 71941.0, 69949.0, 18270.0, 89528.0, 93641.0, 149654.0, 120498.0, 55460.0, 36202.0, 49698.0, 125979.0, 99882.0, 124976.0, 63472.0, 49175.0, 54034.0, 72413.0, 134439.0, 79230.0, 94358.0, 37916.0, 34510.0, 56997.0, 123001.0, 80182.0, 100548.0, 61991.0, 15208.0, 71291.0, 71975.0, 113627.0, 64350.0, 71933.0, 21827.0, 45059.0, 91379.0, 69838.0, 89427.0, 47192.0, 37756.0, 20496.0, 68538.0, 59475.0, 81607.0, 45626.0, 46578.0, 23414.0, 35236.0, 69845.0, 44779.0, 58083.0, 28747.0, 19626.0, 22457.0, 47760.0, 50803.0, 29730.0, 35551.0, 12337.0, 12365.0, 14569.0, 25765.0, 15636.0, 19454.0, 10370.0]",0.997588381709971,0.9902192023454124,1.0,0.9959358613517945,29
78,model.layers.8.mlp.up_proj.weight,7.754009246826172,7.5969157218933105,0.9948346614837646,7.355683256491003,0.0803043515811036,5.427947998046875,7.566617965698242,7.447960376739502,0.0,0.9692511558532716,0.7611940298507462,122.6328125,3629.786376953125,328251.34375,255.0,0.0003199143975507,146068075833.0956,"(5767168, 1)",122.6328125,60.24770736694336,0.0,255.0,255.0,707183296.0,328251.34375,0.0003199143975507,0.9996801018714904,"[13366.0, 24990.0, 18623.0, 24118.0, 13163.0, 11336.0, 16844.0, 51824.0, 42472.0, 58364.0, 48129.0, 22231.0, 26153.0, 42211.0, 85031.0, 55263.0, 71210.0, 34868.0, 25648.0, 40418.0, 96366.0, 106164.0, 61015.0, 68245.0, 21204.0, 54209.0, 70115.0, 127626.0, 75868.0, 90933.0, 45493.0, 29986.0, 106081.0, 95420.0, 131268.0, 71974.0, 69778.0, 18028.0, 89484.0, 93502.0, 151236.0, 120364.0, 55397.0, 36278.0, 49698.0, 126003.0, 100226.0, 125690.0, 63460.0, 49624.0, 54504.0, 72274.0, 134443.0, 79915.0, 94382.0, 37446.0, 34469.0, 57012.0, 122318.0, 80826.0, 100717.0, 62091.0, 15091.0, 71171.0, 72483.0, 114269.0, 65283.0, 71717.0, 21522.0, 44689.0, 91073.0, 70124.0, 89567.0, 46765.0, 37614.0, 20553.0, 68487.0, 59005.0, 81436.0, 45757.0, 46641.0, 23370.0, 34965.0, 69502.0, 45121.0, 58034.0, 29100.0, 19277.0, 22005.0, 48077.0, 50876.0, 29690.0, 35804.0, 12023.0, 12267.0, 15130.0, 25829.0, 15607.0, 19475.0, 10375.0]",0.9973795671540022,0.990006471336947,1.0,0.9957953461636496,30
79,model.layers.8.mlp.down_proj.weight,7.752774715423584,7.595293998718262,0.9948288202285768,7.352907330432737,0.0847327271478401,6.296939849853516,7.546814918518066,7.447328090667725,0.0,0.969096839427948,0.7263681592039801,122.64069366455078,3629.615966796875,328271.03125,255.0,0.0003251162415836,146078605832.1368,"(5767168, 1)",122.64069366455078,60.24629211425781,0.0,255.0,255.0,707232576.0,328271.03125,0.0003251162415836,0.9996748566627502,"[13285.0, 25150.0, 18679.0, 23933.0, 13241.0, 11267.0, 16796.0, 51670.0, 42447.0, 58069.0, 48123.0, 21758.0, 26099.0, 42720.0, 85290.0, 54537.0, 71255.0, 35046.0, 25285.0, 40411.0, 96694.0, 106686.0, 61409.0, 69104.0, 21451.0, 53855.0, 69973.0, 127465.0, 75500.0, 91206.0, 45330.0, 29929.0, 105922.0, 95529.0, 132147.0, 72527.0, 69847.0, 17949.0, 89227.0, 93133.0, 150631.0, 120698.0, 55153.0, 35832.0, 49267.0, 125957.0, 101358.0, 125672.0, 63911.0, 48667.0, 53967.0, 71644.0, 134769.0, 79780.0, 93920.0, 37311.0, 34551.0, 57271.0, 122671.0, 80561.0, 100545.0, 61552.0, 15003.0, 70843.0, 72496.0, 114486.0, 65167.0, 71489.0, 21566.0, 45211.0, 91942.0, 70060.0, 90344.0, 46974.0, 37878.0, 20487.0, 68417.0, 59315.0, 81908.0, 45452.0, 46193.0, 23079.0, 35286.0, 69691.0, 45141.0, 58188.0, 28808.0, 19377.0, 22210.0, 47772.0, 51005.0, 29741.0, 35731.0, 12210.0, 12099.0, 14958.0, 26014.0, 15514.0, 19216.0, 10265.0]",0.9971338303879093,0.9900778405744378,1.0,0.9957372236541158,31
68,model.layers.7.mlp.gate_proj.weight,7.7508368492126465,7.590770721435547,0.9948126077651978,7.345549084584821,0.1308082210398077,5.5204668045043945,7.53607702255249,7.444634914398193,0.0,0.9688546061515808,0.6915422885572139,122.7998275756836,3622.08349609375,328545.78125,255.0,0.000325983215589,146086644431.25494,"(5767168, 1)",122.7998275756836,60.183746337890625,0.0,255.0,255.0,708160768.0,328545.78125,0.000325983215589,0.9996740221977234,"[13301.0, 24655.0, 18531.0, 23842.0, 12835.0, 10998.0, 16560.0, 50907.0, 42133.0, 57747.0, 47351.0, 21844.0, 25531.0, 42364.0, 84630.0, 54495.0, 70297.0, 34757.0, 25736.0, 40273.0, 95821.0, 106030.0, 60835.0, 68885.0, 21121.0, 53650.0, 70268.0, 127895.0, 75633.0, 91480.0, 45828.0, 29721.0, 106171.0, 95212.0, 132560.0, 71555.0, 69281.0, 18046.0, 89404.0, 92796.0, 153681.0, 120988.0, 54885.0, 35717.0, 48906.0, 125341.0, 104706.0, 126398.0, 62940.0, 48791.0, 53299.0, 71667.0, 137066.0, 80654.0, 93675.0, 37107.0, 33938.0, 56534.0, 122835.0, 82145.0, 100806.0, 61530.0, 15061.0, 71367.0, 71954.0, 114936.0, 65866.0, 71496.0, 21477.0, 44251.0, 91144.0, 69662.0, 89999.0, 46886.0, 37975.0, 20350.0, 68684.0, 59127.0, 81490.0, 45857.0, 46592.0, 23277.0, 34853.0, 69822.0, 45145.0, 58183.0, 29302.0, 19844.0, 22145.0, 47696.0, 51073.0, 30029.0, 35777.0, 12280.0, 12266.0, 14815.0, 26243.0, 15505.0, 19652.0, 10499.0]",0.9967480929536099,0.9901323238357668,1.0,0.9956268055964589,32
6,model.layers.0.mlp.up_proj.weight,7.75325870513916,7.595242977142334,0.9948286414146424,7.353909147606993,0.0728623264505222,6.754545211791992,7.550910949707031,7.4463114738464355,0.0,0.969157338142395,0.746268656716418,122.60855102539062,3628.25830078125,328189.59375,255.0,0.0003278905642218,145949072506.4595,"(5767168, 1)",122.60855102539062,60.23502731323242,0.0,255.0,255.0,707051072.0,328189.59375,0.0003278905642218,0.9996721148490906,"[13330.0, 24982.0, 18593.0, 24091.0, 13388.0, 11327.0, 16968.0, 51527.0, 42398.0, 58364.0, 48105.0, 22165.0, 25961.0, 42334.0, 85229.0, 55501.0, 70674.0, 35160.0, 25918.0, 40591.0, 95375.0, 105841.0, 60769.0, 68436.0, 21347.0, 54558.0, 70275.0, 128211.0, 75656.0, 91104.0, 45394.0, 29990.0, 105965.0, 95482.0, 132257.0, 72023.0, 69601.0, 17881.0, 89660.0, 93761.0, 151813.0, 119911.0, 54744.0, 35902.0, 49671.0, 126085.0, 100994.0, 126415.0, 63705.0, 49215.0, 53930.0, 71813.0, 136835.0, 79813.0, 94080.0, 37567.0, 34589.0, 57142.0, 121666.0, 81493.0, 100353.0, 62103.0, 15040.0, 71113.0, 71754.0, 113936.0, 64673.0, 71426.0, 21418.0, 44696.0, 90986.0, 69843.0, 89072.0, 47095.0, 37533.0, 20564.0, 68517.0, 59212.0, 81724.0, 45564.0, 46411.0, 23109.0, 35414.0, 69242.0, 44937.0, 58263.0, 29112.0, 19604.0, 22467.0, 47671.0, 50883.0, 29570.0, 35699.0, 12357.0, 12410.0, 14797.0, 26019.0, 15277.0, 19299.0, 10430.0]",0.9972301698307768,0.9891999017781408,1.0,0.9954766905363058,33
51,model.layers.5.mlp.up_proj.weight,7.754647254943848,7.598052024841309,0.9948387145996094,7.354908080263571,0.0909986782424348,5.668623924255371,7.554059982299805,7.44670295715332,0.0,0.969330906867981,0.7661691542288557,122.61880493164062,3625.74365234375,328186.34375,255.0,0.0003266767889726,145858849237.87518,"(5767168, 1)",122.61880493164062,60.214149475097656,0.0,255.0,255.0,707105984.0,328186.34375,0.0003266767889726,0.999673306941986,"[13252.0, 25163.0, 18577.0, 24247.0, 13088.0, 11299.0, 16923.0, 51910.0, 42443.0, 57973.0, 47805.0, 22295.0, 25930.0, 42912.0, 84544.0, 54936.0, 71045.0, 35380.0, 25800.0, 40437.0, 95832.0, 104772.0, 61232.0, 69097.0, 21409.0, 54526.0, 69717.0, 127508.0, 75262.0, 91668.0, 45591.0, 30194.0, 106372.0, 94918.0, 132005.0, 72287.0, 69507.0, 18246.0, 89855.0, 93360.0, 150358.0, 120769.0, 55134.0, 36397.0, 50162.0, 125672.0, 100258.0, 125686.0, 63689.0, 49520.0, 54770.0, 72126.0, 135510.0, 80084.0, 93701.0, 37801.0, 34603.0, 57120.0, 122069.0, 80803.0, 101261.0, 62441.0, 15069.0, 70987.0, 72347.0, 114153.0, 65278.0, 71977.0, 21702.0, 45142.0, 90727.0, 69601.0, 89191.0, 46829.0, 37976.0, 20521.0, 68646.0, 58883.0, 80725.0, 45795.0, 46874.0, 23589.0, 34804.0, 69480.0, 44521.0, 58135.0, 29279.0, 19814.0, 22134.0, 47599.0, 50863.0, 29472.0, 35513.0, 12185.0, 12407.0, 14950.0, 25523.0, 15522.0, 19358.0, 10346.0]",0.9975065643703142,0.9885883949909513,1.0,0.9953649864537552,34
15,model.layers.1.mlp.up_proj.weight,7.753700256347656,7.597042083740234,0.994835078716278,7.357017946133221,0.0683298335688802,5.799115180969238,7.570737361907959,7.446525573730469,0.0,0.969212532043457,0.7562189054726368,122.63320922851562,3624.3076171875,328204.125,255.0,0.0003166198730468,145827574541.8849,"(5767168, 1)",122.63320922851562,60.20222091674805,0.0,255.0,255.0,707188416.0,328204.125,0.0003166198730468,0.9996833801269532,"[13187.0, 24868.0, 18406.0, 24159.0, 13191.0, 11013.0, 16845.0, 51033.0, 42961.0, 58219.0, 47901.0, 22263.0, 25809.0, 42380.0, 85001.0, 55255.0, 70322.0, 34879.0, 25721.0, 40689.0, 95916.0, 106426.0, 61446.0, 68709.0, 21289.0, 54460.0, 70163.0, 127165.0, 75686.0, 90933.0, 45626.0, 30111.0, 106306.0, 95780.0, 131801.0, 71896.0, 69997.0, 17993.0, 90825.0, 93649.0, 150088.0, 120184.0, 55653.0, 36236.0, 50190.0, 126398.0, 98918.0, 125798.0, 63996.0, 49293.0, 54944.0, 72146.0, 134614.0, 79598.0, 94486.0, 37590.0, 34481.0, 57231.0, 122559.0, 80851.0, 101301.0, 62334.0, 15237.0, 71119.0, 71875.0, 113811.0, 65308.0, 71848.0, 21603.0, 45135.0, 91366.0, 69696.0, 89375.0, 46793.0, 37657.0, 20711.0, 68103.0, 59396.0, 81232.0, 46040.0, 46104.0, 23127.0, 35164.0, 69039.0, 44931.0, 58487.0, 28544.0, 19343.0, 22286.0, 47989.0, 51130.0, 29750.0, 35862.0, 12154.0, 12380.0, 14804.0, 25839.0, 15238.0, 19344.0, 10180.0]",0.9973180617756984,0.9883764242968561,1.0,0.9952314953575181,35
97,model.layers.10.mlp.down_proj.weight,7.752179622650147,7.594322204589844,0.9948253631591796,7.353466562080112,0.0796798363213354,6.365723609924316,7.542813301086426,7.448949337005615,0.0,0.9690224528312684,0.7164179104477612,122.62971496582033,3623.676513671875,328192.96875,255.0,0.0003187006223015,145792767649.39017,"(5767168, 1)",122.62971496582033,60.19697952270508,0.0,255.0,255.0,707172288.0,328192.96875,0.0003187006223015,0.999681293964386,"[13207.0, 24948.0, 18651.0, 23934.0, 13132.0, 11233.0, 16475.0, 51028.0, 42154.0, 58436.0, 47711.0, 22157.0, 26078.0, 42467.0, 84829.0, 55120.0, 71124.0, 35006.0, 25769.0, 40515.0, 96347.0, 106473.0, 61387.0, 69048.0, 21379.0, 54083.0, 70319.0, 128282.0, 75987.0, 91830.0, 45293.0, 29527.0, 106026.0, 95593.0, 132058.0, 71854.0, 69876.0, 18028.0, 89532.0, 94041.0, 150078.0, 121004.0, 55171.0, 35684.0, 49267.0, 125644.0, 100104.0, 125856.0, 63185.0, 49101.0, 53846.0, 72429.0, 135021.0, 79773.0, 94316.0, 37164.0, 34227.0, 56968.0, 123090.0, 80810.0, 101172.0, 61996.0, 15389.0, 71142.0, 72480.0, 114707.0, 65410.0, 71400.0, 21278.0, 44973.0, 92045.0, 70332.0, 89858.0, 46984.0, 37801.0, 20544.0, 68493.0, 59307.0, 81348.0, 46119.0, 46349.0, 23085.0, 35074.0, 69774.0, 44911.0, 58182.0, 28824.0, 19333.0, 22120.0, 47638.0, 50669.0, 29563.0, 35732.0, 12179.0, 12276.0, 14864.0, 25634.0, 15179.0, 18981.0, 10348.0]",0.9970153755852506,0.9881405134133837,1.0,0.9950519629995448,36
96,model.layers.10.mlp.up_proj.weight,7.753227233886719,7.596060752868652,0.9948315620422364,7.355670893734152,0.0705453193393287,6.1685686111450195,7.548583984375,7.446399688720703,0.0,0.9691534042358398,0.7412935323383084,122.6298599243164,3621.396240234375,328171.40625,255.0,0.000311591400532,145692660180.99503,"(5767168, 1)",122.6298599243164,60.178035736083984,0.0,255.0,255.0,707166336.0,328171.40625,0.000311591400532,0.9996883869171144,"[13295.0, 24935.0, 18687.0, 24062.0, 13185.0, 10984.0, 16893.0, 51289.0, 42225.0, 58845.0, 47948.0, 22161.0, 25642.0, 41751.0, 84968.0, 55004.0, 70816.0, 34873.0, 25549.0, 40733.0, 96208.0, 106099.0, 61189.0, 68300.0, 20970.0, 54082.0, 70075.0, 127348.0, 75589.0, 91502.0, 45678.0, 30183.0, 106408.0, 95387.0, 131979.0, 72134.0, 69551.0, 18062.0, 90401.0, 94246.0, 150011.0, 121374.0, 55447.0, 36017.0, 49925.0, 126267.0, 99156.0, 126232.0, 64007.0, 49685.0, 54700.0, 71941.0, 134363.0, 79791.0, 94269.0, 37735.0, 34830.0, 57300.0, 122377.0, 80790.0, 100475.0, 62147.0, 15167.0, 70870.0, 72782.0, 114959.0, 65552.0, 71816.0, 21851.0, 44911.0, 91158.0, 70324.0, 89809.0, 47028.0, 37969.0, 20615.0, 68357.0, 59418.0, 81517.0, 45426.0, 45911.0, 23419.0, 34646.0, 69170.0, 45101.0, 57587.0, 28591.0, 19603.0, 21891.0, 47665.0, 50885.0, 29330.0, 35430.0, 12162.0, 12239.0, 14693.0, 25981.0, 15647.0, 19352.0, 10261.0]",0.9972239053940978,0.9874620144260102,1.0,0.9948953066067027,37
14,model.layers.1.mlp.gate_proj.weight,7.752967834472656,7.595783710479736,0.99483060836792,7.355103219097311,0.0704773534100354,5.808683395385742,7.548206329345703,7.44467306137085,0.0,0.969120979309082,0.736318407960199,122.62612915039062,3617.586181640625,328131.46875,255.0,0.0003171400458086,145516430827.6815,"(5767168, 1)",122.62612915039062,60.1463737487793,0.0,255.0,255.0,707146304.0,328131.46875,0.0003171400458086,0.99968284368515,"[13143.0, 24462.0, 18524.0, 23568.0, 13012.0, 11239.0, 16807.0, 51151.0, 42367.0, 57486.0, 47154.0, 21884.0, 25880.0, 42561.0, 85141.0, 55318.0, 70724.0, 35172.0, 26130.0, 40679.0, 96305.0, 105994.0, 61199.0, 68955.0, 21629.0, 54738.0, 70618.0, 128166.0, 75723.0, 91930.0, 45725.0, 30253.0, 106665.0, 95406.0, 131639.0, 71959.0, 70354.0, 18145.0, 89941.0, 93437.0, 150106.0, 119941.0, 55581.0, 36151.0, 49398.0, 126119.0, 99839.0, 125533.0, 63660.0, 49461.0, 54654.0, 72023.0, 134626.0, 79687.0, 93895.0, 37805.0, 34538.0, 57420.0, 122377.0, 80836.0, 100764.0, 62065.0, 15099.0, 71206.0, 72835.0, 115266.0, 65613.0, 71574.0, 21716.0, 44718.0, 91547.0, 70108.0, 89486.0, 46540.0, 37998.0, 20401.0, 69027.0, 59493.0, 81167.0, 45603.0, 46204.0, 23534.0, 35266.0, 69735.0, 45191.0, 57797.0, 28752.0, 19526.0, 22424.0, 47891.0, 50346.0, 29635.0, 35168.0, 11918.0, 12386.0, 14564.0, 25559.0, 15035.0, 19028.0, 10150.0]",0.997172271249349,0.9862675836838727,1.0,0.9944799516444073,38
105,model.layers.11.mlp.up_proj.weight,7.752585411071777,7.595232009887695,0.9948285818099976,7.355252249335701,0.0703338899098093,6.437234401702881,7.546093940734863,7.445900440216064,0.0,0.9690731763839722,0.7213930348258707,122.59748077392578,3618.948974609375,328079.59375,255.0,0.0003242492675781,145513196794.6301,"(5767168, 1)",122.59748077392578,60.15769958496094,0.0,255.0,255.0,706987200.0,328079.59375,0.0003242492675781,0.999675750732422,"[13127.0, 24849.0, 18696.0, 24012.0, 13342.0, 11353.0, 16770.0, 51683.0, 42557.0, 58303.0, 47684.0, 22080.0, 25682.0, 42085.0, 84894.0, 55096.0, 70248.0, 35059.0, 25500.0, 40366.0, 96525.0, 106687.0, 60747.0, 68674.0, 21227.0, 54307.0, 70413.0, 128087.0, 75530.0, 91110.0, 45490.0, 29754.0, 106500.0, 95697.0, 131592.0, 72124.0, 69543.0, 18281.0, 90300.0, 94071.0, 149698.0, 120473.0, 55601.0, 36386.0, 49968.0, 125980.0, 99185.0, 126127.0, 63748.0, 49687.0, 54731.0, 72396.0, 135357.0, 79724.0, 94600.0, 37663.0, 34728.0, 57324.0, 122507.0, 81104.0, 100827.0, 62155.0, 15099.0, 71491.0, 72076.0, 114650.0, 65276.0, 72076.0, 21207.0, 44903.0, 91350.0, 70660.0, 89948.0, 47161.0, 37500.0, 20406.0, 68138.0, 59083.0, 81576.0, 45534.0, 46241.0, 23017.0, 35011.0, 69417.0, 45038.0, 57942.0, 28884.0, 19296.0, 22030.0, 47859.0, 50449.0, 29603.0, 35263.0, 12028.0, 12116.0, 14598.0, 25575.0, 15043.0, 19226.0, 10384.0]",0.9970961488521276,0.9862456643587146,1.0,0.9944472710702806,39
194,model.layers.21.mlp.gate_proj.weight,7.752955913543701,7.595778465270996,0.9948305487632751,7.355036368127912,0.0713807411699326,6.535032272338867,7.555951118469238,7.447029113769531,0.0,0.9691194891929626,0.7313432835820896,122.44422149658205,3625.53271484375,327808.96875,255.0,0.0003289309388492,145474903505.0952,"(5767168, 1)",122.44422149658205,60.212398529052734,0.0,255.0,255.0,706101760.0,327808.96875,0.0003289309388492,0.9996710419654846,"[13299.0, 24814.0, 18428.0, 23835.0, 13244.0, 11439.0, 17185.0, 51558.0, 42345.0, 58196.0, 48209.0, 22413.0, 25967.0, 43219.0, 85590.0, 55404.0, 71676.0, 35180.0, 26139.0, 40833.0, 96883.0, 107108.0, 61527.0, 69603.0, 21355.0, 54379.0, 71171.0, 127896.0, 75948.0, 91433.0, 45503.0, 29797.0, 106499.0, 95838.0, 131502.0, 72313.0, 69923.0, 17868.0, 89953.0, 94011.0, 149893.0, 120206.0, 55493.0, 35523.0, 49434.0, 125532.0, 99278.0, 125455.0, 63222.0, 48846.0, 54210.0, 71911.0, 134619.0, 79336.0, 93720.0, 37228.0, 34364.0, 57434.0, 122558.0, 80665.0, 101323.0, 61635.0, 14933.0, 71542.0, 72524.0, 114711.0, 65121.0, 71383.0, 21641.0, 44998.0, 91192.0, 70575.0, 89391.0, 46862.0, 37948.0, 20512.0, 68776.0, 59425.0, 80635.0, 46026.0, 46124.0, 23536.0, 34926.0, 69066.0, 44739.0, 58230.0, 28444.0, 19291.0, 22058.0, 47481.0, 50001.0, 29297.0, 35097.0, 12113.0, 12254.0, 14702.0, 25667.0, 15001.0, 19259.0, 10319.0]",0.9971698983566676,0.9859861237011679,1.0,0.9943853406859452,40
149,model.layers.16.mlp.gate_proj.weight,7.750740051269531,7.591955661773682,0.9948168396949768,7.351681341332468,0.0800624548475674,6.312485694885254,7.560548305511475,7.445999622344971,0.0,0.9688425064086914,0.6865671641791045,122.5483856201172,3620.635009765625,327990.53125,255.0,0.0003181804204359,145484069691.87024,"(5767168, 1)",122.5483856201172,60.17171096801758,0.0,255.0,255.0,706698688.0,327990.53125,0.0003181804204359,0.999681830406189,"[13309.0, 25080.0, 18425.0, 24064.0, 13084.0, 11153.0, 16847.0, 51656.0, 42484.0, 58079.0, 47202.0, 21883.0, 25887.0, 42697.0, 85269.0, 54903.0, 70317.0, 34996.0, 25674.0, 40496.0, 97055.0, 106240.0, 61281.0, 68805.0, 21227.0, 54412.0, 70466.0, 129091.0, 76382.0, 92157.0, 45109.0, 29754.0, 106815.0, 96364.0, 132508.0, 72533.0, 69014.0, 17928.0, 90052.0, 94654.0, 151558.0, 119590.0, 55329.0, 35525.0, 49795.0, 125182.0, 99890.0, 125876.0, 62591.0, 48468.0, 54064.0, 72238.0, 134973.0, 79435.0, 93604.0, 37266.0, 34162.0, 57664.0, 123443.0, 81102.0, 101151.0, 61195.0, 14993.0, 71624.0, 73037.0, 114822.0, 65028.0, 71384.0, 21284.0, 45406.0, 91872.0, 69751.0, 88883.0, 47003.0, 37796.0, 20866.0, 68809.0, 59494.0, 81442.0, 45611.0, 46058.0, 23353.0, 35507.0, 69589.0, 44607.0, 57593.0, 28474.0, 18991.0, 22478.0, 47972.0, 50324.0, 29351.0, 35170.0, 11941.0, 12373.0, 14633.0, 25632.0, 15248.0, 19155.0, 10161.0]",0.9967288250650365,0.986048249420104,1.0,0.9942590248283801,41
160,model.layers.17.mlp.down_proj.weight,7.751056671142578,7.592005252838135,0.9948170185089112,7.350283161102032,0.0991344968724314,5.479615211486816,7.544686317443848,7.448554515838623,0.0,0.9688820838928224,0.7064676616915423,122.57695770263672,3618.665771484375,328031.5625,255.0,0.0003200877690687,145456759701.4687,"(5767168, 1)",122.57695770263672,60.15534591674805,0.0,255.0,255.0,706869568.0,328031.5625,0.0003200877690687,0.9996799230575562,"[13276.0, 24727.0, 18575.0, 24134.0, 13258.0, 11334.0, 16631.0, 51804.0, 42572.0, 57983.0, 47424.0, 21821.0, 25871.0, 42807.0, 84458.0, 54999.0, 70766.0, 34596.0, 25682.0, 40351.0, 96412.0, 106909.0, 61103.0, 68981.0, 21008.0, 54058.0, 70242.0, 128504.0, 75447.0, 92124.0, 45537.0, 30107.0, 106265.0, 95569.0, 132411.0, 71371.0, 69589.0, 17897.0, 89257.0, 93780.0, 152014.0, 120542.0, 54789.0, 35657.0, 49668.0, 125474.0, 102149.0, 127270.0, 63557.0, 49130.0, 53978.0, 71630.0, 135653.0, 80291.0, 93918.0, 37381.0, 34463.0, 56927.0, 122653.0, 81541.0, 101013.0, 61476.0, 15153.0, 70931.0, 72629.0, 114094.0, 65528.0, 71882.0, 21531.0, 44723.0, 91054.0, 70020.0, 89953.0, 46998.0, 37624.0, 20437.0, 68371.0, 59556.0, 81193.0, 45879.0, 46442.0, 23190.0, 34861.0, 69449.0, 44724.0, 58248.0, 28890.0, 19240.0, 21881.0, 47264.0, 50434.0, 29510.0, 35201.0, 12097.0, 12048.0, 14790.0, 25642.0, 15501.0, 19180.0, 10206.0]",0.9967918490946563,0.9858631503347941,1.0,0.9942183331431501,42
150,model.layers.16.mlp.up_proj.weight,7.750648498535156,7.591599941253662,0.9948155879974364,7.3528451047075745,0.0735665384661099,6.204087734222412,7.556328773498535,7.448178291320801,0.0,0.9688310623168944,0.681592039800995,122.65184783935548,3614.564697265625,328159.25,255.0,0.0002945986634586,145440978317.8569,"(5767168, 1)",122.65184783935548,60.12125015258789,0.0,255.0,255.0,707297600.0,328159.25,0.0002945986634586,0.9997053742408752,"[12999.0, 25083.0, 18661.0, 24061.0, 13072.0, 11009.0, 16723.0, 51182.0, 42257.0, 57802.0, 47708.0, 21856.0, 25607.0, 42323.0, 84097.0, 54859.0, 70605.0, 34266.0, 25612.0, 40155.0, 96034.0, 106570.0, 60713.0, 68291.0, 21228.0, 54037.0, 70396.0, 127664.0, 76133.0, 91667.0, 45384.0, 30506.0, 106509.0, 95440.0, 132529.0, 71884.0, 70156.0, 18128.0, 89762.0, 94084.0, 151344.0, 121428.0, 55080.0, 36195.0, 49660.0, 127290.0, 100652.0, 126708.0, 63427.0, 48634.0, 53902.0, 72066.0, 135608.0, 80279.0, 94602.0, 37416.0, 34046.0, 57165.0, 123282.0, 81387.0, 101004.0, 61840.0, 14825.0, 70842.0, 72109.0, 115290.0, 65399.0, 71883.0, 21466.0, 44475.0, 91654.0, 69946.0, 89840.0, 47319.0, 37591.0, 20559.0, 68553.0, 59450.0, 81412.0, 45798.0, 46292.0, 23203.0, 34749.0, 69019.0, 44812.0, 58084.0, 28530.0, 19214.0, 21845.0, 47495.0, 50574.0, 29615.0, 35228.0, 11933.0, 12418.0, 14925.0, 25905.0, 15335.0, 19347.0, 10167.0]",0.9967106012492426,0.985756188756686,1.0,0.994155596668643,43
87,model.layers.9.mlp.up_proj.weight,7.751008033752441,7.59174919128418,0.9948161244392396,7.352474153930829,0.0820020870720971,5.625943183898926,7.541842460632324,7.444523811340332,0.0,0.9688760042190552,0.6965174129353234,122.59333801269533,3615.639892578125,328043.5625,255.0,0.0003088170778937,145361508463.67688,"(5767168, 1)",122.59333801269533,60.13019180297851,0.0,255.0,255.0,706961152.0,328043.5625,0.0003088170778937,0.9996911883354188,"[13247.0, 24829.0, 18826.0, 23994.0, 13204.0, 11206.0, 16712.0, 51209.0, 42208.0, 58096.0, 47890.0, 21985.0, 25673.0, 42591.0, 84982.0, 54671.0, 70661.0, 34873.0, 25850.0, 40264.0, 95715.0, 106522.0, 60896.0, 68001.0, 21123.0, 54363.0, 69950.0, 127736.0, 75688.0, 90782.0, 45147.0, 30177.0, 106449.0, 96201.0, 132522.0, 72119.0, 69508.0, 18036.0, 89904.0, 94384.0, 151484.0, 121036.0, 55429.0, 36015.0, 49784.0, 126080.0, 100688.0, 126579.0, 64018.0, 49611.0, 54054.0, 72331.0, 136269.0, 80018.0, 94488.0, 37564.0, 34192.0, 57324.0, 123784.0, 81648.0, 101169.0, 62036.0, 15174.0, 70467.0, 72313.0, 115039.0, 65128.0, 71613.0, 21449.0, 44624.0, 91077.0, 70207.0, 89683.0, 46906.0, 37295.0, 20355.0, 67880.0, 58821.0, 81486.0, 45386.0, 45868.0, 23052.0, 34770.0, 69625.0, 44378.0, 57654.0, 28545.0, 19327.0, 21816.0, 47270.0, 50603.0, 29325.0, 35803.0, 12351.0, 12134.0, 14676.0, 25900.0, 15470.0, 19601.0, 10302.0]",0.9967821676925158,0.9852175654506302,1.0,0.9939999110477155,44
106,model.layers.11.mlp.down_proj.weight,7.751170635223389,7.592381000518799,0.994818389415741,7.351868327453055,0.0803968104485216,5.905086517333984,7.568205833435059,7.447829246520996,0.0,0.9688963294029236,0.7114427860696517,122.5870361328125,3613.671142578125,328013.3125,255.0,0.0003181804204359,145260132709.6157,"(5767168, 1)",122.5870361328125,60.11381912231445,0.0,255.0,255.0,706922112.0,328013.3125,0.0003181804204359,0.999681830406189,"[13272.0, 24905.0, 18605.0, 23629.0, 13033.0, 11150.0, 16887.0, 51137.0, 41785.0, 57588.0, 47611.0, 22009.0, 25994.0, 42384.0, 84328.0, 55083.0, 70428.0, 34878.0, 25608.0, 40912.0, 96496.0, 106554.0, 61299.0, 68987.0, 21298.0, 54229.0, 69722.0, 128571.0, 75875.0, 92126.0, 45128.0, 29902.0, 106405.0, 96243.0, 132208.0, 72487.0, 70119.0, 18102.0, 89834.0, 94433.0, 151205.0, 120920.0, 55018.0, 36028.0, 49839.0, 125653.0, 100651.0, 125451.0, 63589.0, 49115.0, 54639.0, 72576.0, 135079.0, 80229.0, 94194.0, 36897.0, 34335.0, 57100.0, 122576.0, 80751.0, 101290.0, 61882.0, 15306.0, 71363.0, 72934.0, 115124.0, 65523.0, 71973.0, 21512.0, 45045.0, 91452.0, 70342.0, 89324.0, 47276.0, 37762.0, 20632.0, 68176.0, 59062.0, 80999.0, 45389.0, 45959.0, 23004.0, 35114.0, 68986.0, 44880.0, 57822.0, 29031.0, 19211.0, 21903.0, 47430.0, 50101.0, 29535.0, 35419.0, 12033.0, 12361.0, 14603.0, 25406.0, 15319.0, 19227.0, 10369.0]",0.996814533948691,0.9845304703959112,1.0,0.9937816681148673,45
60,model.layers.6.mlp.up_proj.weight,7.7510271072387695,7.592245578765869,0.9948179125785828,7.352762810039249,0.0772078359016824,6.349215984344482,7.557979106903076,7.444033145904541,0.0,0.9688783884048462,0.7014925373134329,122.5859375,3613.057373046875,328004.03125,255.0,0.0003166198730468,145230276429.4033,"(5767168, 1)",122.5859375,60.10871505737305,0.0,255.0,255.0,706919168.0,328004.03125,0.0003166198730468,0.9996833801269532,"[13331.0, 24818.0, 18823.0, 24057.0, 12701.0, 10993.0, 16538.0, 51306.0, 42851.0, 57987.0, 47521.0, 22017.0, 25596.0, 42000.0, 84963.0, 55115.0, 70581.0, 34831.0, 25640.0, 40434.0, 95645.0, 106584.0, 60861.0, 68157.0, 21112.0, 54724.0, 69262.0, 127835.0, 75984.0, 91376.0, 45333.0, 29888.0, 106552.0, 95624.0, 132832.0, 72253.0, 70106.0, 17767.0, 90300.0, 94137.0, 151271.0, 120940.0, 55448.0, 36137.0, 50018.0, 126455.0, 100974.0, 126785.0, 63897.0, 49635.0, 54696.0, 72453.0, 135835.0, 80455.0, 94628.0, 37489.0, 34729.0, 57600.0, 122705.0, 80618.0, 101349.0, 61583.0, 15122.0, 70830.0, 72235.0, 114840.0, 65040.0, 71454.0, 21676.0, 44502.0, 90984.0, 69356.0, 89213.0, 46963.0, 37789.0, 20658.0, 68005.0, 58960.0, 81192.0, 45488.0, 46389.0, 23179.0, 34797.0, 69072.0, 45181.0, 57881.0, 28450.0, 19487.0, 21793.0, 47184.0, 50735.0, 29682.0, 35528.0, 12148.0, 12070.0, 14648.0, 25702.0, 15242.0, 19336.0, 10222.0]",0.9967859643208061,0.9843281133069187,1.0,0.993704692542575,46
113,model.layers.12.mlp.gate_proj.weight,7.747227191925049,7.585421085357666,0.9947932958602904,7.346883887679062,0.0897805142984872,5.88321590423584,7.556252002716064,7.442900657653809,0.0,0.9684033989906312,0.6666666666666666,122.71955871582033,3608.964111328125,328255.65625,255.0,0.000308296905132,145336485590.92325,"(5767168, 1)",122.71955871582033,60.07465362548828,0.0,255.0,255.0,707692352.0,328255.65625,0.000308296905132,0.9996917247772216,"[12805.0, 24962.0, 18673.0, 24015.0, 13151.0, 11017.0, 16293.0, 50773.0, 41923.0, 57478.0, 47216.0, 21607.0, 25438.0, 42271.0, 85465.0, 54390.0, 69797.0, 34342.0, 25310.0, 40408.0, 95732.0, 106668.0, 60731.0, 67998.0, 20855.0, 53667.0, 70090.0, 128512.0, 75951.0, 91343.0, 44897.0, 29721.0, 105605.0, 97038.0, 133243.0, 72078.0, 68829.0, 17910.0, 89722.0, 94551.0, 153651.0, 120895.0, 54274.0, 35564.0, 49257.0, 127320.0, 102811.0, 127103.0, 63493.0, 48189.0, 54070.0, 72286.0, 136578.0, 80867.0, 94137.0, 37004.0, 34134.0, 57294.0, 123723.0, 82098.0, 101209.0, 61012.0, 14924.0, 70730.0, 72676.0, 115346.0, 65520.0, 71475.0, 21046.0, 44326.0, 92553.0, 70946.0, 89830.0, 46605.0, 37205.0, 20643.0, 68720.0, 59529.0, 81578.0, 45451.0, 45887.0, 23102.0, 34810.0, 69442.0, 45068.0, 57850.0, 28620.0, 18922.0, 22118.0, 47486.0, 50921.0, 29373.0, 35154.0, 11902.0, 12233.0, 14960.0, 25986.0, 15528.0, 19086.0, 10173.0]",0.9960295810496618,0.9850479677762839,1.0,0.9936925162753152,47
88,model.layers.9.mlp.down_proj.weight,7.747915744781494,7.586216449737549,0.9947962164878844,7.34619804916226,0.0968367431365155,6.382432460784912,7.552730560302734,7.442150592803955,0.0,0.9684894680976868,0.6766169154228856,122.55648803710938,3605.729248046875,327877.5,255.0,0.0003077767032664,144846280951.45142,"(5767168, 1)",122.55648803710938,60.047725677490234,0.0,255.0,255.0,706744384.0,327877.5,0.0003077767032664,0.99969220161438,"[13094.0, 24739.0, 18689.0, 23579.0, 13071.0, 11244.0, 16611.0, 50729.0, 42540.0, 57675.0, 47283.0, 21891.0, 25852.0, 42492.0, 84967.0, 54776.0, 71060.0, 34447.0, 25568.0, 40412.0, 95986.0, 106210.0, 61136.0, 68253.0, 21324.0, 53756.0, 70026.0, 128468.0, 76491.0, 91521.0, 45159.0, 29900.0, 105563.0, 96481.0, 133212.0, 72188.0, 68953.0, 17985.0, 89051.0, 94735.0, 153593.0, 121077.0, 55380.0, 35507.0, 49512.0, 125401.0, 103059.0, 128026.0, 63850.0, 48715.0, 53367.0, 71911.0, 137586.0, 81023.0, 94563.0, 36873.0, 34106.0, 57148.0, 122579.0, 82624.0, 101750.0, 61486.0, 15122.0, 70492.0, 72891.0, 114683.0, 65823.0, 71252.0, 21288.0, 44326.0, 91350.0, 69909.0, 90246.0, 47109.0, 36989.0, 20425.0, 67694.0, 59428.0, 81352.0, 45318.0, 45982.0, 23080.0, 34873.0, 68738.0, 44611.0, 57083.0, 28759.0, 19291.0, 21918.0, 47095.0, 50242.0, 29171.0, 34909.0, 12021.0, 12309.0, 14811.0, 25609.0, 15314.0, 19151.0, 10251.0]",0.9961666393309432,0.9817255048589861,1.0,0.9926307147299763,48
122,model.layers.13.mlp.gate_proj.weight,7.745716094970703,7.582755088806152,0.9947836995124816,7.345841115171259,0.0946440106748561,5.989298343658447,7.54033088684082,7.441812515258789,0.0,0.968214511871338,0.6467661691542289,122.6305160522461,3602.42724609375,328005.125,255.0,0.0003244226681999,144854998573.57532,"(5767168, 1)",122.6305160522461,60.02022171020508,0.0,255.0,255.0,707179264.0,328005.125,0.0003244226681999,0.9996755719184875,"[13025.0, 25088.0, 18590.0, 23788.0, 12950.0, 10877.0, 16801.0, 50624.0, 42343.0, 56945.0, 46960.0, 21585.0, 25655.0, 42210.0, 84896.0, 54537.0, 70474.0, 34285.0, 25233.0, 40071.0, 96527.0, 106404.0, 60967.0, 67461.0, 20666.0, 53788.0, 70776.0, 129560.0, 76186.0, 91657.0, 44319.0, 29832.0, 107052.0, 97568.0, 132841.0, 72125.0, 68390.0, 17803.0, 89271.0, 94422.0, 153839.0, 121097.0, 54572.0, 35565.0, 49169.0, 126850.0, 102744.0, 126938.0, 62911.0, 48288.0, 53567.0, 72650.0, 138215.0, 81257.0, 94177.0, 36350.0, 33812.0, 57768.0, 123742.0, 82553.0, 101510.0, 61135.0, 15062.0, 70942.0, 73353.0, 115959.0, 65568.0, 70989.0, 21244.0, 44686.0, 91648.0, 70646.0, 89780.0, 46765.0, 36795.0, 20388.0, 68916.0, 59548.0, 81740.0, 45125.0, 45740.0, 23158.0, 34789.0, 69491.0, 44168.0, 57611.0, 28414.0, 18767.0, 21996.0, 46782.0, 50414.0, 29125.0, 34826.0, 11754.0, 12223.0, 14791.0, 26211.0, 15240.0, 19104.0, 10149.0]",0.9957287931733589,0.9817845903386031,1.0,0.9925044611706539,49
61,model.layers.6.mlp.down_proj.weight,7.747104644775391,7.584972858428955,0.9947916865348816,7.344030597331849,0.1093742171179344,6.141719341278076,7.554160118103027,7.441280364990234,0.0,0.9683880805969238,0.6567164179104478,122.59117889404295,3602.9072265625,327928.09375,255.0,0.0003230354923289,144794014740.14072,"(5767168, 1)",122.59117889404295,60.02422332763672,0.0,255.0,255.0,706951744.0,327928.09375,0.0003230354923289,0.9996769428253174,"[13104.0, 24783.0, 18409.0, 23868.0, 13102.0, 10937.0, 16741.0, 50953.0, 42472.0, 57348.0, 47433.0, 21669.0, 25430.0, 42414.0, 84765.0, 54268.0, 70606.0, 34447.0, 25492.0, 40103.0, 96310.0, 106970.0, 61407.0, 68348.0, 21203.0, 54012.0, 69788.0, 128257.0, 75811.0, 91847.0, 44750.0, 29463.0, 105451.0, 96560.0, 133568.0, 72222.0, 69047.0, 17897.0, 88987.0, 94667.0, 153949.0, 121102.0, 54695.0, 35769.0, 48644.0, 126866.0, 103074.0, 127603.0, 63845.0, 48683.0, 53519.0, 71549.0, 138084.0, 81321.0, 94327.0, 37180.0, 34111.0, 57086.0, 123923.0, 81898.0, 101402.0, 61646.0, 15089.0, 71129.0, 72682.0, 115450.0, 65425.0, 71337.0, 21246.0, 44589.0, 91603.0, 69752.0, 90193.0, 47093.0, 37437.0, 20118.0, 68564.0, 59191.0, 80995.0, 45651.0, 45704.0, 23091.0, 34674.0, 69448.0, 44527.0, 57391.0, 28343.0, 18954.0, 21653.0, 47089.0, 49911.0, 29514.0, 35351.0, 11854.0, 11905.0, 14524.0, 25890.0, 15236.0, 19073.0, 10307.0]",0.9960051877128961,0.9813712598459349,1.0,0.9924588158529436,50
69,model.layers.7.mlp.up_proj.weight,7.746079444885254,7.581973552703857,0.9947808384895324,7.340843045195057,0.1394165153363319,5.033202171325684,7.537786483764648,7.444706916809082,0.0,0.9682599306106568,0.6517412935323383,122.6302490234375,3596.74609375,327958.03125,255.0,0.0003117648011539,144607308401.7672,"(5767168, 1)",122.6302490234375,59.972877502441406,0.0,255.0,255.0,707188416.0,327958.03125,0.0003117648011539,0.99968820810318,"[13055.0, 24909.0, 18572.0, 24156.0, 13218.0, 10919.0, 16406.0, 50575.0, 42438.0, 57280.0, 46839.0, 21872.0, 25510.0, 41806.0, 84481.0, 54936.0, 70256.0, 34308.0, 25355.0, 39749.0, 95504.0, 106152.0, 60544.0, 68091.0, 20931.0, 53481.0, 69767.0, 128207.0, 75677.0, 90839.0, 45091.0, 29663.0, 105659.0, 96148.0, 133491.0, 71743.0, 68473.0, 18035.0, 89331.0, 93754.0, 155618.0, 121119.0, 55118.0, 35706.0, 49269.0, 126299.0, 106830.0, 129931.0, 63740.0, 48778.0, 53989.0, 72580.0, 140067.0, 82360.0, 94040.0, 37352.0, 34255.0, 56757.0, 122723.0, 82648.0, 101501.0, 61866.0, 14920.0, 70249.0, 72186.0, 115827.0, 65413.0, 71230.0, 21242.0, 44449.0, 90274.0, 70305.0, 89566.0, 46594.0, 37262.0, 19975.0, 67484.0, 58825.0, 81006.0, 45576.0, 45568.0, 23071.0, 34402.0, 68650.0, 44930.0, 57552.0, 28228.0, 19141.0, 21365.0, 47260.0, 50486.0, 29462.0, 35024.0, 12113.0, 12258.0, 14698.0, 25886.0, 15458.0, 19178.0, 10288.0]",0.9958011189422901,0.9801058191794843,1.0,0.9919689793739247,51
141,model.layers.15.mlp.up_proj.weight,7.745096683502197,7.581656455993652,0.9947797060012816,7.347120166459883,0.075157826623083,6.409319877624512,7.552618026733398,7.442943572998047,0.0,0.9681370854377748,0.6368159203980099,122.57762908935548,3590.03955078125,327786.21875,255.0,0.0003188740229234,144199127675.86298,"(5767168, 1)",122.57762908935548,59.91693878173828,0.0,255.0,255.0,706877952.0,327786.21875,0.0003188740229234,0.9996811151504515,"[13135.0, 24939.0, 18728.0, 23756.0, 12959.0, 11036.0, 16172.0, 50323.0, 42138.0, 57592.0, 47030.0, 21342.0, 25277.0, 41451.0, 84689.0, 54613.0, 70281.0, 34409.0, 25125.0, 39803.0, 95900.0, 106734.0, 60852.0, 67940.0, 20949.0, 53654.0, 69939.0, 129032.0, 76475.0, 90962.0, 45012.0, 29916.0, 106020.0, 96639.0, 133672.0, 72614.0, 69164.0, 18020.0, 89540.0, 94529.0, 153416.0, 122196.0, 55142.0, 35930.0, 49674.0, 126735.0, 102657.0, 128293.0, 63812.0, 49105.0, 54127.0, 72521.0, 138036.0, 81868.0, 95259.0, 37368.0, 34063.0, 57247.0, 124640.0, 82542.0, 102007.0, 61223.0, 15070.0, 70705.0, 72807.0, 116221.0, 65850.0, 71262.0, 21318.0, 43997.0, 90952.0, 70524.0, 90516.0, 46688.0, 36563.0, 20243.0, 67809.0, 59221.0, 81409.0, 45282.0, 45467.0, 23017.0, 34192.0, 68476.0, 44660.0, 57093.0, 27988.0, 18925.0, 21276.0, 46730.0, 49977.0, 29039.0, 34464.0, 11843.0, 12044.0, 14599.0, 25897.0, 15271.0, 19171.0, 10380.0]",0.9956054976696299,0.9773392902318314,1.0,0.9909815959671538,52
140,model.layers.15.mlp.gate_proj.weight,7.744255065917969,7.580508232116699,0.9947755336761476,7.344730146356266,0.0819332645499236,6.180606365203857,7.547886371612549,7.439315319061279,0.0,0.968031883239746,0.6318407960199005,122.52798461914062,3592.02783203125,327696.0,255.0,0.0003048289800062,144182887154.02844,"(5767168, 1)",122.52798461914062,59.93352890014648,0.0,255.0,255.0,706588224.0,327696.0,0.0003048289800062,0.9996951818466188,"[12955.0, 24786.0, 18614.0, 23895.0, 13071.0, 10890.0, 16493.0, 50653.0, 41835.0, 57592.0, 46815.0, 21243.0, 25441.0, 42177.0, 84104.0, 55330.0, 70130.0, 34156.0, 25059.0, 40221.0, 95967.0, 106890.0, 61102.0, 67804.0, 20796.0, 54301.0, 70943.0, 129932.0, 76965.0, 90946.0, 44437.0, 29831.0, 106954.0, 96705.0, 134175.0, 72137.0, 69145.0, 17739.0, 89682.0, 94775.0, 154056.0, 121532.0, 54942.0, 35523.0, 49172.0, 127865.0, 102772.0, 128307.0, 63238.0, 48275.0, 53950.0, 73397.0, 137440.0, 81057.0, 93945.0, 36655.0, 34335.0, 57103.0, 124570.0, 82372.0, 101584.0, 61135.0, 15006.0, 70659.0, 73260.0, 115811.0, 65541.0, 71373.0, 21156.0, 43846.0, 91572.0, 70655.0, 89570.0, 46599.0, 36739.0, 20684.0, 68433.0, 59299.0, 81477.0, 44812.0, 45255.0, 22905.0, 34560.0, 68544.0, 44553.0, 57441.0, 28353.0, 18729.0, 21560.0, 47018.0, 49710.0, 29132.0, 34150.0, 11907.0, 12126.0, 14836.0, 25828.0, 15230.0, 18791.0, 10137.0]",0.995437971446318,0.9772292167498445,1.0,0.9908890627320542,53
142,model.layers.15.mlp.down_proj.weight,7.742920875549316,7.577723503112793,0.9947654604911804,7.341641854960471,0.1026271642009416,5.996860027313232,7.543551445007324,7.438106536865234,0.0,0.9678651094436646,0.6119402985074627,122.5798797607422,3587.927734375,327772.6875,255.0,0.0003095106512773,144112350172.15903,"(5767168, 1)",122.5798797607422,59.89931106567383,0.0,255.0,255.0,706890304.0,327772.6875,0.0003095106512773,0.9996904730796814,"[12711.0, 24794.0, 18719.0, 24100.0, 13041.0, 10916.0, 16177.0, 50070.0, 42031.0, 57591.0, 46768.0, 21230.0, 25011.0, 41720.0, 84335.0, 54832.0, 70035.0, 34084.0, 24724.0, 39576.0, 95606.0, 107263.0, 61667.0, 67725.0, 20929.0, 53562.0, 70191.0, 129596.0, 76556.0, 91535.0, 44905.0, 29424.0, 105328.0, 97308.0, 135526.0, 72168.0, 68934.0, 17783.0, 89136.0, 94835.0, 154935.0, 122202.0, 54737.0, 35970.0, 48988.0, 127358.0, 104660.0, 129559.0, 63722.0, 48546.0, 53605.0, 71919.0, 137938.0, 81298.0, 94186.0, 36561.0, 34182.0, 56851.0, 124296.0, 83368.0, 101805.0, 61683.0, 15023.0, 69974.0, 72056.0, 116549.0, 65966.0, 70885.0, 21174.0, 43600.0, 91441.0, 70870.0, 90409.0, 46226.0, 37039.0, 20294.0, 67656.0, 59251.0, 81706.0, 45583.0, 45627.0, 22763.0, 33966.0, 68983.0, 44707.0, 57313.0, 27974.0, 18888.0, 21537.0, 46387.0, 50157.0, 29264.0, 34405.0, 11711.0, 11995.0, 14603.0, 25790.0, 15299.0, 19238.0, 10048.0]",0.9951723972974083,0.9767511378258839,1.0,0.9906411783744308,54
114,model.layers.12.mlp.up_proj.weight,7.744187831878662,7.579833984375,0.9947730898857116,7.344799596985633,0.0843047122180269,6.085295677185059,7.541502952575684,7.44203519821167,0.0,0.9680234789848328,0.6268656716417911,122.59069061279295,3586.412109375,327782.3125,255.0,0.0003180070489179,144067184237.01086,"(5767168, 1)",122.59069061279295,59.886661529541016,0.0,255.0,255.0,706954752.0,327782.3125,0.0003180070489179,0.9996820092201232,"[13028.0, 24863.0, 18582.0, 23866.0, 13069.0, 10833.0, 16339.0, 50766.0, 41968.0, 57463.0, 46762.0, 21790.0, 25233.0, 41697.0, 83948.0, 54471.0, 70065.0, 34242.0, 25109.0, 39356.0, 95785.0, 106243.0, 60793.0, 67725.0, 20887.0, 53270.0, 69445.0, 129587.0, 75914.0, 90547.0, 44875.0, 29702.0, 106081.0, 96682.0, 134587.0, 72645.0, 69275.0, 17958.0, 89338.0, 95457.0, 154769.0, 122054.0, 55471.0, 36217.0, 49234.0, 127986.0, 103041.0, 129191.0, 64252.0, 48989.0, 53681.0, 72828.0, 138290.0, 81619.0, 94998.0, 37087.0, 34005.0, 57013.0, 124134.0, 82699.0, 102329.0, 61726.0, 15084.0, 70108.0, 72936.0, 116196.0, 65459.0, 71498.0, 21203.0, 43864.0, 90745.0, 70638.0, 89773.0, 46652.0, 37124.0, 20000.0, 68158.0, 59140.0, 80625.0, 45155.0, 45291.0, 22806.0, 34268.0, 69040.0, 44647.0, 57276.0, 28038.0, 18841.0, 21509.0, 46650.0, 50126.0, 29194.0, 34676.0, 11676.0, 12158.0, 14553.0, 25802.0, 15444.0, 18913.0, 10043.0]",0.9954245883315946,0.9764450163970525,1.0,0.9906232015762156,55
123,model.layers.13.mlp.up_proj.weight,7.743751525878906,7.579089641571045,0.9947704076766968,7.344199326270345,0.0912979467384151,5.10697078704834,7.547702789306641,7.437779903411865,0.0,0.9679689407348632,0.6218905472636815,122.55821990966795,3583.121337890625,327683.84375,255.0,0.0003235556941945,143852842474.54755,"(5767168, 1)",122.55821990966795,59.85918045043945,0.0,255.0,255.0,706763264.0,327683.84375,0.0003235556941945,0.9996764659881592,"[12903.0, 24521.0, 18691.0, 23814.0, 13137.0, 10880.0, 16285.0, 50172.0, 41961.0, 57392.0, 46595.0, 21522.0, 25323.0, 41372.0, 84452.0, 54715.0, 69771.0, 34319.0, 25175.0, 39925.0, 95597.0, 107015.0, 60554.0, 67420.0, 20965.0, 53581.0, 70368.0, 128723.0, 76214.0, 91508.0, 44713.0, 29859.0, 106472.0, 96978.0, 134106.0, 72561.0, 69216.0, 18239.0, 89567.0, 95268.0, 154585.0, 122093.0, 55295.0, 35961.0, 49445.0, 127476.0, 103774.0, 129208.0, 63939.0, 49198.0, 53784.0, 72545.0, 138366.0, 81879.0, 94982.0, 37200.0, 34433.0, 57162.0, 124428.0, 83131.0, 102067.0, 61586.0, 15063.0, 70120.0, 73023.0, 116213.0, 65447.0, 70781.0, 21269.0, 44114.0, 91234.0, 70285.0, 89704.0, 46435.0, 36630.0, 20177.0, 67402.0, 58758.0, 81321.0, 45203.0, 45271.0, 22534.0, 33961.0, 68623.0, 44441.0, 56799.0, 28068.0, 18916.0, 21267.0, 46621.0, 50289.0, 29553.0, 34838.0, 11681.0, 12169.0, 14427.0, 25673.0, 15403.0, 19092.0, 9977.0]",0.9953377404594528,0.9749922709514364,1.0,0.9901100038036298,56
124,model.layers.13.mlp.down_proj.weight,7.741115093231201,7.574561595916748,0.9947539567947388,7.338968458458442,0.1021892528689885,6.042696475982666,7.550072193145752,7.436509132385254,0.0,0.9676393866539,0.572139303482587,122.59098815917967,3580.02734375,327728.75,255.0,0.0003025748592335,143789775131.74695,"(5767168, 1)",122.59098815917967,59.83332824707031,0.0,255.0,255.0,706952128.0,327728.75,0.0003025748592335,0.99969744682312,"[12873.0, 24557.0, 18587.0, 23958.0, 12881.0, 10782.0, 16218.0, 49977.0, 41955.0, 57000.0, 46802.0, 21374.0, 24819.0, 41530.0, 83854.0, 54751.0, 70129.0, 34041.0, 25140.0, 39776.0, 95835.0, 106905.0, 61386.0, 67817.0, 20752.0, 53038.0, 69794.0, 129154.0, 76866.0, 91319.0, 44167.0, 29393.0, 105646.0, 97962.0, 134885.0, 72347.0, 68823.0, 17935.0, 88558.0, 95325.0, 156130.0, 122970.0, 54460.0, 35824.0, 48922.0, 126842.0, 104463.0, 129789.0, 64083.0, 48243.0, 53344.0, 72588.0, 140183.0, 82568.0, 94930.0, 36571.0, 33793.0, 56933.0, 124692.0, 83389.0, 102675.0, 61267.0, 14822.0, 69762.0, 73145.0, 116763.0, 65794.0, 70710.0, 21247.0, 43844.0, 91631.0, 70632.0, 90130.0, 46640.0, 36751.0, 19701.0, 67286.0, 59066.0, 81078.0, 45365.0, 45556.0, 22577.0, 34254.0, 68024.0, 44596.0, 57191.0, 28098.0, 18804.0, 21468.0, 46573.0, 50024.0, 29280.0, 34439.0, 11567.0, 11935.0, 14509.0, 25851.0, 15430.0, 19041.0, 10014.0]",0.9948129515140194,0.9745648190448749,1.0,0.9897925901862981,57
151,model.layers.16.mlp.down_proj.weight,7.742059230804443,7.5762224197387695,0.994760036468506,7.3389641168019315,0.117634609422531,5.751217842102051,7.558974266052246,7.440525054931641,0.0,0.9677574038505554,0.5920398009950248,122.57809448242188,3579.279541015625,327692.71875,255.0,0.0003102042537648,143727719419.24796,"(5767168, 1)",122.57809448242188,59.82707977294922,0.0,255.0,255.0,706876416.0,327692.71875,0.0003102042537648,0.9996898174285888,"[12860.0, 24445.0, 18591.0, 23610.0, 12869.0, 10935.0, 16087.0, 50263.0, 41807.0, 57431.0, 47002.0, 21420.0, 25295.0, 41203.0, 83961.0, 54465.0, 70322.0, 34176.0, 24774.0, 39727.0, 95428.0, 106475.0, 61251.0, 68051.0, 20783.0, 53324.0, 70546.0, 128456.0, 76050.0, 92018.0, 44650.0, 29761.0, 106394.0, 97280.0, 134170.0, 72218.0, 69004.0, 17977.0, 89290.0, 95303.0, 155868.0, 122459.0, 55245.0, 35923.0, 49002.0, 127326.0, 105926.0, 128782.0, 63538.0, 48161.0, 53972.0, 72892.0, 139173.0, 81821.0, 94370.0, 36920.0, 33966.0, 56819.0, 124739.0, 83207.0, 102464.0, 61136.0, 15121.0, 70060.0, 72742.0, 116327.0, 65571.0, 71587.0, 21461.0, 44043.0, 90846.0, 70411.0, 90602.0, 46180.0, 36692.0, 19821.0, 67634.0, 59126.0, 81058.0, 45331.0, 45187.0, 22889.0, 33987.0, 69249.0, 44406.0, 57748.0, 28304.0, 18656.0, 21176.0, 46254.0, 49899.0, 28847.0, 34149.0, 11704.0, 11920.0, 14843.0, 25688.0, 15223.0, 18964.0, 10081.0]",0.9950008846143918,0.9741442236710601,1.0,0.9897150360951507,58
70,model.layers.7.mlp.down_proj.weight,7.742191314697266,7.574885845184326,0.9947551488876344,7.335227284538136,0.1424859840197175,5.0473222732543945,7.528984069824219,7.435403347015381,0.0,0.9677739143371582,0.5970149253731343,122.58090209960938,3576.94140625,327678.5,255.0,0.0003088170778937,143631087184.94485,"(5767168, 1)",122.58090209960938,59.80753707885742,0.0,255.0,255.0,706898944.0,327678.5,0.0003088170778937,0.9996911883354188,"[12991.0, 24626.0, 18587.0, 23696.0, 13137.0, 10926.0, 16348.0, 49913.0, 41888.0, 57279.0, 46875.0, 21426.0, 25253.0, 41799.0, 83606.0, 54474.0, 69665.0, 34340.0, 25368.0, 39767.0, 95200.0, 106499.0, 60682.0, 67446.0, 20947.0, 53284.0, 69273.0, 127689.0, 76463.0, 91317.0, 44713.0, 29393.0, 104911.0, 96728.0, 134631.0, 72526.0, 68918.0, 18256.0, 89366.0, 94729.0, 158197.0, 121768.0, 54572.0, 36006.0, 49151.0, 126602.0, 109920.0, 130729.0, 63756.0, 48461.0, 53604.0, 71772.0, 140758.0, 83044.0, 94184.0, 37072.0, 34127.0, 56528.0, 124054.0, 83685.0, 101801.0, 61122.0, 15190.0, 70168.0, 72483.0, 115959.0, 65271.0, 71072.0, 21434.0, 44467.0, 90706.0, 70217.0, 89493.0, 46585.0, 36983.0, 20211.0, 67398.0, 58964.0, 81087.0, 44856.0, 45389.0, 22679.0, 33908.0, 68321.0, 44239.0, 56883.0, 28372.0, 18909.0, 21682.0, 46421.0, 50262.0, 28978.0, 34558.0, 11895.0, 11949.0, 14395.0, 25662.0, 15335.0, 19064.0, 9875.0]",0.9950271762653025,0.9734892787985807,1.0,0.9895054850212944,59
131,model.layers.14.mlp.gate_proj.weight,7.740912914276123,7.574378967285156,0.9947533011436462,7.339676915837282,0.0959955241240194,6.081786155700684,7.553447723388672,7.436428546905518,0.0,0.9676141142845154,0.5621890547263682,122.52381134033205,3580.281982421875,327582.03125,255.0,0.0003110712277702,143655641176.8863,"(5767168, 1)",122.52381134033205,59.83545684814453,0.0,255.0,255.0,706568192.0,327582.03125,0.0003110712277702,0.9996889233589172,"[13121.0, 24694.0, 18360.0, 23810.0, 12749.0, 10794.0, 16347.0, 50480.0, 41927.0, 57069.0, 46823.0, 21193.0, 25218.0, 41858.0, 83915.0, 54728.0, 70144.0, 33831.0, 24933.0, 39921.0, 95817.0, 106790.0, 61299.0, 67111.0, 20689.0, 54081.0, 70002.0, 130393.0, 76408.0, 90829.0, 44345.0, 29986.0, 107124.0, 97670.0, 135183.0, 72294.0, 68566.0, 17729.0, 89649.0, 96429.0, 155812.0, 122156.0, 54365.0, 35469.0, 49216.0, 127961.0, 104349.0, 129290.0, 62982.0, 47935.0, 53998.0, 72785.0, 139512.0, 82559.0, 93633.0, 36421.0, 33643.0, 57497.0, 124696.0, 83197.0, 101998.0, 60226.0, 14692.0, 70971.0, 73333.0, 115952.0, 65362.0, 70505.0, 20836.0, 44542.0, 91788.0, 70604.0, 89510.0, 46459.0, 36393.0, 20129.0, 68361.0, 58849.0, 80810.0, 45137.0, 45120.0, 22851.0, 34671.0, 69457.0, 44349.0, 56784.0, 28074.0, 18557.0, 21723.0, 46559.0, 49767.0, 29013.0, 34012.0, 11487.0, 12045.0, 14741.0, 25783.0, 15169.0, 18897.0, 9867.0]",0.9947727072541419,0.9736556985366415,1.0,0.9894761352635945,60
115,model.layers.12.mlp.down_proj.weight,7.7404327392578125,7.573366641998291,0.9947496056556702,7.337796615098011,0.1049464453096858,6.233999729156494,7.538012504577637,7.435616493225098,0.0,0.9675540924072266,0.5572139303482587,122.57125854492188,3577.451171875,327660.5,255.0,0.0003079501038882,143632489611.92734,"(5767168, 1)",122.57125854492188,59.811798095703125,0.0,255.0,255.0,706842304.0,327660.5,0.0003079501038882,0.9996920228004456,"[12895.0, 24580.0, 18613.0, 23956.0, 12878.0, 10675.0, 16188.0, 50114.0, 41407.0, 57332.0, 46465.0, 21238.0, 25051.0, 41678.0, 84646.0, 54471.0, 69523.0, 33780.0, 25067.0, 39613.0, 95865.0, 107095.0, 61082.0, 67756.0, 20624.0, 53002.0, 70103.0, 130014.0, 76515.0, 91853.0, 44432.0, 29307.0, 105818.0, 97630.0, 135090.0, 72634.0, 68272.0, 18169.0, 89314.0, 95567.0, 156287.0, 122737.0, 54744.0, 35859.0, 48370.0, 127349.0, 104898.0, 130006.0, 63940.0, 47922.0, 53476.0, 72280.0, 139018.0, 82024.0, 94263.0, 36737.0, 34061.0, 57065.0, 125103.0, 83658.0, 102579.0, 60985.0, 14890.0, 69652.0, 73086.0, 117013.0, 66264.0, 70661.0, 21048.0, 43932.0, 90800.0, 71312.0, 90487.0, 46617.0, 36871.0, 20013.0, 67376.0, 59203.0, 81763.0, 45246.0, 45212.0, 22573.0, 34037.0, 68244.0, 44221.0, 57029.0, 28225.0, 18608.0, 21286.0, 46692.0, 49507.0, 29388.0, 34225.0, 11725.0, 11786.0, 14586.0, 25617.0, 15221.0, 19018.0, 10061.0]",0.9946771271369325,0.9734987840363291,1.0,0.9893919703910873,61
132,model.layers.14.mlp.up_proj.weight,7.741522789001465,7.574615001678467,0.994754195213318,7.341487467288971,0.0901936739131159,6.296730041503906,7.548874855041504,7.439305305480957,0.0,0.9676903486251832,0.5771144278606966,122.57876586914062,3574.958740234375,327654.5,255.0,0.0002904371649492,143541097246.225,"(5767168, 1)",122.57876586914062,59.790958404541016,0.0,255.0,255.0,706880448.0,327654.5,0.0002904371649492,0.9997095465660096,"[12755.0, 24577.0, 18667.0, 24186.0, 12840.0, 10963.0, 16291.0, 50132.0, 41809.0, 57343.0, 46776.0, 21342.0, 24801.0, 41070.0, 83426.0, 54325.0, 69870.0, 33873.0, 25148.0, 39377.0, 94936.0, 106237.0, 60814.0, 67534.0, 20736.0, 53336.0, 69623.0, 129194.0, 76362.0, 90993.0, 44834.0, 29634.0, 106451.0, 97591.0, 135556.0, 72423.0, 68920.0, 17959.0, 89326.0, 96122.0, 156087.0, 123439.0, 55378.0, 35977.0, 49337.0, 127572.0, 105038.0, 130495.0, 63301.0, 48745.0, 53419.0, 72815.0, 139567.0, 82600.0, 94573.0, 37151.0, 34005.0, 56802.0, 124983.0, 83750.0, 102309.0, 61515.0, 14874.0, 69692.0, 73003.0, 116079.0, 65413.0, 71087.0, 21197.0, 44229.0, 90820.0, 70820.0, 89864.0, 46089.0, 36981.0, 20191.0, 67012.0, 59102.0, 80959.0, 44923.0, 45131.0, 22947.0, 33739.0, 67833.0, 44638.0, 56769.0, 28050.0, 18477.0, 21300.0, 45972.0, 49989.0, 29178.0, 34722.0, 11703.0, 11979.0, 14810.0, 25868.0, 15253.0, 19243.0, 10222.0]",0.994894104443726,0.9728793534526093,1.0,0.9892578192987784,62
7,model.layers.0.mlp.down_proj.weight,7.736911773681641,7.566742897033691,0.994725465774536,7.33460519881919,0.1079338275013023,5.933924674987793,7.53875732421875,7.437460899353027,0.0,0.9671139717102052,0.5373134328358209,122.57530975341795,3562.067626953125,327537.15625,255.0,0.0003020546573679,142966581695.73425,"(5767168, 1)",122.57530975341795,59.68305969238281,0.0,255.0,255.0,706858112.0,327537.15625,0.0003020546573679,0.9996979236602784,"[12624.0, 25108.0, 18421.0, 24150.0, 12646.0, 10791.0, 15931.0, 49413.0, 41700.0, 56999.0, 46051.0, 21090.0, 24713.0, 40537.0, 83521.0, 54559.0, 69247.0, 33771.0, 24390.0, 38826.0, 95597.0, 106741.0, 60739.0, 67007.0, 20695.0, 52551.0, 69376.0, 130380.0, 77444.0, 90730.0, 44193.0, 29586.0, 105940.0, 98756.0, 137170.0, 72782.0, 68721.0, 17927.0, 89230.0, 96195.0, 157745.0, 123568.0, 54954.0, 35338.0, 48736.0, 128891.0, 105246.0, 130850.0, 63917.0, 48262.0, 53099.0, 72943.0, 140802.0, 83519.0, 95371.0, 36898.0, 33806.0, 56175.0, 125423.0, 84274.0, 102731.0, 60644.0, 15075.0, 69519.0, 73356.0, 117635.0, 66268.0, 70624.0, 21093.0, 43241.0, 91080.0, 70798.0, 89790.0, 46019.0, 36834.0, 19807.0, 66626.0, 59189.0, 81448.0, 44906.0, 44857.0, 22406.0, 33636.0, 68215.0, 44483.0, 56939.0, 27616.0, 18509.0, 20956.0, 45942.0, 49652.0, 28838.0, 34158.0, 11513.0, 11791.0, 14435.0, 25994.0, 15379.0, 19206.0, 9895.0]",0.9939762695545343,0.9689854559693601,1.0,0.9876539085079648,63
5,model.layers.0.mlp.gate_proj.weight,7.736472129821777,7.564113616943359,0.9947158694267272,7.334418571257794,0.0878039361550144,6.709600448608398,7.543134689331055,7.43151330947876,0.0,0.9670590162277222,0.5124378109452736,122.4521484375,3561.19580078125,327263.0625,255.0,0.0003069097292609,142667792804.3879,"(5767168, 1)",122.4521484375,59.67575454711914,0.0,255.0,255.0,706157504.0,327263.0625,0.0003069097292609,0.9996930956840516,"[13156.0, 24610.0, 18789.0, 24131.0, 13127.0, 11021.0, 16467.0, 49913.0, 41221.0, 56541.0, 46516.0, 21751.0, 25178.0, 41984.0, 83308.0, 54167.0, 69058.0, 34251.0, 25045.0, 39693.0, 94521.0, 106239.0, 60405.0, 67701.0, 20881.0, 52854.0, 69537.0, 129424.0, 76288.0, 90784.0, 43878.0, 29042.0, 105478.0, 98398.0, 137105.0, 72319.0, 67973.0, 17701.0, 87769.0, 95968.0, 161486.0, 123605.0, 54223.0, 35119.0, 48146.0, 128441.0, 108949.0, 133019.0, 62881.0, 47942.0, 52768.0, 71952.0, 144210.0, 84796.0, 94730.0, 36416.0, 33343.0, 56483.0, 126231.0, 85800.0, 102082.0, 60644.0, 14891.0, 69942.0, 72156.0, 116357.0, 65379.0, 70253.0, 20647.0, 43761.0, 90420.0, 69515.0, 88998.0, 45658.0, 36558.0, 20179.0, 67323.0, 58721.0, 80279.0, 44978.0, 45487.0, 22687.0, 34303.0, 67780.0, 43697.0, 56417.0, 27739.0, 18769.0, 21803.0, 45996.0, 49101.0, 28569.0, 34359.0, 11529.0, 12105.0, 14305.0, 25252.0, 14945.0, 18796.0, 10056.0]",0.9938887572724416,0.96696035271316,1.0,0.9869497033285338,64
133,model.layers.14.mlp.down_proj.weight,7.736623287200928,7.566524982452393,0.994724690914154,7.334286476993426,0.1089722946910353,5.6050310134887695,7.535536766052246,7.430185317993164,0.0,0.967077910900116,0.5174129353233831,122.5619888305664,3550.948974609375,327408.5,255.0,0.0002996271359734,142449206924.1764,"(5767168, 1)",122.5619888305664,59.589839935302734,0.0,255.0,255.0,706787072.0,327408.5,0.0002996271359734,0.999700367450714,"[12680.0, 24285.0, 18448.0, 23480.0, 12837.0, 10716.0, 15668.0, 49545.0, 41140.0, 56431.0, 45992.0, 20958.0, 25096.0, 40864.0, 83001.0, 54292.0, 69204.0, 33356.0, 24866.0, 39405.0, 94975.0, 107148.0, 61064.0, 67643.0, 20453.0, 53300.0, 69942.0, 130228.0, 77388.0, 90970.0, 44253.0, 29390.0, 105966.0, 98355.0, 136039.0, 72799.0, 68539.0, 17910.0, 89228.0, 95767.0, 158402.0, 123879.0, 54795.0, 35536.0, 48777.0, 128667.0, 106307.0, 131806.0, 63568.0, 48700.0, 53305.0, 72335.0, 140953.0, 83444.0, 95083.0, 37079.0, 34241.0, 57101.0, 125610.0, 84408.0, 102678.0, 61961.0, 15166.0, 69956.0, 73528.0, 117341.0, 66024.0, 71217.0, 21178.0, 43883.0, 90523.0, 70654.0, 90069.0, 46285.0, 36666.0, 19771.0, 67090.0, 59013.0, 80843.0, 44768.0, 45043.0, 22466.0, 33451.0, 67386.0, 44089.0, 56517.0, 27917.0, 18509.0, 20950.0, 45568.0, 49520.0, 28275.0, 34053.0, 11721.0, 11673.0, 14174.0, 25435.0, 15403.0, 18901.0, 9886.0]",0.9939188455516427,0.9654788418852941,1.0,0.9864658958123123,65
196,model.layers.21.mlp.down_proj.weight,7.7080078125,7.517251491546631,0.9945414066314696,7.311007828536359,0.094001880185216,5.588497161865234,7.519779682159424,7.413327217102051,0.0,0.9635009765625,0.3233830845771144,122.5303955078125,3456.751953125,326515.15625,255.0,0.0002774325257632,138259471791.8266,"(5767168, 1)",122.5303955078125,58.79414749145508,0.0,255.0,255.0,706622784.0,326515.15625,0.0002774325257632,0.9997225403785706,"[11567.0, 24118.0, 18852.0, 23942.0, 12367.0, 9793.0, 13968.0, 45889.0, 41040.0, 55280.0, 42892.0, 18675.0, 22542.0, 37680.0, 81939.0, 54480.0, 67331.0, 30615.0, 22648.0, 36254.0, 93510.0, 108332.0, 60057.0, 63502.0, 19039.0, 50580.0, 68869.0, 134486.0, 79538.0, 90035.0, 42065.0, 28662.0, 105338.0, 103226.0, 143669.0, 74005.0, 66120.0, 18035.0, 88289.0, 100355.0, 168785.0, 127989.0, 54139.0, 35454.0, 48131.0, 133227.0, 114053.0, 139138.0, 65156.0, 47936.0, 52565.0, 74424.0, 149295.0, 88104.0, 96803.0, 35968.0, 33235.0, 55629.0, 130401.0, 89136.0, 106110.0, 59183.0, 14904.0, 67109.0, 74088.0, 123634.0, 67892.0, 69188.0, 20154.0, 40782.0, 90274.0, 73210.0, 91381.0, 44563.0, 34051.0, 18158.0, 63559.0, 58829.0, 82031.0, 43658.0, 41536.0, 20315.0, 30625.0, 66297.0, 44519.0, 54392.0, 25148.0, 16809.0, 18742.0, 43297.0, 49454.0, 27961.0, 31229.0, 10440.0, 10920.0, 13932.0, 26165.0, 15633.0, 18408.0, 9436.0]",0.988222859043341,0.9370820490162376,1.0,0.9751016360198594,66
94,model.layers.10.self_attn.o_proj.weight,7.767173767089844,7.620954513549805,0.994920015335083,7.37180620408617,0.054284590178293,6.852826118469238,7.538681030273437,7.465245723724365,0.0,0.9708967208862304,1.0,122.68220520019533,3686.150390625,198276.78125,255.0,0.0003581047058105,89633619304.53752,"(2097152, 1)",122.68220520019533,60.71367645263672,0.0,255.0,255.0,257277392.0,198276.78125,0.0003581047058105,0.9996418952941896,"[5066.0, 9180.0, 6786.0, 8719.0, 4888.0, 4095.0, 6448.0, 19378.0, 15748.0, 21614.0, 17907.0, 8321.0, 9819.0, 16164.0, 31376.0, 20170.0, 26352.0, 13004.0, 9723.0, 15219.0, 35644.0, 38740.0, 22517.0, 25548.0, 7930.0, 20197.0, 25824.0, 45708.0, 26991.0, 33259.0, 17152.0, 11091.0, 38800.0, 34142.0, 46457.0, 25904.0, 25733.0, 6492.0, 32790.0, 32877.0, 52344.0, 42624.0, 20205.0, 13309.0, 18159.0, 44464.0, 34129.0, 43955.0, 22812.0, 18009.0, 19858.0, 26062.0, 46994.0, 27714.0, 34079.0, 13837.0, 12820.0, 20962.0, 43426.0, 28278.0, 36058.0, 23004.0, 5534.0, 26324.0, 26383.0, 40605.0, 23755.0, 26411.0, 8079.0, 16940.0, 33427.0, 25228.0, 32374.0, 17686.0, 14306.0, 7584.0, 25881.0, 21827.0, 29721.0, 17028.0, 17517.0, 8853.0, 13227.0, 25216.0, 16497.0, 21408.0, 10815.0, 7520.0, 8363.0, 17623.0, 18813.0, 11286.0, 13411.0, 4740.0, 4517.0, 5527.0, 9283.0, 5588.0, 7067.0, 3913.0]",1.0,0.6075103177386999,1.0,0.8691701059128999,67
193,model.layers.21.self_attn.o_proj.weight,7.762516975402832,7.612302303314209,0.9948894381523132,7.366550835315138,0.0572376603845352,6.449902534484863,7.537320137023926,7.459362983703613,0.0,0.970314621925354,0.965174129353234,122.65959167480467,3687.1455078125,198251.390625,255.0,0.0003337860107421,89631991937.27353,"(2097152, 1)",122.65959167480467,60.72187042236328,0.0,255.0,255.0,257229808.0,198251.390625,0.0003337860107421,0.9996662139892578,"[5102.0, 9263.0, 6964.0, 8986.0, 4999.0, 4107.0, 6326.0, 19089.0, 16061.0, 21752.0, 17848.0, 8159.0, 9604.0, 15879.0, 31517.0, 20555.0, 26364.0, 12897.0, 9310.0, 15036.0, 35282.0, 39148.0, 22399.0, 25037.0, 7789.0, 19831.0, 25444.0, 46338.0, 27654.0, 33276.0, 16919.0, 11039.0, 38677.0, 34136.0, 46580.0, 26087.0, 25317.0, 6516.0, 32611.0, 33565.0, 53218.0, 43553.0, 19684.0, 13109.0, 17970.0, 44570.0, 34727.0, 44436.0, 22549.0, 17719.0, 19575.0, 25813.0, 47466.0, 28421.0, 33690.0, 13547.0, 12808.0, 20721.0, 43651.0, 28834.0, 36213.0, 22600.0, 5466.0, 25745.0, 26195.0, 41626.0, 23465.0, 25825.0, 8059.0, 16549.0, 33388.0, 25387.0, 32656.0, 17146.0, 13788.0, 7617.0, 25226.0, 21732.0, 30149.0, 17170.0, 17327.0, 8586.0, 12889.0, 25465.0, 16879.0, 21932.0, 10612.0, 7303.0, 8346.0, 17703.0, 19142.0, 11068.0, 13430.0, 4565.0, 4721.0, 5457.0, 9630.0, 5631.0, 7110.0, 3830.0]",0.9990730532029117,0.6074992879218599,1.0,0.8688574470415906,68
31,model.layers.3.self_attn.o_proj.weight,7.765125751495361,7.617486476898193,0.994907796382904,7.3701833977829665,0.0569164869609577,6.943999767303467,7.528285503387451,7.460805892944336,0.0,0.9706407189369202,0.9950248756218906,122.69700622558594,3681.6796875,198272.421875,255.0,0.0003304481506347,89536217525.35533,"(2097152, 1)",122.69700622558594,60.67684555053711,0.0,255.0,255.0,257310032.0,198272.421875,0.0003304481506347,0.9996695518493652,"[5019.0, 9263.0, 6622.0, 8826.0, 5021.0, 4117.0, 6278.0, 19193.0, 15572.0, 21281.0, 17937.0, 8319.0, 9707.0, 15766.0, 31605.0, 20312.0, 26608.0, 13157.0, 9613.0, 15253.0, 35838.0, 38169.0, 22272.0, 25615.0, 7870.0, 20062.0, 25614.0, 45845.0, 27625.0, 33922.0, 16814.0, 11005.0, 38687.0, 33949.0, 46722.0, 25779.0, 25668.0, 6584.0, 32617.0, 33341.0, 52024.0, 43216.0, 20012.0, 13075.0, 18119.0, 44673.0, 34334.0, 44323.0, 23197.0, 17789.0, 19750.0, 25857.0, 47085.0, 28156.0, 34052.0, 13972.0, 12694.0, 20680.0, 43490.0, 28579.0, 36415.0, 22516.0, 5643.0, 26203.0, 26214.0, 40980.0, 23503.0, 26421.0, 7910.0, 16720.0, 33443.0, 25290.0, 32739.0, 17644.0, 13773.0, 7822.0, 25476.0, 21414.0, 29782.0, 17096.0, 17633.0, 8726.0, 13224.0, 25748.0, 16731.0, 21587.0, 10683.0, 7215.0, 8432.0, 18010.0, 18602.0, 10863.0, 13290.0, 4574.0, 4601.0, 5561.0, 9441.0, 5601.0, 7238.0, 3844.0]",0.9995923370373241,0.6068501571172901,1.0,0.8688141647182047,69
112,model.layers.12.self_attn.o_proj.weight,7.763763427734375,7.615319728851318,0.994900107383728,7.368878846406005,0.0554674788997664,6.986776351928711,7.573673248291016,7.46354866027832,0.0,0.9704704284667968,0.9850746268656716,122.60008239746094,3684.779052734375,198162.265625,255.0,0.0003228187561035,89491739904.21497,"(2097152, 1)",122.60008239746094,60.7023811340332,0.0,255.0,255.0,257105664.0,198162.265625,0.0003228187561035,0.9996771812438964,"[4885.0, 9204.0, 6664.0, 8753.0, 4841.0, 4230.0, 6240.0, 19283.0, 15821.0, 21697.0, 18035.0, 8367.0, 9702.0, 16057.0, 31595.0, 20462.0, 26252.0, 13346.0, 9744.0, 15168.0, 35644.0, 38795.0, 22562.0, 25679.0, 8124.0, 20009.0, 25464.0, 46279.0, 27797.0, 33353.0, 16668.0, 10965.0, 38402.0, 34094.0, 46861.0, 25926.0, 25375.0, 6459.0, 32792.0, 33396.0, 52647.0, 43003.0, 20236.0, 13101.0, 18017.0, 44877.0, 34219.0, 44374.0, 22743.0, 17860.0, 19564.0, 25941.0, 47240.0, 27685.0, 33797.0, 13593.0, 12583.0, 20996.0, 43598.0, 28762.0, 36000.0, 22800.0, 5333.0, 26001.0, 26278.0, 41030.0, 23628.0, 26135.0, 7979.0, 16422.0, 33175.0, 25152.0, 32735.0, 17174.0, 14071.0, 7698.0, 25529.0, 21885.0, 29845.0, 17274.0, 17157.0, 8559.0, 13304.0, 25843.0, 16589.0, 21686.0, 10768.0, 7321.0, 8537.0, 17742.0, 18912.0, 11086.0, 13201.0, 4571.0, 4659.0, 5500.0, 9316.0, 5583.0, 7082.0, 3766.0]",0.9993211628616858,0.6065487008784269,1.0,0.8686232879133708,70
184,model.layers.20.self_attn.o_proj.weight,7.763312339782715,7.614311218261719,0.9948965311050416,7.368257401976734,0.05361232333084,7.005368232727051,7.537161350250244,7.457265377044678,0.0,0.9704140424728394,0.9751243781094528,122.68772888183594,3675.758056640625,198229.015625,255.0,0.0003242492675781,89366433632.24207,"(2097152, 1)",122.68772888183594,60.628028869628906,0.0,255.0,255.0,257288720.0,198229.015625,0.0003242492675781,0.999675750732422,"[4940.0, 9334.0, 6657.0, 8664.0, 4848.0, 4069.0, 6309.0, 19123.0, 15766.0, 21459.0, 17751.0, 8421.0, 9649.0, 15669.0, 31451.0, 20441.0, 26494.0, 13258.0, 9541.0, 15043.0, 35462.0, 38888.0, 22197.0, 25443.0, 8074.0, 19758.0, 25561.0, 46562.0, 27325.0, 33227.0, 16918.0, 10857.0, 38195.0, 34109.0, 46888.0, 26062.0, 25588.0, 6563.0, 32912.0, 33148.0, 52641.0, 43239.0, 20180.0, 13259.0, 18112.0, 45048.0, 34927.0, 44086.0, 23151.0, 17788.0, 19731.0, 26044.0, 46936.0, 27932.0, 33906.0, 13433.0, 12783.0, 20912.0, 43789.0, 28318.0, 36826.0, 22499.0, 5529.0, 26069.0, 26199.0, 41374.0, 23507.0, 26323.0, 7870.0, 16724.0, 33432.0, 25318.0, 32720.0, 17394.0, 13927.0, 7829.0, 25355.0, 21669.0, 30187.0, 16850.0, 17157.0, 8782.0, 13075.0, 25846.0, 16785.0, 21667.0, 10751.0, 7186.0, 8413.0, 17622.0, 18816.0, 10839.0, 13134.0, 4471.0, 4531.0, 5541.0, 9411.0, 5613.0, 7053.0, 4019.0]",0.9992313726026193,0.605699411809308,1.0,0.8683102614706425,71
49,model.layers.5.self_attn.o_proj.weight,7.763638019561768,7.614841461181641,0.9948984384536744,7.368394872522913,0.0562491884237291,6.895263671875,7.534914016723633,7.460136413574219,0.0,0.970454752445221,0.9800995024875622,122.61260223388672,3677.982421875,198143.09375,255.0,0.000338077545166,89325786454.75185,"(2097152, 1)",122.61260223388672,60.6463737487793,0.0,255.0,255.0,257131008.0,198143.09375,0.000338077545166,0.999661922454834,"[4801.0, 9359.0, 6841.0, 8836.0, 5074.0, 4114.0, 6174.0, 19051.0, 15690.0, 21498.0, 18326.0, 8421.0, 9730.0, 15649.0, 31140.0, 20138.0, 26534.0, 13301.0, 9579.0, 15183.0, 35889.0, 38487.0, 22528.0, 25571.0, 7981.0, 20163.0, 25716.0, 46311.0, 27099.0, 33395.0, 16686.0, 10885.0, 38575.0, 33752.0, 46678.0, 25976.0, 25752.0, 6459.0, 32490.0, 33627.0, 52656.0, 43351.0, 20088.0, 13084.0, 18291.0, 45213.0, 34980.0, 44159.0, 23002.0, 17760.0, 19787.0, 26141.0, 46945.0, 27913.0, 33872.0, 13711.0, 12609.0, 21088.0, 43501.0, 28552.0, 36462.0, 22773.0, 5490.0, 25829.0, 26308.0, 40889.0, 23502.0, 26349.0, 7936.0, 16797.0, 33351.0, 25374.0, 32707.0, 17201.0, 13959.0, 7759.0, 25348.0, 21523.0, 29787.0, 16945.0, 17505.0, 8814.0, 13049.0, 25527.0, 16423.0, 21541.0, 10674.0, 7207.0, 8310.0, 17692.0, 18882.0, 10949.0, 13455.0, 4600.0, 4733.0, 5562.0, 9458.0, 5669.0, 6941.0, 3710.0]",0.999296200030677,0.6054239171912856,1.0,0.8682400390739876,72
139,model.layers.15.self_attn.o_proj.weight,7.761621475219727,7.6113739013671875,0.9948861598968506,7.357837870833464,0.0639012344212715,6.772886753082275,7.537206649780273,7.4598259925842285,0.0,0.9702026844024658,0.9552238805970148,122.7212142944336,3673.24951171875,198258.5,255.0,0.0003223419189453,89343276534.6601,"(2097152, 1)",122.7212142944336,60.60733795166016,0.0,255.0,255.0,257360032.0,198258.5,0.0003223419189453,0.9996776580810548,"[4975.0, 9242.0, 6556.0, 8816.0, 4775.0, 4192.0, 6161.0, 18920.0, 15675.0, 21398.0, 17875.0, 8126.0, 9583.0, 15848.0, 31288.0, 20238.0, 26298.0, 13151.0, 9622.0, 14850.0, 35362.0, 39025.0, 22583.0, 25375.0, 8004.0, 20016.0, 25686.0, 46283.0, 27266.0, 33417.0, 16572.0, 11022.0, 38447.0, 34483.0, 47194.0, 26000.0, 25523.0, 6589.0, 32782.0, 33530.0, 52909.0, 43086.0, 20303.0, 12892.0, 17958.0, 45026.0, 34471.0, 44451.0, 23014.0, 17829.0, 19749.0, 25820.0, 47318.0, 28221.0, 33767.0, 13774.0, 12229.0, 20938.0, 43827.0, 28759.0, 36314.0, 22732.0, 5482.0, 25990.0, 26496.0, 41235.0, 23592.0, 26482.0, 7833.0, 16506.0, 33563.0, 25452.0, 32867.0, 17227.0, 14080.0, 7727.0, 25227.0, 22059.0, 29630.0, 16948.0, 17212.0, 8554.0, 13042.0, 25841.0, 16497.0, 21433.0, 10588.0, 7326.0, 8101.0, 17742.0, 19026.0, 11099.0, 13388.0, 4545.0, 4608.0, 5477.0, 9434.0, 5550.0, 7192.0, 3966.0]",0.9988948015046799,0.6055424598105035,1.0,0.8681457537717279,73
67,model.layers.7.self_attn.o_proj.weight,7.760973453521728,7.610348701477051,0.9948825240135192,7.365608699386939,0.0571718682016519,6.971453666687012,7.571272850036621,7.457054615020752,0.0,0.970121681690216,0.9402985074626866,122.7188949584961,3672.1171875,198249.546875,255.0,0.0003118515014648,89310951257.67033,"(2097152, 1)",122.7188949584961,60.59799575805664,0.0,255.0,255.0,257355648.0,198249.546875,0.0003118515014648,0.9996881484985352,"[4837.0, 9247.0, 6598.0, 8778.0, 4864.0, 4147.0, 6203.0, 19168.0, 15672.0, 21525.0, 17692.0, 8346.0, 9519.0, 15832.0, 31368.0, 20387.0, 26185.0, 13133.0, 9557.0, 15037.0, 35199.0, 38961.0, 22445.0, 25362.0, 7935.0, 19869.0, 25410.0, 46473.0, 27248.0, 33484.0, 16652.0, 10873.0, 39038.0, 34306.0, 47008.0, 25849.0, 25635.0, 6658.0, 32519.0, 32898.0, 52886.0, 43693.0, 19770.0, 13073.0, 17985.0, 44754.0, 35171.0, 44300.0, 23031.0, 17789.0, 19578.0, 26041.0, 47392.0, 28262.0, 33766.0, 13443.0, 12406.0, 20813.0, 43743.0, 29162.0, 36217.0, 22622.0, 5536.0, 26491.0, 25973.0, 41772.0, 23586.0, 26258.0, 7837.0, 16567.0, 33385.0, 25741.0, 33111.0, 17493.0, 13781.0, 7596.0, 25293.0, 21934.0, 29631.0, 16758.0, 17302.0, 8675.0, 13073.0, 25986.0, 16374.0, 21495.0, 10751.0, 7148.0, 8349.0, 17841.0, 18749.0, 10920.0, 13241.0, 4595.0, 4682.0, 5453.0, 9457.0, 5576.0, 7074.0, 3854.0]",0.9987658110585151,0.6053233685872837,1.0,0.8680297265485996,74
85,model.layers.9.self_attn.o_proj.weight,7.763963222503662,7.615472316741943,0.994900643825531,7.367629159707576,0.0550290405503643,6.842083930969238,7.536067008972168,7.454861640930176,0.0,0.9704954028129578,0.9900497512437813,122.62347412109376,3671.145263671875,198121.375,255.0,0.0003352165222167,89158121988.96509,"(2097152, 1)",122.62347412109376,60.5899772644043,0.0,255.0,255.0,257155712.0,198121.375,0.0003352165222167,0.9996647834777832,"[4906.0, 9149.0, 6887.0, 8589.0, 4856.0, 4191.0, 6300.0, 19412.0, 15602.0, 21407.0, 17900.0, 8515.0, 9575.0, 15750.0, 31231.0, 20263.0, 26379.0, 13021.0, 9709.0, 14895.0, 35473.0, 38783.0, 22137.0, 25677.0, 7929.0, 20027.0, 26192.0, 46080.0, 27118.0, 33540.0, 17017.0, 11153.0, 39002.0, 33724.0, 46757.0, 26235.0, 25401.0, 6443.0, 32976.0, 33233.0, 52058.0, 43342.0, 20028.0, 13372.0, 18179.0, 44927.0, 34713.0, 44354.0, 23180.0, 18026.0, 19896.0, 25822.0, 47346.0, 27948.0, 34039.0, 13960.0, 12806.0, 20732.0, 43909.0, 28603.0, 36383.0, 22465.0, 5590.0, 26361.0, 26252.0, 41041.0, 23408.0, 26444.0, 8109.0, 16748.0, 33309.0, 25146.0, 32235.0, 17355.0, 14139.0, 7481.0, 25609.0, 21685.0, 29688.0, 16993.0, 17272.0, 8783.0, 12983.0, 25964.0, 16547.0, 21427.0, 10905.0, 7150.0, 8337.0, 17448.0, 18522.0, 10840.0, 13231.0, 4563.0, 4539.0, 5511.0, 9238.0, 5613.0, 7172.0, 3992.0]",0.9993609325430274,0.6042875367385725,1.0,0.8678828230938667,75
22,model.layers.2.self_attn.o_proj.weight,7.758563995361328,7.605770587921143,0.9948662519454956,7.36447207047604,0.0559878892024094,7.090188026428223,7.536918640136719,7.454925060272217,0.0,0.969820499420166,0.8507462686567164,122.6339111328125,3669.48193359375,198124.78125,255.0,0.0003337860107421,89126971084.53758,"(2097152, 1)",122.6339111328125,60.57624816894531,0.0,255.0,255.0,257176896.0,198124.78125,0.0003337860107421,0.9996662139892578,"[4933.0, 9389.0, 6921.0, 8846.0, 4928.0, 4141.0, 6164.0, 18964.0, 15972.0, 21548.0, 17634.0, 8116.0, 9656.0, 15818.0, 31584.0, 20321.0, 26093.0, 12922.0, 9455.0, 14821.0, 35504.0, 39256.0, 22400.0, 25120.0, 7727.0, 19666.0, 25673.0, 46472.0, 27337.0, 33394.0, 16530.0, 10947.0, 38527.0, 34627.0, 47614.0, 26047.0, 25390.0, 6439.0, 32013.0, 33411.0, 53051.0, 43643.0, 19725.0, 12996.0, 17606.0, 44765.0, 35431.0, 44710.0, 22716.0, 17847.0, 19565.0, 25795.0, 48177.0, 28531.0, 33953.0, 13526.0, 12233.0, 21061.0, 44002.0, 29155.0, 36536.0, 22382.0, 5550.0, 25929.0, 26565.0, 41773.0, 23637.0, 26065.0, 7958.0, 16454.0, 33383.0, 25597.0, 32692.0, 17081.0, 13615.0, 7514.0, 24961.0, 21837.0, 30141.0, 17248.0, 17053.0, 8619.0, 12743.0, 25597.0, 16812.0, 21323.0, 10813.0, 7265.0, 8317.0, 17728.0, 18640.0, 11161.0, 13061.0, 4397.0, 4562.0, 5334.0, 9450.0, 5629.0, 7177.0, 3745.0]",0.9982862019897372,0.604076405067293,1.0,0.8674542023523434,76
121,model.layers.13.self_attn.o_proj.weight,7.762382507324219,7.612978935241699,0.9948918223381042,7.366119681391865,0.0550107199188624,6.893665313720703,7.517745971679688,7.458185195922852,0.0,0.9702978134155272,0.9601990049751244,122.60348510742188,3666.112548828125,198069.4375,255.0,0.0002899169921875,89002078648.80751,"(2097152, 1)",122.60348510742188,60.548431396484375,0.0,255.0,255.0,257113392.0,198069.4375,0.0002899169921875,0.9997100830078124,"[4704.0, 9215.0, 6795.0, 8867.0, 4810.0, 4253.0, 6213.0, 18941.0, 15657.0, 21559.0, 17832.0, 8378.0, 9658.0, 15833.0, 31603.0, 20107.0, 26488.0, 13157.0, 9607.0, 14883.0, 35196.0, 38767.0, 22688.0, 25636.0, 7978.0, 19946.0, 25686.0, 46365.0, 27346.0, 33522.0, 16815.0, 10804.0, 38373.0, 34182.0, 47267.0, 26004.0, 25542.0, 6778.0, 32835.0, 33503.0, 52375.0, 43011.0, 20282.0, 13179.0, 18163.0, 44824.0, 34461.0, 44247.0, 22915.0, 17899.0, 19833.0, 25987.0, 47452.0, 28068.0, 34090.0, 13713.0, 12643.0, 20926.0, 43954.0, 28659.0, 36357.0, 22527.0, 5542.0, 26476.0, 26367.0, 41409.0, 23728.0, 26180.0, 8080.0, 16654.0, 33527.0, 25278.0, 32798.0, 17223.0, 13948.0, 7793.0, 25400.0, 21860.0, 29721.0, 16595.0, 17352.0, 8801.0, 13382.0, 25583.0, 16229.0, 21407.0, 10465.0, 7172.0, 8352.0, 17741.0, 18668.0, 10786.0, 13085.0, 4431.0, 4526.0, 5558.0, 9367.0, 5531.0, 6925.0, 3854.0]",0.9990462869734646,0.6032299208585526,1.0,0.8674254026106724,77
166,model.layers.18.self_attn.o_proj.weight,7.760239601135254,7.609138011932373,0.9948782324790956,7.3638851516880095,0.0585364410402349,6.597963333129883,7.524515628814697,7.457692623138428,0.0,0.9700299501419068,0.9104477611940298,122.66603088378906,3664.276611328125,198139.21875,255.0,0.0003190040588378,89031654895.58601,"(2097152, 1)",122.66603088378906,60.53326797485352,0.0,255.0,255.0,257243792.0,198139.21875,0.0003190040588378,0.999680995941162,"[4878.0, 9179.0, 6679.0, 8773.0, 4783.0, 4095.0, 6217.0, 18996.0, 15609.0, 21739.0, 17552.0, 8088.0, 9612.0, 15756.0, 31238.0, 20427.0, 26119.0, 12865.0, 9583.0, 14918.0, 35458.0, 38772.0, 22217.0, 25371.0, 7932.0, 19950.0, 25702.0, 46519.0, 27476.0, 33577.0, 16611.0, 10834.0, 38654.0, 34334.0, 46851.0, 26120.0, 25785.0, 6516.0, 32710.0, 33907.0, 53252.0, 43503.0, 20148.0, 13086.0, 18242.0, 45416.0, 34899.0, 44173.0, 22918.0, 17977.0, 19610.0, 25901.0, 47477.0, 28135.0, 33847.0, 13753.0, 12675.0, 20967.0, 44091.0, 28904.0, 36306.0, 22396.0, 5601.0, 26068.0, 26094.0, 41240.0, 23876.0, 26509.0, 8035.0, 16357.0, 33474.0, 25279.0, 32567.0, 17313.0, 13773.0, 7552.0, 25241.0, 21484.0, 29775.0, 16937.0, 17226.0, 8487.0, 12804.0, 25921.0, 16389.0, 21454.0, 10906.0, 7015.0, 8165.0, 17837.0, 18874.0, 11011.0, 13196.0, 4492.0, 4496.0, 5496.0, 9256.0, 5625.0, 7153.0, 4096.0]",0.9986197357850444,0.6034303799632651,1.0,0.8673500385827698,78
103,model.layers.11.self_attn.o_proj.weight,7.760009288787842,7.608520984649658,0.9948760271072388,7.363824019441381,0.055864431102923,6.97228479385376,7.547759056091309,7.4513702392578125,0.0,0.9700011610984802,0.9054726368159204,122.6275634765625,3655.384765625,198042.8125,255.0,0.0003213882446289,88744343805.39793,"(2097152, 1)",122.6275634765625,60.45977783203125,0.0,255.0,255.0,257162752.0,198042.8125,0.0003213882446289,0.9996786117553712,"[4930.0, 9121.0, 6704.0, 8759.0, 4813.0, 4252.0, 6208.0, 18985.0, 15388.0, 21380.0, 17567.0, 8276.0, 9456.0, 15902.0, 31176.0, 20110.0, 26387.0, 13044.0, 9653.0, 14887.0, 35390.0, 38826.0, 22464.0, 25479.0, 7919.0, 19849.0, 25779.0, 45879.0, 27628.0, 33365.0, 16665.0, 10968.0, 38585.0, 34221.0, 47188.0, 25904.0, 25554.0, 6688.0, 32895.0, 33555.0, 53203.0, 43355.0, 20034.0, 13301.0, 18046.0, 45352.0, 34805.0, 44507.0, 23084.0, 18138.0, 19814.0, 26151.0, 47636.0, 28321.0, 34218.0, 13508.0, 12570.0, 21045.0, 44157.0, 29181.0, 36546.0, 22705.0, 5542.0, 25838.0, 26141.0, 41440.0, 23685.0, 26174.0, 7949.0, 16466.0, 33719.0, 25392.0, 32964.0, 17147.0, 13796.0, 7539.0, 24955.0, 21728.0, 29853.0, 16636.0, 17518.0, 8580.0, 13026.0, 25457.0, 16666.0, 21193.0, 10666.0, 7114.0, 8271.0, 17625.0, 18546.0, 11002.0, 12848.0, 4369.0, 4560.0, 5382.0, 9526.0, 5540.0, 7051.0, 3772.0]",0.9985738914984382,0.6014830698686344,1.0,0.8666856537890242,79
157,model.layers.17.self_attn.o_proj.weight,7.760832786560059,7.609985828399658,0.9948812127113342,7.365120512084104,0.0547797867370868,7.052546501159668,7.533004283905029,7.4508843421936035,0.0,0.9701040983200072,0.9353233830845772,122.60830688476562,3654.464111328125,198011.609375,255.0,0.0003333091735839,88693025867.36057,"(2097152, 1)",122.60830688476562,60.45216369628906,0.0,255.0,255.0,257122720.0,198011.609375,0.0003333091735839,0.999666690826416,"[4977.0, 9117.0, 6624.0, 8755.0, 4843.0, 4090.0, 6321.0, 19304.0, 15416.0, 20985.0, 17637.0, 8403.0, 9607.0, 16011.0, 31198.0, 20101.0, 26117.0, 13027.0, 9418.0, 14847.0, 35068.0, 38926.0, 22426.0, 25737.0, 8025.0, 19896.0, 25634.0, 46096.0, 27342.0, 33275.0, 16882.0, 11177.0, 38850.0, 34431.0, 47120.0, 26133.0, 25565.0, 6631.0, 32875.0, 33881.0, 52685.0, 43153.0, 20181.0, 13266.0, 18274.0, 45183.0, 34985.0, 44521.0, 23070.0, 17877.0, 19902.0, 26152.0, 47523.0, 28176.0, 34074.0, 13794.0, 12632.0, 21089.0, 43877.0, 28788.0, 36465.0, 22510.0, 5724.0, 26435.0, 26315.0, 41349.0, 23624.0, 26247.0, 7962.0, 16565.0, 33127.0, 25676.0, 32595.0, 17226.0, 13938.0, 7706.0, 25259.0, 21796.0, 29718.0, 16822.0, 17206.0, 8682.0, 12954.0, 25516.0, 16426.0, 21205.0, 10857.0, 7090.0, 8219.0, 17312.0, 18564.0, 10904.0, 12983.0, 4596.0, 4459.0, 5429.0, 9256.0, 5665.0, 7001.0, 3799.0]",0.9987378109248738,0.6011352519730203,1.0,0.8666243542992981,80
148,model.layers.16.self_attn.o_proj.weight,7.759137153625488,7.606858730316162,0.994870126247406,7.361781750107184,0.0578398653877312,6.861664295196533,7.5400543212890625,7.45111608505249,0.0,0.969892144203186,0.8855721393034826,122.58212280273438,3647.3798828125,197941.109375,255.0,0.0003466606140136,88469496869.13274,"(2097152, 1)",122.58212280273438,60.3935432434082,0.0,255.0,255.0,257067488.0,197941.109375,0.0003466606140136,0.9996533393859864,"[4838.0, 9071.0, 6761.0, 8965.0, 4793.0, 4173.0, 6274.0, 18994.0, 15459.0, 21084.0, 17822.0, 8104.0, 9514.0, 15624.0, 31260.0, 19862.0, 26120.0, 13026.0, 9456.0, 15212.0, 35430.0, 38738.0, 22368.0, 25272.0, 7679.0, 19954.0, 25645.0, 46284.0, 27034.0, 33589.0, 16812.0, 11087.0, 38682.0, 34130.0, 47667.0, 26355.0, 25691.0, 6515.0, 32933.0, 33715.0, 53132.0, 43439.0, 20280.0, 13239.0, 18180.0, 45240.0, 35554.0, 44712.0, 23074.0, 18011.0, 19896.0, 25896.0, 48409.0, 28262.0, 33977.0, 13703.0, 12390.0, 21086.0, 44157.0, 28764.0, 36548.0, 22887.0, 5414.0, 26009.0, 26144.0, 41344.0, 23577.0, 26042.0, 8091.0, 16582.0, 33797.0, 25245.0, 32482.0, 17380.0, 14120.0, 7707.0, 25232.0, 21488.0, 29530.0, 16711.0, 17476.0, 8528.0, 13007.0, 25282.0, 16137.0, 20977.0, 10665.0, 7221.0, 8110.0, 17330.0, 18474.0, 10999.0, 13215.0, 4422.0, 4452.0, 5325.0, 9366.0, 5512.0, 7113.0, 3818.0]",0.9984002906698621,0.599620238144606,1.0,0.8660068429381561,81
175,model.layers.19.self_attn.o_proj.weight,7.755372524261475,7.599573612213135,0.994844138622284,7.360572841367684,0.0557764003363786,6.911470413208008,7.528417587280273,7.456686019897461,0.0,0.9694215655326844,0.7960199004975125,122.60743713378906,3644.2626953125,197958.15625,255.0,0.0003347396850585,88420810218.03734,"(2097152, 1)",122.60743713378906,60.36772918701172,0.0,255.0,255.0,257121856.0,197958.15625,0.0003347396850585,0.9996652603149414,"[4841.0, 9002.0, 6714.0, 8591.0, 4828.0, 4160.0, 6239.0, 18614.0, 15588.0, 21494.0, 17653.0, 8118.0, 9530.0, 15598.0, 31372.0, 20237.0, 26239.0, 12870.0, 9413.0, 14763.0, 34896.0, 38773.0, 22438.0, 25196.0, 7976.0, 19894.0, 25564.0, 46695.0, 27701.0, 33403.0, 16531.0, 10924.0, 38433.0, 34690.0, 48130.0, 26113.0, 25047.0, 6632.0, 32125.0, 33742.0, 54017.0, 43802.0, 20067.0, 13131.0, 17755.0, 45566.0, 35799.0, 45159.0, 22928.0, 17768.0, 19198.0, 26171.0, 48687.0, 28871.0, 33948.0, 13534.0, 12577.0, 20738.0, 44613.0, 29091.0, 36447.0, 22367.0, 5362.0, 25937.0, 26533.0, 41608.0, 23559.0, 25729.0, 7826.0, 16308.0, 33378.0, 25867.0, 32656.0, 16892.0, 13675.0, 7562.0, 25007.0, 21748.0, 29979.0, 16905.0, 16918.0, 8754.0, 12905.0, 25651.0, 16524.0, 21101.0, 10565.0, 7070.0, 8051.0, 17594.0, 18715.0, 10866.0, 13002.0, 4475.0, 4563.0, 5363.0, 9261.0, 5554.0, 6942.0, 3746.0]",0.9976509311610549,0.5992902543382386,1.0,0.8656470618330978,82
58,model.layers.6.self_attn.o_proj.weight,7.755682468414307,7.600889205932617,0.9948488473892212,7.359705270151608,0.0594248774256338,6.662936210632324,7.55345630645752,7.454504013061523,0.0,0.9694603085517884,0.8009950248756219,122.64669799804688,3638.1904296875,197976.359375,255.0,0.0003042221069335,88312560951.22609,"(2097152, 1)",122.64669799804688,60.317413330078125,0.0,255.0,255.0,257203728.0,197976.359375,0.0003042221069335,0.9996957778930664,"[4696.0, 9089.0, 6637.0, 8737.0, 4813.0, 4199.0, 6027.0, 18599.0, 15656.0, 21295.0, 17729.0, 7982.0, 9487.0, 15554.0, 31170.0, 19753.0, 26004.0, 12857.0, 9434.0, 14992.0, 34951.0, 38993.0, 22378.0, 25130.0, 7852.0, 19737.0, 25706.0, 46599.0, 27654.0, 33721.0, 16601.0, 11105.0, 38524.0, 34436.0, 47130.0, 26313.0, 25481.0, 6568.0, 32628.0, 34199.0, 53853.0, 43686.0, 20128.0, 13092.0, 17879.0, 44971.0, 35544.0, 45302.0, 23086.0, 17815.0, 19600.0, 26326.0, 48385.0, 28667.0, 34112.0, 13799.0, 12409.0, 20827.0, 44615.0, 29329.0, 36687.0, 22710.0, 5466.0, 26030.0, 26179.0, 41731.0, 23545.0, 26233.0, 7722.0, 16546.0, 33556.0, 25710.0, 32737.0, 17136.0, 13663.0, 7446.0, 25057.0, 21514.0, 29669.0, 16891.0, 16977.0, 8663.0, 12892.0, 25137.0, 16477.0, 21162.0, 10643.0, 7049.0, 8170.0, 17507.0, 18592.0, 10711.0, 13122.0, 4376.0, 4524.0, 5306.0, 9472.0, 5442.0, 7120.0, 3741.0]",0.997712626370773,0.5985565726350369,1.0,0.86542306633527,83
130,model.layers.14.self_attn.o_proj.weight,7.755065441131592,7.599520683288574,0.9948439598083496,7.358703845879063,0.0580561985056655,6.972702980041504,7.543954849243164,7.451647281646728,0.0,0.969383180141449,0.7860696517412935,122.60726928710938,3640.5029296875,197936.671875,255.0,0.0003361701965332,88319753265.79752,"(2097152, 1)",122.60726928710938,60.336578369140625,0.0,255.0,255.0,257121280.0,197936.671875,0.0003361701965332,0.9996638298034668,"[4917.0, 9119.0, 6487.0, 8612.0, 4732.0, 4149.0, 6189.0, 18796.0, 15686.0, 21526.0, 17459.0, 8042.0, 9323.0, 15486.0, 31299.0, 19973.0, 26051.0, 12770.0, 9363.0, 14715.0, 34994.0, 38863.0, 22513.0, 25703.0, 7686.0, 19831.0, 25668.0, 47156.0, 27456.0, 33730.0, 16482.0, 11010.0, 38474.0, 34663.0, 47462.0, 26597.0, 25482.0, 6606.0, 32523.0, 33874.0, 53977.0, 43586.0, 19975.0, 12986.0, 18021.0, 45549.0, 35438.0, 45163.0, 22957.0, 17555.0, 19536.0, 26043.0, 48549.0, 28837.0, 33864.0, 13463.0, 12414.0, 20829.0, 44292.0, 29287.0, 36618.0, 22591.0, 5492.0, 25838.0, 26132.0, 41657.0, 23717.0, 26090.0, 7862.0, 16394.0, 33473.0, 25936.0, 32756.0, 17304.0, 13716.0, 7524.0, 24860.0, 21967.0, 29925.0, 16815.0, 16988.0, 8485.0, 12793.0, 25549.0, 16255.0, 21287.0, 10393.0, 7190.0, 7959.0, 17438.0, 18439.0, 10631.0, 13048.0, 4474.0, 4677.0, 5442.0, 9268.0, 5489.0, 7049.0, 3843.0]",0.9975898054455801,0.5986053200285313,1.0,0.8653983751580371,84
40,model.layers.4.self_attn.o_proj.weight,7.753560066223144,7.597001552581787,0.9948349595069884,7.358269612421282,0.0595103753669962,6.891314506530762,7.562049865722656,7.452231884002685,0.0,0.9691950082778932,0.7512437810945274,122.61314392089844,3625.254150390625,197864.171875,255.0,0.000312328338623,87923908333.85219,"(2097152, 1)",122.61314392089844,60.2100830078125,0.0,255.0,255.0,257133024.0,197864.171875,0.000312328338623,0.999687671661377,"[4848.0, 8807.0, 6748.0, 8674.0, 4818.0, 4041.0, 6181.0, 18648.0, 15386.0, 21188.0, 17327.0, 8009.0, 9600.0, 15603.0, 31127.0, 19729.0, 25750.0, 12752.0, 9355.0, 14788.0, 35330.0, 38881.0, 22262.0, 25134.0, 7792.0, 19896.0, 25826.0, 46385.0, 27606.0, 33366.0, 16625.0, 10976.0, 38713.0, 34834.0, 47797.0, 26349.0, 25499.0, 6573.0, 32427.0, 34174.0, 54389.0, 43803.0, 20055.0, 12919.0, 18077.0, 45128.0, 36064.0, 45410.0, 23156.0, 17656.0, 19647.0, 26300.0, 48368.0, 29008.0, 34212.0, 13525.0, 12746.0, 20975.0, 44234.0, 29410.0, 36838.0, 22575.0, 5490.0, 25740.0, 26324.0, 41799.0, 23784.0, 26371.0, 7926.0, 16301.0, 33342.0, 25769.0, 32991.0, 17175.0, 13845.0, 7530.0, 25165.0, 21688.0, 29673.0, 16604.0, 16835.0, 8714.0, 12562.0, 25254.0, 16169.0, 21284.0, 10483.0, 7065.0, 8106.0, 17452.0, 18337.0, 10619.0, 12751.0, 4462.0, 4407.0, 5395.0, 9267.0, 5540.0, 6950.0, 3664.0]",0.9972901565577645,0.595922399465385,1.0,0.8644041853410499,85
76,model.layers.8.self_attn.o_proj.weight,7.747135162353516,7.585808753967285,0.9947947263717652,7.3498842131812125,0.0635940302514378,6.695071697235107,7.524996757507324,7.441388607025147,0.0,0.9683918952941896,0.6616915422885572,122.6090850830078,3608.887451171875,197772.625,255.0,0.0003142356872558,87483404452.033,"(2097152, 1)",122.6090850830078,60.07401657104492,0.0,255.0,255.0,257125680.0,197772.625,0.0003142356872558,0.999685764312744,"[4761.0, 9324.0, 6904.0, 8897.0, 4768.0, 4008.0, 6006.0, 18583.0, 15375.0, 20694.0, 17270.0, 7891.0, 9086.0, 15329.0, 31122.0, 19878.0, 25533.0, 12425.0, 9245.0, 14806.0, 34735.0, 38850.0, 22015.0, 24893.0, 7439.0, 19666.0, 25480.0, 46474.0, 27322.0, 33445.0, 16173.0, 10774.0, 38709.0, 34994.0, 48162.0, 26441.0, 24889.0, 6315.0, 32875.0, 34543.0, 55288.0, 44354.0, 20041.0, 12680.0, 17785.0, 46402.0, 36979.0, 46542.0, 23315.0, 17852.0, 19551.0, 26361.0, 50168.0, 29159.0, 34861.0, 13797.0, 12348.0, 21072.0, 45110.0, 29569.0, 37003.0, 22500.0, 5325.0, 25829.0, 26440.0, 42077.0, 23881.0, 25909.0, 7644.0, 16097.0, 33126.0, 25292.0, 32691.0, 16818.0, 13466.0, 7193.0, 24770.0, 21699.0, 29268.0, 16596.0, 16752.0, 8329.0, 12511.0, 25065.0, 16162.0, 20756.0, 10497.0, 6798.0, 7738.0, 17158.0, 18160.0, 10807.0, 12887.0, 4505.0, 4406.0, 5412.0, 9538.0, 5831.0, 7123.0, 3760.0]",0.9960112623181608,0.592936793670534,1.0,0.8629826853295649,86
13,model.layers.1.self_attn.o_proj.weight,7.747797012329102,7.586986541748047,0.9947989583015442,7.352202739799395,0.0660849080973818,6.741575717926025,7.517020225524902,7.43930721282959,0.0,0.9684746265411376,0.6716417910447762,122.61412811279295,3601.857666015625,197740.8125,255.0,0.0003275871276855,87301374793.7782,"(2097152, 1)",122.61412811279295,60.015480041503906,0.0,255.0,255.0,257135296.0,197740.8125,0.0003275871276855,0.9996724128723145,"[4725.0, 9014.0, 6873.0, 8456.0, 4642.0, 4025.0, 5930.0, 18522.0, 15349.0, 20843.0, 17039.0, 7854.0, 9396.0, 15225.0, 30890.0, 20140.0, 25744.0, 12557.0, 9382.0, 14704.0, 34996.0, 38879.0, 22284.0, 24628.0, 7772.0, 19565.0, 25456.0, 46986.0, 27782.0, 33302.0, 16457.0, 10794.0, 38613.0, 34781.0, 48198.0, 26267.0, 25279.0, 6647.0, 32594.0, 34005.0, 55533.0, 44306.0, 20103.0, 13002.0, 17930.0, 45956.0, 36331.0, 46169.0, 23232.0, 17690.0, 19708.0, 26163.0, 49467.0, 29365.0, 34244.0, 13360.0, 12454.0, 20741.0, 45116.0, 30086.0, 37253.0, 22272.0, 5482.0, 25980.0, 26417.0, 42062.0, 24175.0, 26061.0, 7721.0, 16136.0, 33475.0, 25692.0, 33079.0, 17266.0, 13366.0, 7472.0, 24842.0, 21785.0, 29875.0, 16429.0, 16707.0, 8464.0, 12485.0, 24808.0, 16136.0, 20811.0, 10252.0, 6844.0, 7931.0, 17225.0, 18220.0, 10840.0, 12623.0, 4392.0, 4377.0, 5334.0, 9242.0, 5527.0, 6929.0, 3614.0]",0.9961430053198356,0.5917030501668993,1.0,0.8626153518289117,87
82,model.layers.9.self_attn.q_proj.weight,7.742021560668945,7.575430393218994,0.994757115840912,7.342267724568956,0.0796813775093596,6.658416748046875,7.52005672454834,7.445949554443359,0.0,0.9677526950836182,0.5870646766169154,122.6168212890625,3592.11376953125,197692.046875,255.0,0.0003190040588378,87046391214.42268,"(2097152, 1)",122.6168212890625,59.93424606323242,0.0,255.0,255.0,257141248.0,197692.046875,0.0003190040588378,0.999680995941162,"[4737.0, 9344.0, 6995.0, 8803.0, 4787.0, 3938.0, 5918.0, 18387.0, 15112.0, 20972.0, 17022.0, 7867.0, 9104.0, 15082.0, 30584.0, 20112.0, 25404.0, 12276.0, 9128.0, 14271.0, 34621.0, 38678.0, 22317.0, 24310.0, 7742.0, 19376.0, 25333.0, 46873.0, 27790.0, 32980.0, 16310.0, 10529.0, 38440.0, 35253.0, 48962.0, 26188.0, 24862.0, 6394.0, 32047.0, 34251.0, 56611.0, 44339.0, 19639.0, 12806.0, 18133.0, 46622.0, 38627.0, 47467.0, 23327.0, 17549.0, 19316.0, 26288.0, 51002.0, 30047.0, 34509.0, 13396.0, 12177.0, 20589.0, 45373.0, 30328.0, 37022.0, 22046.0, 5206.0, 25192.0, 26757.0, 42876.0, 23730.0, 25715.0, 7560.0, 15858.0, 33449.0, 25714.0, 32482.0, 16873.0, 13485.0, 7300.0, 24479.0, 21395.0, 29880.0, 16625.0, 16478.0, 8166.0, 12267.0, 25029.0, 16217.0, 20865.0, 10307.0, 6698.0, 7726.0, 16869.0, 18222.0, 10653.0, 12601.0, 4332.0, 4417.0, 5431.0, 9591.0, 5546.0, 7079.0, 3770.0]",0.9949933862735184,0.589974846435818,1.0,0.8616560775697787,88
109,model.layers.12.self_attn.q_proj.weight,7.742409706115723,7.577052593231201,0.9947630167007446,7.34482908656355,0.0740773952517412,6.683956146240234,7.537288188934326,7.441976547241211,0.0,0.9678012132644652,0.6019900497512438,122.54173278808594,3587.692138671875,197572.078125,255.0,0.0003089904785156,86834146602.43034,"(2097152, 1)",122.54173278808594,59.89734649658203,0.0,255.0,255.0,256984992.0,197572.078125,0.0003089904785156,0.9996910095214844,"[4804.0, 9058.0, 6805.0, 8919.0, 4704.0, 4088.0, 6004.0, 18434.0, 15152.0, 20639.0, 17118.0, 7750.0, 9103.0, 15214.0, 30607.0, 19652.0, 25622.0, 12430.0, 9154.0, 14358.0, 34640.0, 39108.0, 22287.0, 24718.0, 7671.0, 19276.0, 25384.0, 47028.0, 27759.0, 33066.0, 16215.0, 10625.0, 38909.0, 35290.0, 48722.0, 26377.0, 25274.0, 6326.0, 32498.0, 34798.0, 55885.0, 44743.0, 20077.0, 12585.0, 17771.0, 46418.0, 37479.0, 47027.0, 23282.0, 17555.0, 19658.0, 26422.0, 50746.0, 29874.0, 34492.0, 13533.0, 12362.0, 21044.0, 45475.0, 30301.0, 37176.0, 22103.0, 5371.0, 25452.0, 26397.0, 42401.0, 24038.0, 25701.0, 7619.0, 15762.0, 33209.0, 25888.0, 32728.0, 16652.0, 13160.0, 7277.0, 24505.0, 21276.0, 29684.0, 16728.0, 16249.0, 8466.0, 12528.0, 25034.0, 16111.0, 20657.0, 10222.0, 6734.0, 7790.0, 16899.0, 18009.0, 10611.0, 12605.0, 4186.0, 4303.0, 5268.0, 9688.0, 5715.0, 7028.0, 3607.0]",0.9950706476592268,0.5885363148594939,1.0,0.8612023208395736,89
118,model.layers.13.self_attn.q_proj.weight,7.741081714630127,7.574857711791992,0.9947550296783448,7.344031786429696,0.070848717428518,6.773277282714844,7.5373454093933105,7.440280914306641,0.0,0.967635214328766,0.5671641791044776,122.56082153320312,3585.5517578125,197584.0625,255.0,0.0002741813659667,86804147899.28903,"(2097152, 1)",122.56082153320312,59.87947845458984,0.0,255.0,255.0,257024448.0,197584.0625,0.0002741813659667,0.9997258186340332,"[4637.0, 9042.0, 6827.0, 8962.0, 4857.0, 4051.0, 5842.0, 18123.0, 15133.0, 20651.0, 17125.0, 8085.0, 8984.0, 15120.0, 30607.0, 19821.0, 25565.0, 12458.0, 8996.0, 14195.0, 34788.0, 39316.0, 22218.0, 24675.0, 7365.0, 18893.0, 25124.0, 47211.0, 27947.0, 33150.0, 16100.0, 10787.0, 38447.0, 35586.0, 49601.0, 26422.0, 24811.0, 6454.0, 32496.0, 34410.0, 56646.0, 44893.0, 19969.0, 12601.0, 17824.0, 46877.0, 37426.0, 47261.0, 23152.0, 17883.0, 19275.0, 26519.0, 50571.0, 29620.0, 34543.0, 13372.0, 12239.0, 20754.0, 45302.0, 30390.0, 37163.0, 22450.0, 5309.0, 25493.0, 26392.0, 41883.0, 23967.0, 25918.0, 7659.0, 15832.0, 33288.0, 25808.0, 32687.0, 16868.0, 13272.0, 7295.0, 24419.0, 21534.0, 29404.0, 16580.0, 16273.0, 8193.0, 12506.0, 24950.0, 16135.0, 21071.0, 10204.0, 6812.0, 7889.0, 16929.0, 18311.0, 10499.0, 12505.0, 4263.0, 4309.0, 5403.0, 9521.0, 5655.0, 6938.0, 3566.0]",0.9948063074145117,0.5883329924697641,1.0,0.8610464332947586,90
91,model.layers.10.self_attn.q_proj.weight,7.738738059997559,7.570021152496338,0.994737446308136,7.339440576848574,0.0843054785052005,6.7061591148376465,7.540935516357422,7.439264297485352,0.0,0.9673422574996948,0.5522388059701493,122.62344360351562,3578.0380859375,197626.125,255.0,0.0003190040588378,86681068987.40984,"(2097152, 1)",122.62344360351562,59.81670379638672,0.0,255.0,255.0,257155792.0,197626.125,0.0003190040588378,0.999680995941162,"[4782.0, 8929.0, 6924.0, 8892.0, 4717.0, 3915.0, 5873.0, 18183.0, 15005.0, 20772.0, 16710.0, 7556.0, 9014.0, 15188.0, 30518.0, 19771.0, 25390.0, 12342.0, 8866.0, 14344.0, 34545.0, 38773.0, 21893.0, 24746.0, 7443.0, 19269.0, 25294.0, 47499.0, 27878.0, 33034.0, 15975.0, 10566.0, 38389.0, 35619.0, 49473.0, 26533.0, 24917.0, 6401.0, 32353.0, 34717.0, 56980.0, 44733.0, 19658.0, 12682.0, 17963.0, 46771.0, 38664.0, 47891.0, 23537.0, 17528.0, 18909.0, 26228.0, 51246.0, 30248.0, 34570.0, 13378.0, 12219.0, 20624.0, 45533.0, 30622.0, 37119.0, 22064.0, 5408.0, 25312.0, 26343.0, 42482.0, 23969.0, 25746.0, 7669.0, 15865.0, 33124.0, 25638.0, 32674.0, 16938.0, 13216.0, 7185.0, 24463.0, 21429.0, 29587.0, 16449.0, 16224.0, 8096.0, 12408.0, 25104.0, 16077.0, 20777.0, 10052.0, 6624.0, 7703.0, 16867.0, 17862.0, 10709.0, 12623.0, 4308.0, 4415.0, 5455.0, 9642.0, 5759.0, 7013.0, 3762.0]",0.994339796713335,0.5874987997924761,1.0,0.860612865501937,91
64,model.layers.7.self_attn.q_proj.weight,7.737771034240723,7.568735122680664,0.9947327375411988,7.339007008704357,0.0872784479907192,6.148231029510498,7.556800842285156,7.44024658203125,0.0,0.9672213792800904,0.5422885572139303,122.52752685546876,3580.317626953125,197514.53125,255.0,0.0002884864807128,86622152323.22961,"(2097152, 1)",122.52752685546876,59.83575439453125,0.0,255.0,255.0,256953632.0,197514.53125,0.0002884864807128,0.9997115135192872,"[4661.0, 9142.0, 6991.0, 8847.0, 4797.0, 4041.0, 5681.0, 18196.0, 14999.0, 21020.0, 16886.0, 7757.0, 9040.0, 14955.0, 30870.0, 20171.0, 25533.0, 12450.0, 8942.0, 14185.0, 34799.0, 38915.0, 22101.0, 24317.0, 7493.0, 19039.0, 25451.0, 47108.0, 28121.0, 33155.0, 16030.0, 10500.0, 38349.0, 35735.0, 50015.0, 26724.0, 24701.0, 6329.0, 32147.0, 34874.0, 57199.0, 44477.0, 19765.0, 12453.0, 17647.0, 46264.0, 38334.0, 47749.0, 22982.0, 17292.0, 19257.0, 26522.0, 50989.0, 29981.0, 34274.0, 13277.0, 12200.0, 20638.0, 45484.0, 30503.0, 37217.0, 22166.0, 5357.0, 25501.0, 26806.0, 42853.0, 24167.0, 25807.0, 7428.0, 15768.0, 33135.0, 25782.0, 32645.0, 16970.0, 13262.0, 7248.0, 24560.0, 21572.0, 29696.0, 16244.0, 16267.0, 8196.0, 12403.0, 24848.0, 16240.0, 20649.0, 9999.0, 6588.0, 7745.0, 16953.0, 17986.0, 10441.0, 12491.0, 4162.0, 4380.0, 5408.0, 9513.0, 5688.0, 7008.0, 3649.0]",0.9941473076590145,0.5870994799652289,1.0,0.8604155958747478,92
127,model.layers.14.self_attn.q_proj.weight,7.736745834350586,7.56702995300293,0.994726538658142,7.338097108411603,0.0749563173299243,6.666864395141602,7.513182640075684,7.433237075805664,0.0,0.9670932292938232,0.5323383084577115,122.60539245605467,3570.14013671875,197560.90625,255.0,0.0003142356872558,86448876362.8506,"(2097152, 1)",122.60539245605467,59.75064849853515,0.0,255.0,255.0,257117440.0,197560.90625,0.0003142356872558,0.999685764312744,"[4677.0, 9020.0, 6868.0, 8801.0, 4620.0, 3959.0, 5887.0, 17887.0, 15345.0, 20665.0, 16590.0, 7626.0, 8854.0, 15026.0, 30509.0, 20162.0, 25444.0, 12184.0, 8836.0, 14192.0, 34535.0, 39017.0, 21783.0, 24209.0, 7520.0, 19189.0, 25567.0, 47262.0, 28001.0, 33399.0, 15991.0, 10578.0, 38179.0, 35887.0, 49681.0, 26522.0, 24861.0, 6439.0, 32281.0, 34818.0, 56652.0, 45249.0, 19701.0, 12646.0, 17934.0, 46700.0, 38268.0, 47847.0, 23217.0, 17502.0, 19500.0, 26731.0, 51061.0, 30558.0, 34524.0, 13264.0, 12180.0, 20813.0, 45717.0, 30472.0, 37528.0, 22137.0, 5387.0, 25307.0, 26684.0, 42938.0, 24100.0, 25649.0, 7491.0, 15685.0, 32641.0, 25635.0, 32859.0, 16689.0, 13138.0, 6907.0, 24368.0, 22003.0, 29856.0, 16464.0, 15991.0, 8233.0, 12310.0, 25026.0, 16080.0, 20434.0, 9749.0, 6638.0, 7769.0, 16970.0, 18100.0, 10562.0, 12373.0, 4241.0, 4412.0, 5334.0, 9716.0, 5676.0, 6989.0, 3676.0]",0.9939432388884082,0.5859250664520506,1.0,0.859956101780153,93
46,model.layers.5.self_attn.q_proj.weight,7.734001159667969,7.560884475708008,0.994704008102417,7.325114406761713,0.1453696271752991,5.946050643920898,7.527806282043457,7.435011863708496,0.0,0.966750144958496,0.4875621890547263,122.50918579101562,3557.371826171875,197368.53125,255.0,0.0002899169921875,85990385586.01698,"(2097152, 1)",122.50918579101562,59.643707275390625,0.0,255.0,255.0,256916064.0,197368.53125,0.0002899169921875,0.9997100830078124,"[4563.0, 8998.0, 6864.0, 9054.0, 4663.0, 4055.0, 5904.0, 18273.0, 14858.0, 20632.0, 16830.0, 7660.0, 9004.0, 14982.0, 30083.0, 19633.0, 25128.0, 12233.0, 8988.0, 14281.0, 34396.0, 38731.0, 22321.0, 24499.0, 7403.0, 19166.0, 25346.0, 46963.0, 28226.0, 32909.0, 15756.0, 10520.0, 38398.0, 35933.0, 49868.0, 26410.0, 24759.0, 6260.0, 31867.0, 34732.0, 58222.0, 45140.0, 19784.0, 12839.0, 17628.0, 46588.0, 39535.0, 48894.0, 23330.0, 17608.0, 19209.0, 26313.0, 52664.0, 31006.0, 34024.0, 13088.0, 12256.0, 20486.0, 45774.0, 31177.0, 37086.0, 21891.0, 5337.0, 25382.0, 26866.0, 42729.0, 24040.0, 25550.0, 7607.0, 15566.0, 33102.0, 25606.0, 32919.0, 16623.0, 13050.0, 7174.0, 24274.0, 21089.0, 28998.0, 16280.0, 16135.0, 8216.0, 12437.0, 24561.0, 15988.0, 20335.0, 9987.0, 6625.0, 7844.0, 16864.0, 17993.0, 10434.0, 12406.0, 4207.0, 4298.0, 5287.0, 9538.0, 5572.0, 6908.0, 3634.0]",0.9933969040774269,0.5828175507712645,1.0,0.8587381516162305,94
154,model.layers.17.self_attn.q_proj.weight,7.733109474182129,7.5601701736450195,0.9947013854980468,7.334246084326878,0.0759565422487966,6.6048054695129395,7.512111663818359,7.433185577392578,0.0,0.966638684272766,0.4825870646766169,122.49066162109376,3556.283203125,197338.5625,255.0,0.0003108978271484,85936218065.26622,"(2097152, 1)",122.49066162109376,59.63458251953125,0.0,255.0,255.0,256877152.0,197338.5625,0.0003108978271484,0.9996891021728516,"[4654.0, 9171.0, 6785.0, 8801.0, 4723.0, 3879.0, 5727.0, 18037.0, 15280.0, 20631.0, 16670.0, 7567.0, 8775.0, 14788.0, 30568.0, 19692.0, 25073.0, 12041.0, 8804.0, 14315.0, 34429.0, 39150.0, 22388.0, 24514.0, 7464.0, 18860.0, 25420.0, 47466.0, 28523.0, 33355.0, 15817.0, 10425.0, 38585.0, 36133.0, 49790.0, 26637.0, 24814.0, 6377.0, 31982.0, 35051.0, 58021.0, 45129.0, 19743.0, 12741.0, 17370.0, 46321.0, 38763.0, 48204.0, 23316.0, 17544.0, 18999.0, 26652.0, 51840.0, 30540.0, 34985.0, 13235.0, 11977.0, 20635.0, 46205.0, 31157.0, 37489.0, 21927.0, 5338.0, 25134.0, 26507.0, 42755.0, 24052.0, 26012.0, 7519.0, 15765.0, 32789.0, 25671.0, 32790.0, 16819.0, 13290.0, 7174.0, 23989.0, 21127.0, 29748.0, 16165.0, 16207.0, 8010.0, 12269.0, 24706.0, 15866.0, 20549.0, 9903.0, 6577.0, 7441.0, 16835.0, 17915.0, 10324.0, 12341.0, 4138.0, 4274.0, 5325.0, 9671.0, 5616.0, 6908.0, 3679.0]",0.9932194117048532,0.582450419241848,1.0,0.8585566103155671,95
163,model.layers.18.self_attn.q_proj.weight,7.730894565582275,7.556819915771484,0.9946890473365784,7.333731292630546,0.0761069619434661,6.728480339050293,7.529733657836914,7.43255615234375,0.0,0.9663618206977844,0.4676616915422885,122.56898498535156,3551.10205078125,197412.171875,255.0,0.0002775192260742,85900783988.87192,"(2097152, 1)",122.56898498535156,59.59112548828125,0.0,255.0,255.0,257041280.0,197412.171875,0.0002775192260742,0.9997224807739258,"[4514.0, 9113.0, 6979.0, 8812.0, 4757.0, 3870.0, 5638.0, 18029.0, 15086.0, 20824.0, 16763.0, 7430.0, 8705.0, 14651.0, 30342.0, 19631.0, 25116.0, 12161.0, 8901.0, 14017.0, 34569.0, 38700.0, 22220.0, 24351.0, 7376.0, 18733.0, 25342.0, 47679.0, 28485.0, 33157.0, 15849.0, 10281.0, 38172.0, 35596.0, 49742.0, 26991.0, 24406.0, 6241.0, 32047.0, 35165.0, 58285.0, 45534.0, 19770.0, 12583.0, 17552.0, 46912.0, 38863.0, 48337.0, 23390.0, 17319.0, 19008.0, 26519.0, 52134.0, 30785.0, 35080.0, 13214.0, 11981.0, 20973.0, 46018.0, 30964.0, 37763.0, 21776.0, 5373.0, 25332.0, 26859.0, 43309.0, 24503.0, 25621.0, 7387.0, 15566.0, 32806.0, 26047.0, 32870.0, 16834.0, 12939.0, 6909.0, 24133.0, 21319.0, 29602.0, 16270.0, 16086.0, 7760.0, 12165.0, 24517.0, 16289.0, 20398.0, 10008.0, 6675.0, 7540.0, 16733.0, 17939.0, 10567.0, 12150.0, 4144.0, 4215.0, 5282.0, 9611.0, 5704.0, 6877.0, 3612.0]",0.9927785282446366,0.5822102574903076,1.0,0.8583295952449813,96
172,model.layers.19.self_attn.q_proj.weight,7.728573799133301,7.552724361419678,0.9946739673614502,7.3287258291384205,0.086236873174041,6.6134796142578125,7.532191276550293,7.430616855621338,0.0,0.9660717248916626,0.4427860696517413,122.55152893066406,3547.7216796875,197370.796875,255.0,0.0002985000610351,85787006581.4673,"(2097152, 1)",122.55152893066406,59.56275177001953,0.0,255.0,255.0,257003696.0,197370.796875,0.0002985000610351,0.9997014999389648,"[4737.0, 9172.0, 6804.0, 8796.0, 4577.0, 3756.0, 5602.0, 17778.0, 15067.0, 20805.0, 16541.0, 7405.0, 8694.0, 14711.0, 30168.0, 19885.0, 25273.0, 11990.0, 8795.0, 14041.0, 34507.0, 38973.0, 22332.0, 24231.0, 7338.0, 18817.0, 25194.0, 48032.0, 28548.0, 33552.0, 15906.0, 10355.0, 38224.0, 36122.0, 50157.0, 26050.0, 24301.0, 6156.0, 31987.0, 35479.0, 58649.0, 45497.0, 19950.0, 12345.0, 17348.0, 47042.0, 39577.0, 48183.0, 23050.0, 17046.0, 18830.0, 26766.0, 52226.0, 30675.0, 34821.0, 13056.0, 11996.0, 20656.0, 46206.0, 31115.0, 38177.0, 21913.0, 5369.0, 25182.0, 26687.0, 43279.0, 24372.0, 25510.0, 7464.0, 15674.0, 33164.0, 25818.0, 33078.0, 16724.0, 12939.0, 7077.0, 24090.0, 21600.0, 29381.0, 16072.0, 16056.0, 7914.0, 12117.0, 24479.0, 15830.0, 20342.0, 9848.0, 6514.0, 7600.0, 16587.0, 17927.0, 10612.0, 12154.0, 4046.0, 4232.0, 5362.0, 9589.0, 5680.0, 7196.0, 3605.0]",0.9923165734974086,0.5814391076755375,1.0,0.8579185603909821,97
28,model.layers.3.self_attn.q_proj.weight,7.730605125427246,7.5543036460876465,0.9946798086166382,7.32029923517257,0.157318133390708,5.830181121826172,7.539769649505615,7.431922435760498,0.0,0.9663256406784058,0.4626865671641791,122.46798706054688,3548.933837890625,197269.28125,255.0,0.0002923011779785,85714240539.07498,"(2097152, 1)",122.46798706054688,59.57292938232422,0.0,255.0,255.0,256830240.0,197269.28125,0.0002923011779785,0.9997076988220216,"[4504.0, 8965.0, 6996.0, 9097.0, 4658.0, 3932.0, 5791.0, 18020.0, 15095.0, 20363.0, 16748.0, 7606.0, 8987.0, 15016.0, 30208.0, 19815.0, 25242.0, 12420.0, 8951.0, 14275.0, 34410.0, 38829.0, 22078.0, 24232.0, 7548.0, 19076.0, 25007.0, 46907.0, 27812.0, 33042.0, 15734.0, 10410.0, 37950.0, 36068.0, 50052.0, 26488.0, 24510.0, 6244.0, 32121.0, 35132.0, 59530.0, 44858.0, 19955.0, 12462.0, 17543.0, 46598.0, 40803.0, 49376.0, 23227.0, 17323.0, 19032.0, 26189.0, 52908.0, 31028.0, 34520.0, 13223.0, 12006.0, 20440.0, 45885.0, 31564.0, 37226.0, 21564.0, 5247.0, 24858.0, 26454.0, 43055.0, 24001.0, 25458.0, 7431.0, 15654.0, 32891.0, 25845.0, 32642.0, 16972.0, 13203.0, 6998.0, 23915.0, 21407.0, 29344.0, 16179.0, 16244.0, 8190.0, 12216.0, 24396.0, 15732.0, 20334.0, 10159.0, 6566.0, 7720.0, 16558.0, 17640.0, 10333.0, 12435.0, 4174.0, 4283.0, 5495.0, 9520.0, 5576.0, 6869.0, 3559.0]",0.9927209144103306,0.5809459208347367,1.0,0.857888945081689,98
181,model.layers.20.self_attn.q_proj.weight,7.725111484527588,7.545154571533203,0.9946459531784058,7.322739395080134,0.1053482057129795,6.488588809967041,7.542359352111816,7.429039001464844,0.0,0.9656389355659484,0.4129353233830846,122.54782104492188,3534.28857421875,197294.28125,255.0,0.0002975463867187,85426547633.53337,"(2097152, 1)",122.54782104492188,59.44988250732422,0.0,255.0,255.0,256997856.0,197294.28125,0.0002975463867187,0.9997024536132812,"[4672.0, 9025.0, 6969.0, 8819.0, 4754.0, 3830.0, 5846.0, 17625.0, 14803.0, 20555.0, 16362.0, 7599.0, 8757.0, 14898.0, 29962.0, 19576.0, 25204.0, 12174.0, 8613.0, 13732.0, 34427.0, 38907.0, 21868.0, 24134.0, 7239.0, 18688.0, 25079.0, 47415.0, 28371.0, 33124.0, 15837.0, 10274.0, 38032.0, 36575.0, 50541.0, 26367.0, 24635.0, 6182.0, 31653.0, 35346.0, 60130.0, 45363.0, 19283.0, 12222.0, 17239.0, 47132.0, 40251.0, 49539.0, 23183.0, 17113.0, 18820.0, 26421.0, 53570.0, 31561.0, 34576.0, 13178.0, 11755.0, 20432.0, 46447.0, 31922.0, 37655.0, 21460.0, 5190.0, 25096.0, 26766.0, 43414.0, 24456.0, 25712.0, 7298.0, 15493.0, 33257.0, 26073.0, 32854.0, 16650.0, 12980.0, 6939.0, 23936.0, 21280.0, 29382.0, 16176.0, 15939.0, 7893.0, 12012.0, 24565.0, 15846.0, 20347.0, 9786.0, 6673.0, 7409.0, 16349.0, 17611.0, 10324.0, 12110.0, 4129.0, 4231.0, 5311.0, 9599.0, 5720.0, 6905.0, 3720.0]",0.991627390547003,0.5789960229079004,1.0,0.8568744711516345,99
37,model.layers.4.self_attn.q_proj.weight,7.727784156799316,7.549130439758301,0.9946606755256652,7.320064370636828,0.1441838426853962,6.003981113433838,7.522633552551269,7.428074836730957,0.0,0.9659730195999146,0.4378109452736318,122.49954223632812,3533.182861328125,197226.9375,255.0,0.0003037452697753,85336509908.1183,"(2097152, 1)",122.49954223632812,59.440582275390625,0.0,255.0,255.0,256896528.0,197226.9375,0.0003037452697753,0.9996962547302246,"[4465.0, 8975.0, 7016.0, 9090.0, 4752.0, 3866.0, 5710.0, 17673.0, 14900.0, 20442.0, 16721.0, 7574.0, 8871.0, 14724.0, 30268.0, 20006.0, 25180.0, 11998.0, 8646.0, 14076.0, 34164.0, 38634.0, 21924.0, 23855.0, 7357.0, 18766.0, 25046.0, 46974.0, 28016.0, 32556.0, 16031.0, 10225.0, 37969.0, 35871.0, 50383.0, 26413.0, 24529.0, 6395.0, 31768.0, 35255.0, 59844.0, 45697.0, 19880.0, 12706.0, 17848.0, 47471.0, 41033.0, 49452.0, 23352.0, 17511.0, 19273.0, 26764.0, 52894.0, 31354.0, 34823.0, 13281.0, 12126.0, 20458.0, 46622.0, 31498.0, 37779.0, 21874.0, 5253.0, 25068.0, 26296.0, 42806.0, 23862.0, 25303.0, 7615.0, 15614.0, 32523.0, 25663.0, 32583.0, 16557.0, 12924.0, 6929.0, 23767.0, 21296.0, 29313.0, 15948.0, 16073.0, 7926.0, 12174.0, 24217.0, 16002.0, 20181.0, 9983.0, 6686.0, 7559.0, 16430.0, 18062.0, 10436.0, 12036.0, 4111.0, 4256.0, 5195.0, 9621.0, 5570.0, 7114.0, 3576.0]",0.9921593930861882,0.5783857736777591,1.0,0.8568483889213158,100
145,model.layers.16.self_attn.q_proj.weight,7.725732326507568,7.545851707458496,0.9946485161781312,7.322836012579501,0.1134258435739667,6.013249397277832,7.549750804901123,7.423081398010254,0.0,0.965716540813446,0.417910447761194,122.49714660644533,3530.091552734375,197207.703125,255.0,0.0002903938293457,85253002190.48764,"(2097152, 1)",122.49714660644533,59.414573669433594,0.0,255.0,255.0,256889536.0,197207.703125,0.0002903938293457,0.9997096061706544,"[4639.0, 8932.0, 6980.0, 8671.0, 4591.0, 3828.0, 5678.0, 17897.0, 15061.0, 20519.0, 16403.0, 7508.0, 8921.0, 14732.0, 30127.0, 19547.0, 25016.0, 11928.0, 8790.0, 14096.0, 34244.0, 38842.0, 22026.0, 24075.0, 7228.0, 18548.0, 25106.0, 47555.0, 28338.0, 32956.0, 15596.0, 10391.0, 38062.0, 36456.0, 50834.0, 26414.0, 24417.0, 6379.0, 32125.0, 35195.0, 60342.0, 45405.0, 19531.0, 12422.0, 17421.0, 47235.0, 40923.0, 49523.0, 23173.0, 17336.0, 18944.0, 26456.0, 53086.0, 31578.0, 34491.0, 13369.0, 12027.0, 20212.0, 46349.0, 31531.0, 37575.0, 21713.0, 5351.0, 24960.0, 26834.0, 43313.0, 24300.0, 25393.0, 7417.0, 15365.0, 32625.0, 25852.0, 32310.0, 16471.0, 12874.0, 7093.0, 24157.0, 21424.0, 29625.0, 15961.0, 16234.0, 7909.0, 12130.0, 24458.0, 15751.0, 20079.0, 9924.0, 6547.0, 7534.0, 16527.0, 17676.0, 10384.0, 12094.0, 4176.0, 4179.0, 5183.0, 9506.0, 5623.0, 7023.0, 3597.0]",0.991750970797854,0.5778197829204399,1.0,0.8565235845727646,101
55,model.layers.6.self_attn.q_proj.weight,7.724241256713867,7.543423175811768,0.99463951587677,7.321524895960465,0.1134398261681028,6.200754165649414,7.52138614654541,7.428840637207031,0.0,0.9655301570892334,0.4029850746268656,122.5870361328125,3527.268310546875,197309.125,255.0,0.0002832412719726,85291781302.70396,"(2097152, 1)",122.5870361328125,59.390811920166016,0.0,255.0,255.0,257079456.0,197309.125,0.0002832412719726,0.9997167587280272,"[4563.0, 8820.0, 6970.0, 9013.0, 4624.0, 3784.0, 5609.0, 17445.0, 14672.0, 20317.0, 16186.0, 7544.0, 8747.0, 14710.0, 30421.0, 19832.0, 24918.0, 11901.0, 8730.0, 13733.0, 34251.0, 39043.0, 21989.0, 23926.0, 7286.0, 18684.0, 24975.0, 47730.0, 28461.0, 32650.0, 15582.0, 10301.0, 38226.0, 36290.0, 51089.0, 26768.0, 24345.0, 6425.0, 31860.0, 35700.0, 60037.0, 45302.0, 19506.0, 12560.0, 17379.0, 47603.0, 40155.0, 49111.0, 22932.0, 17220.0, 18914.0, 26387.0, 53827.0, 30966.0, 35004.0, 12950.0, 12067.0, 20245.0, 46478.0, 32025.0, 37811.0, 22068.0, 5239.0, 24878.0, 26912.0, 44231.0, 24133.0, 25241.0, 7426.0, 15375.0, 32717.0, 26186.0, 32731.0, 16426.0, 12809.0, 6995.0, 23814.0, 21326.0, 29327.0, 16133.0, 15776.0, 7820.0, 12157.0, 24131.0, 16003.0, 20168.0, 9809.0, 6576.0, 7506.0, 16564.0, 17957.0, 10425.0, 12176.0, 4051.0, 4404.0, 5343.0, 9601.0, 5775.0, 6915.0, 3429.0]",0.9914541693812561,0.5780826163412808,1.0,0.8565122619075124,102
19,model.layers.2.self_attn.q_proj.weight,7.726974964141846,7.549385070800781,0.9946616291999816,7.324862696463242,0.1020921080487137,6.099546432495117,7.529419898986816,7.426787853240967,0.0,0.9658718705177308,0.4278606965174129,122.61996459960938,3520.265625,197315.640625,255.0,0.0002903938293457,85147519033.69824,"(2097152, 1)",122.61996459960938,59.331825256347656,0.0,255.0,255.0,257148864.0,197315.640625,0.0002903938293457,0.9997096061706544,"[4331.0, 8822.0, 6774.0, 8568.0, 4596.0, 3944.0, 5512.0, 17436.0, 14891.0, 20020.0, 16631.0, 7510.0, 8737.0, 14703.0, 29759.0, 19629.0, 24905.0, 12021.0, 9016.0, 13737.0, 33943.0, 38728.0, 22128.0, 24142.0, 7466.0, 19034.0, 25386.0, 47738.0, 28073.0, 33441.0, 16100.0, 10462.0, 38433.0, 36720.0, 50458.0, 26534.0, 24734.0, 6395.0, 31752.0, 35462.0, 58806.0, 45813.0, 19691.0, 12766.0, 17591.0, 47226.0, 39369.0, 48885.0, 23249.0, 17271.0, 18915.0, 26592.0, 52619.0, 31448.0, 34800.0, 13054.0, 12126.0, 20440.0, 46281.0, 31439.0, 37791.0, 21826.0, 5349.0, 25271.0, 26561.0, 43738.0, 24207.0, 25534.0, 7627.0, 15784.0, 33176.0, 26042.0, 32899.0, 16777.0, 13277.0, 7254.0, 23968.0, 21614.0, 29481.0, 16296.0, 15997.0, 8134.0, 12184.0, 24230.0, 15767.0, 20366.0, 9837.0, 6562.0, 7694.0, 16499.0, 17592.0, 10224.0, 11984.0, 3989.0, 4261.0, 5256.0, 9381.0, 5472.0, 6673.0, 3526.0]",0.9919983211309703,0.5771048490976799,1.0,0.85636772340955,103
100,model.layers.11.self_attn.q_proj.weight,7.723176002502441,7.542266845703125,0.9946352243423462,7.323310759966262,0.0977409569892769,6.429637432098389,7.513069152832031,7.422240257263184,0.0,0.9653970003128052,0.3830845771144278,122.57372283935548,3522.09130859375,197265.578125,255.0,0.0003027915954589,85136888985.22362,"(2097152, 1)",122.57372283935548,59.34720993041992,0.0,255.0,255.0,257051712.0,197265.578125,0.0003027915954589,0.999697208404541,"[4561.0, 8817.0, 6933.0, 8799.0, 4711.0, 3768.0, 5636.0, 17498.0, 14911.0, 20289.0, 16397.0, 7370.0, 8654.0, 14404.0, 30465.0, 19723.0, 25016.0, 11771.0, 8715.0, 13767.0, 34388.0, 38770.0, 21855.0, 23977.0, 7350.0, 18519.0, 25086.0, 47867.0, 28398.0, 32571.0, 15581.0, 10190.0, 38161.0, 36294.0, 50714.0, 26337.0, 24551.0, 6341.0, 31942.0, 35566.0, 60137.0, 46105.0, 19752.0, 12529.0, 17674.0, 47458.0, 40227.0, 49483.0, 23579.0, 17121.0, 18868.0, 26663.0, 53580.0, 31939.0, 34665.0, 13068.0, 12051.0, 20240.0, 46578.0, 31685.0, 37943.0, 21975.0, 5330.0, 24902.0, 26458.0, 43448.0, 24264.0, 25447.0, 7322.0, 15299.0, 32834.0, 25891.0, 32805.0, 16519.0, 12762.0, 6940.0, 23737.0, 21406.0, 29386.0, 16264.0, 15730.0, 7650.0, 12001.0, 24496.0, 16047.0, 20199.0, 9938.0, 6380.0, 7378.0, 16602.0, 18084.0, 10418.0, 12008.0, 4023.0, 4172.0, 5170.0, 9562.0, 5734.0, 6987.0, 3576.0]",0.9912421276912401,0.5770328017545456,1.0,0.8560916431485953,104
136,model.layers.15.self_attn.q_proj.weight,7.723653793334961,7.542787075042725,0.994637131690979,7.324668504763395,0.0853945815012019,6.692704200744629,7.53875732421875,7.425444602966309,0.0,0.96545672416687,0.3880597014925373,122.38746643066406,3521.17578125,197017.0,255.0,0.0002903938293457,84879383699.8722,"(2097152, 1)",122.38746643066406,59.33949661254883,0.0,255.0,255.0,256660624.0,197017.0,0.0002903938293457,0.9997096061706544,"[4576.0, 9044.0, 7100.0, 9005.0, 4550.0, 3754.0, 5779.0, 17458.0, 15119.0, 20496.0, 16421.0, 7319.0, 8838.0, 14695.0, 29977.0, 19739.0, 25035.0, 11862.0, 8691.0, 13737.0, 34392.0, 38982.0, 21887.0, 23977.0, 7204.0, 18703.0, 25252.0, 47869.0, 28206.0, 32925.0, 15696.0, 10402.0, 38151.0, 36966.0, 50985.0, 26705.0, 24624.0, 6387.0, 31916.0, 35521.0, 60118.0, 46020.0, 19621.0, 12648.0, 17050.0, 47340.0, 40527.0, 49490.0, 23362.0, 17370.0, 19031.0, 26821.0, 53242.0, 31294.0, 34634.0, 13293.0, 12154.0, 20623.0, 46440.0, 31236.0, 37861.0, 21799.0, 5072.0, 24710.0, 26592.0, 43872.0, 24077.0, 25377.0, 7322.0, 15179.0, 32782.0, 25684.0, 32620.0, 16525.0, 12654.0, 6914.0, 23825.0, 21429.0, 29574.0, 16006.0, 15717.0, 7888.0, 11785.0, 24248.0, 15861.0, 20336.0, 9761.0, 6566.0, 7428.0, 16435.0, 17976.0, 10261.0, 11934.0, 4147.0, 4165.0, 5286.0, 9512.0, 5536.0, 6674.0, 3503.0]",0.9913372332299132,0.5752875066416513,1.0,0.8555415799571882,105
190,model.layers.21.self_attn.q_proj.weight,7.7184834480285645,7.532288074493408,0.9945979714393616,7.317322974908166,0.0941600310342632,6.820746421813965,7.521985054016113,7.42169189453125,0.0,0.9648104310035706,0.3681592039800995,122.53134155273438,3514.9697265625,197170.75,255.0,0.00028657913208,84895913975.61711,"(2097152, 1)",122.53134155273438,59.28718185424805,0.0,255.0,255.0,256962144.0,197170.75,0.00028657913208,0.99971342086792,"[4430.0, 8989.0, 7016.0, 8854.0, 4614.0, 3985.0, 5631.0, 17623.0, 14733.0, 20027.0, 16578.0, 7529.0, 8455.0, 14826.0, 29992.0, 19467.0, 24683.0, 12009.0, 8607.0, 13853.0, 34083.0, 38444.0, 22026.0, 23827.0, 7146.0, 18552.0, 25282.0, 47672.0, 28142.0, 32898.0, 15318.0, 10216.0, 38049.0, 36810.0, 51583.0, 26500.0, 23969.0, 6169.0, 31569.0, 35692.0, 61618.0, 45905.0, 19280.0, 12300.0, 16997.0, 47415.0, 41588.0, 50646.0, 22838.0, 16989.0, 18460.0, 26625.0, 54727.0, 32143.0, 34523.0, 12843.0, 11653.0, 20468.0, 46971.0, 32381.0, 37879.0, 21569.0, 5166.0, 24866.0, 26804.0, 44081.0, 24176.0, 25233.0, 7082.0, 15301.0, 32521.0, 25688.0, 32711.0, 16711.0, 12860.0, 6941.0, 23664.0, 21287.0, 29076.0, 16113.0, 15740.0, 7887.0, 12163.0, 23832.0, 15438.0, 20138.0, 9871.0, 6468.0, 7458.0, 16297.0, 17535.0, 10428.0, 12385.0, 4020.0, 4407.0, 5462.0, 9661.0, 5688.0, 6849.0, 3478.0]",0.9903080622161073,0.5753995439904499,1.0,0.855235868735519,106
73,model.layers.8.self_attn.q_proj.weight,7.708746910095215,7.511020660400391,0.994517743587494,7.297272539231926,0.1598148398919157,6.266759395599365,7.519855976104736,7.418390274047852,0.0,0.963593363761902,0.3333333333333333,122.46288299560548,3478.95263671875,196885.671875,255.0,0.0002994537353515,83856558900.61177,"(2097152, 1)",122.46288299560548,58.98264694213867,0.0,255.0,255.0,256820816.0,196885.671875,0.0002994537353515,0.9997005462646484,"[4483.0, 8796.0, 6800.0, 8738.0, 4582.0, 3815.0, 5629.0, 17162.0, 14810.0, 20421.0, 16308.0, 7189.0, 8755.0, 14322.0, 29722.0, 19936.0, 24371.0, 11497.0, 8615.0, 13545.0, 33627.0, 38806.0, 21411.0, 23165.0, 6975.0, 18088.0, 24162.0, 48255.0, 28377.0, 31799.0, 15114.0, 10024.0, 37326.0, 36921.0, 52486.0, 25974.0, 23786.0, 6396.0, 31497.0, 36155.0, 64810.0, 45590.0, 19330.0, 12670.0, 17240.0, 48259.0, 45503.0, 52261.0, 23189.0, 17279.0, 18780.0, 26554.0, 56627.0, 32900.0, 34423.0, 12854.0, 11909.0, 19756.0, 47214.0, 33385.0, 37168.0, 21199.0, 5365.0, 23631.0, 26572.0, 44661.0, 23716.0, 24602.0, 7185.0, 14772.0, 32038.0, 26224.0, 32248.0, 15987.0, 12479.0, 6921.0, 23232.0, 20875.0, 29311.0, 15662.0, 15400.0, 7598.0, 11659.0, 24107.0, 16063.0, 19851.0, 9557.0, 6314.0, 7401.0, 16098.0, 18233.0, 10103.0, 11739.0, 3875.0, 4070.0, 5180.0, 9649.0, 5774.0, 6753.0, 3507.0]",0.9883699783895922,0.5683551008812798,1.0,0.8522416930902906,107
4,model.layers.0.self_attn.o_proj.weight,7.640299320220947,7.383138179779053,0.9940096139907836,7.210014033596963,0.2816735560777041,1.087266206741333,7.516893863677979,7.357128620147705,0.0,0.9550374150276184,0.2786069651741293,122.332763671875,3251.90771484375,195506.09375,255.0,0.000244140625,77756240823.00688,"(2097152, 1)",122.332763671875,57.0255012512207,0.0,255.0,255.0,256548672.0,195506.09375,0.000244140625,0.999755859375,"[3783.0, 7933.0, 6860.0, 8053.0, 4056.0, 3551.0, 4747.0, 15286.0, 13022.0, 18185.0, 14441.0, 6464.0, 7686.0, 12733.0, 27716.0, 18434.0, 22784.0, 10468.0, 7787.0, 12135.0, 32104.0, 38207.0, 20941.0, 21558.0, 6465.0, 16664.0, 23981.0, 49688.0, 28889.0, 31089.0, 14036.0, 9272.0, 36716.0, 40283.0, 57657.0, 26672.0, 22140.0, 6203.0, 29604.0, 38159.0, 76376.0, 49434.0, 18101.0, 11804.0, 15816.0, 50274.0, 56970.0, 59488.0, 22572.0, 15818.0, 17159.0, 26293.0, 66342.0, 38759.0, 35600.0, 11531.0, 11085.0, 18897.0, 50805.0, 37703.0, 39991.0, 19809.0, 5136.0, 22561.0, 26826.0, 47463.0, 24857.0, 23409.0, 6713.0, 13758.0, 31264.0, 26091.0, 32623.0, 15325.0, 11340.0, 6136.0, 21921.0, 19980.0, 28041.0, 14541.0, 13957.0, 6919.0, 10556.0, 22164.0, 14644.0, 18266.0, 8604.0, 5668.0, 6554.0, 14303.0, 15807.0, 8871.0, 10286.0, 3367.0, 3821.0, 4645.0, 9052.0, 5640.0, 6025.0, 2939.0]",0.9747453031911422,0.5270089385552733,1.0,0.8339180805821385,108
10,model.layers.1.self_attn.q_proj.weight,7.497031211853027,7.0724711418151855,0.9925702810287476,7.09263226413168,0.1866219564543111,6.024040222167969,7.468671321868896,7.282254219055176,0.0,0.9371289014816284,0.2537313432835821,122.05840301513672,2973.952392578125,193652.890625,255.0,0.0002365112304687,70278575780.64003,"(2097152, 1)",122.05840301513672,54.53395462036133,0.0,255.0,255.0,255996320.0,193652.890625,0.0002365112304687,0.9997634887695312,"[3328.0, 7610.0, 8453.0, 8254.0, 3488.0, 2796.0, 3740.0, 12473.0, 11644.0, 20013.0, 11740.0, 4835.0, 6056.0, 10147.0, 23750.0, 21685.0, 18803.0, 8127.0, 6224.0, 9573.0, 26587.0, 41342.0, 17760.0, 17337.0, 5218.0, 13860.0, 20090.0, 53522.0, 26683.0, 26125.0, 11505.0, 8371.0, 31584.0, 36465.0, 63316.0, 23094.0, 18856.0, 5747.0, 27082.0, 35693.0, 85323.0, 45621.0, 16566.0, 12701.0, 23048.0, 73282.0, 99501.0, 87493.0, 33370.0, 23216.0, 16008.0, 25369.0, 75069.0, 36191.0, 33080.0, 10821.0, 9910.0, 16460.0, 45687.0, 44454.0, 34658.0, 16827.0, 4647.0, 19065.0, 23391.0, 52205.0, 21610.0, 19538.0, 5713.0, 10981.0, 26094.0, 31087.0, 28732.0, 12486.0, 9335.0, 4689.0, 17008.0, 17779.0, 30758.0, 12184.0, 11101.0, 5560.0, 8055.0, 18879.0, 17471.0, 15414.0, 6699.0, 4419.0, 4846.0, 11784.0, 17602.0, 7637.0, 8388.0, 2796.0, 3036.0, 4241.0, 10582.0, 5364.0, 5683.0, 2662.0]",0.9462274043667301,0.4763275234670633,1.0,0.8075183092779312,109
48,model.layers.5.self_attn.v_proj.weight,7.745311737060547,7.581201553344727,0.9947780966758728,7.350885067135096,0.0527701150612222,7.129390716552734,7.512964248657227,7.446254730224609,0.0,0.9681639671325684,0.6417910447761194,122.62297058105467,3579.350830078125,69859.390625,255.0,0.0003280639648437,30651970151.046417,"(262144, 1)",122.62297058105467,59.827674865722656,0.0,255.0,255.0,32144876.0,69859.390625,0.0003280639648437,0.9996719360351562,"[612.0, 1137.0, 846.0, 1055.0, 567.0, 482.0, 729.0, 2283.0, 1977.0, 2753.0, 2142.0, 959.0, 1133.0, 1866.0, 3883.0, 2474.0, 3104.0, 1555.0, 1088.0, 1816.0, 4178.0, 4823.0, 2787.0, 3130.0, 937.0, 2477.0, 3076.0, 5719.0, 3365.0, 3988.0, 1997.0, 1418.0, 4722.0, 4197.0, 6052.0, 3239.0, 3116.0, 825.0, 4134.0, 4284.0, 7012.0, 5671.0, 2477.0, 1750.0, 2398.0, 6133.0, 4991.0, 6084.0, 3142.0, 2329.0, 2513.0, 3356.0, 6279.0, 3665.0, 4402.0, 1742.0, 1573.0, 2601.0, 5517.0, 3814.0, 4496.0, 2835.0, 689.0, 3230.0, 3048.0, 5145.0, 2907.0, 3139.0, 995.0, 2030.0, 4035.0, 3172.0, 4052.0, 2090.0, 1660.0, 930.0, 2981.0, 2617.0, 3713.0, 2080.0, 2038.0, 1061.0, 1605.0, 3061.0, 2127.0, 2570.0, 1308.0, 851.0, 917.0, 2075.0, 2332.0, 1379.0, 1585.0, 550.0, 552.0, 639.0, 1231.0, 720.0, 884.0, 441.0]",0.9956483046536034,0.2077500414494214,1.0,0.7344661153676749,110
119,model.layers.13.self_attn.k_proj.weight,7.742868423461914,7.577696800231934,0.9947653412818908,7.347302724607289,0.0676728608499135,6.931668281555176,7.509176731109619,7.443011283874512,0.0,0.9678585529327391,0.6069651741293532,122.500732421875,3587.122314453125,69817.6953125,255.0,0.0003471374511718,30668998444.02696,"(262144, 1)",122.500732421875,59.8925895690918,0.0,255.0,255.0,32112832.0,69817.6953125,0.0003471374511718,0.999652862548828,"[605.0, 1192.0, 870.0, 1119.0, 636.0, 505.0, 681.0, 2331.0, 1864.0, 2607.0, 2124.0, 1006.0, 1183.0, 1796.0, 3817.0, 2455.0, 3187.0, 1553.0, 1111.0, 1863.0, 4334.0, 4911.0, 2727.0, 3009.0, 929.0, 2409.0, 3125.0, 5798.0, 3603.0, 4234.0, 2076.0, 1304.0, 4853.0, 4394.0, 6087.0, 3340.0, 3192.0, 804.0, 4044.0, 4294.0, 7065.0, 5628.0, 2455.0, 1645.0, 2143.0, 5898.0, 4676.0, 5887.0, 2907.0, 2221.0, 2445.0, 3351.0, 6315.0, 3610.0, 4278.0, 1671.0, 1526.0, 2608.0, 5718.0, 3748.0, 4548.0, 2778.0, 687.0, 3257.0, 3308.0, 5246.0, 2946.0, 3214.0, 960.0, 2011.0, 4235.0, 3151.0, 3907.0, 2195.0, 1658.0, 931.0, 3109.0, 2697.0, 3776.0, 2070.0, 2090.0, 1032.0, 1565.0, 3187.0, 2026.0, 2631.0, 1305.0, 839.0, 957.0, 2179.0, 2165.0, 1290.0, 1573.0, 544.0, 556.0, 632.0, 1150.0, 673.0, 851.0, 448.0]",0.9951619565696097,0.20786545421261698,1.0,0.7343424702607422,111
83,model.layers.9.self_attn.k_proj.weight,7.738709449768066,7.57169771194458,0.994743585586548,7.340385677292943,0.0708484094363889,6.922030925750732,7.488675594329834,7.450019836425781,0.0,0.9673386812210084,0.5472636815920398,122.75711059570312,3572.53173828125,69908.2421875,255.0,0.0002517700195312,30650797538.155502,"(262144, 1)",122.75711059570312,59.770660400390625,0.0,255.0,255.0,32180040.0,69908.2421875,0.0002517700195312,0.9997482299804688,"[562.0, 1098.0, 837.0, 1114.0, 570.0, 488.0, 683.0, 2155.0, 1875.0, 2617.0, 2115.0, 976.0, 1171.0, 1936.0, 3843.0, 2462.0, 3132.0, 1541.0, 1134.0, 1795.0, 4332.0, 4814.0, 2777.0, 3066.0, 906.0, 2432.0, 3240.0, 5831.0, 3505.0, 4132.0, 2033.0, 1334.0, 4740.0, 4408.0, 6175.0, 3279.0, 3003.0, 832.0, 4135.0, 4372.0, 7023.0, 5634.0, 2505.0, 1610.0, 2223.0, 5940.0, 4662.0, 5890.0, 2984.0, 2161.0, 2378.0, 3429.0, 6230.0, 3765.0, 4432.0, 1603.0, 1507.0, 2518.0, 5696.0, 3764.0, 4657.0, 2800.0, 682.0, 3237.0, 3356.0, 5410.0, 3030.0, 3231.0, 930.0, 1978.0, 4226.0, 3284.0, 4025.0, 2108.0, 1716.0, 855.0, 3083.0, 2676.0, 3764.0, 2067.0, 2017.0, 1028.0, 1568.0, 3084.0, 2030.0, 2535.0, 1230.0, 868.0, 968.0, 2153.0, 2243.0, 1356.0, 1532.0, 536.0, 527.0, 688.0, 1203.0, 732.0, 884.0, 443.0]",0.9943341017708996,0.20774209382401623,1.0,0.7340253985316387,112
30,model.layers.3.self_attn.v_proj.weight,7.741631507873535,7.575772762298584,0.994758367538452,7.347436088137329,0.0555560603402038,7.175666809082031,7.515224456787109,7.449701309204102,0.0,0.967703938484192,0.582089552238806,122.4429702758789,3573.20068359375,69764.90625,255.0,0.0002784729003906,30514574863.658524,"(262144, 1)",122.4429702758789,59.7762565612793,0.0,255.0,255.0,32097692.0,69764.90625,0.0002784729003906,0.9997215270996094,"[568.0, 1126.0, 851.0, 1113.0, 558.0, 476.0, 768.0, 2263.0, 1915.0, 2699.0, 2091.0, 972.0, 1028.0, 1897.0, 3803.0, 2550.0, 3255.0, 1594.0, 1149.0, 1745.0, 4270.0, 5055.0, 2756.0, 3093.0, 915.0, 2437.0, 3153.0, 5758.0, 3386.0, 4128.0, 1939.0, 1345.0, 4754.0, 4339.0, 5963.0, 3201.0, 3096.0, 778.0, 4173.0, 4364.0, 6932.0, 5522.0, 2579.0, 1750.0, 2437.0, 6195.0, 4914.0, 6324.0, 3091.0, 2329.0, 2522.0, 3348.0, 6277.0, 3702.0, 4381.0, 1775.0, 1589.0, 2560.0, 5493.0, 3712.0, 4422.0, 2760.0, 726.0, 3057.0, 3197.0, 5229.0, 2923.0, 3120.0, 975.0, 1930.0, 4111.0, 3163.0, 3944.0, 2013.0, 1654.0, 915.0, 3091.0, 2657.0, 3679.0, 2147.0, 2035.0, 1028.0, 1508.0, 3090.0, 2083.0, 2559.0, 1245.0, 827.0, 944.0, 2092.0, 2357.0, 1325.0, 1623.0, 515.0, 550.0, 671.0, 1153.0, 688.0, 900.0, 482.0]",0.9949157452249809,0.2068188165882092,1.0,0.7339115206043966,113
75,model.layers.8.self_attn.v_proj.weight,7.735437393188477,7.562900066375732,0.9947113990783693,7.339669845998287,0.0608857484017777,6.905578136444092,7.48114013671875,7.455929279327393,0.0,0.9669296741485596,0.5024875621890548,122.60589599609376,3580.35888671875,69853.390625,255.0,0.0003204345703125,30653934348.581116,"(262144, 1)",122.60589599609376,59.83609771728515,0.0,255.0,255.0,32140400.0,69853.390625,0.0003204345703125,0.9996795654296876,"[576.0, 1186.0, 926.0, 1159.0, 588.0, 499.0, 732.0, 2239.0, 1917.0, 2709.0, 2093.0, 987.0, 1096.0, 1834.0, 3827.0, 2602.0, 3100.0, 1484.0, 1112.0, 1716.0, 4198.0, 5038.0, 2748.0, 2965.0, 887.0, 2375.0, 3005.0, 5954.0, 3535.0, 4000.0, 1966.0, 1322.0, 4592.0, 4437.0, 6222.0, 3256.0, 3093.0, 770.0, 3998.0, 4333.0, 7169.0, 5487.0, 2446.0, 1715.0, 2322.0, 5893.0, 5073.0, 6084.0, 3066.0, 2288.0, 2468.0, 3289.0, 6577.0, 3870.0, 4229.0, 1610.0, 1511.0, 2550.0, 5575.0, 3858.0, 4507.0, 2755.0, 641.0, 3140.0, 3238.0, 5397.0, 2991.0, 3092.0, 953.0, 2023.0, 4072.0, 3377.0, 4100.0, 2059.0, 1616.0, 882.0, 2955.0, 2707.0, 3796.0, 1907.0, 1940.0, 1007.0, 1545.0, 3085.0, 2115.0, 2650.0, 1283.0, 843.0, 995.0, 2077.0, 2435.0, 1351.0, 1561.0, 485.0, 535.0, 666.0, 1228.0, 726.0, 820.0, 433.0]",0.9936827901876903,0.20776335420280195,1.0,0.7338153814634975,114
183,model.layers.20.self_attn.v_proj.weight,7.743203163146973,7.577524185180664,0.9947647452354432,7.34868414979428,0.0582480392859685,7.1707868576049805,7.484315395355225,7.443288803100586,0.0,0.9679003953933716,0.6169154228855721,122.57199096679688,3549.400146484375,69779.6484375,255.0,0.00030517578125,30348862924.06237,"(262144, 1)",122.57199096679688,59.57684326171875,0.0,255.0,255.0,32131512.0,69779.6484375,0.00030517578125,0.99969482421875,"[569.0, 1122.0, 840.0, 1125.0, 574.0, 530.0, 744.0, 2301.0, 1734.0, 2716.0, 2102.0, 1003.0, 1117.0, 1878.0, 3708.0, 2509.0, 3124.0, 1552.0, 1147.0, 1892.0, 4159.0, 4911.0, 2768.0, 3031.0, 916.0, 2409.0, 2955.0, 5653.0, 3460.0, 4052.0, 2052.0, 1328.0, 4692.0, 4266.0, 5922.0, 3242.0, 3280.0, 821.0, 4123.0, 4444.0, 6975.0, 5565.0, 2673.0, 1662.0, 2480.0, 6145.0, 4920.0, 6214.0, 3165.0, 2452.0, 2519.0, 3346.0, 6213.0, 3852.0, 4407.0, 1767.0, 1521.0, 2632.0, 5481.0, 3811.0, 4655.0, 2815.0, 712.0, 3202.0, 3194.0, 5137.0, 2842.0, 3133.0, 1031.0, 2006.0, 4024.0, 3322.0, 3998.0, 2096.0, 1651.0, 879.0, 3028.0, 2685.0, 3739.0, 1975.0, 2037.0, 1053.0, 1508.0, 3079.0, 1980.0, 2584.0, 1263.0, 859.0, 964.0, 2113.0, 2299.0, 1290.0, 1578.0, 586.0, 513.0, 648.0, 1162.0, 685.0, 818.0, 430.0]",0.9952285873961054,0.20569566978393794,1.0,0.7336414190600143,115
92,model.layers.10.self_attn.k_proj.weight,7.734309196472168,7.56460428237915,0.9947176575660706,7.336251207627356,0.072730390133063,7.077524662017822,7.530817985534668,7.438255310058594,0.0,0.966788649559021,0.4975124378109453,122.63640594482422,3573.785400390625,69855.171875,255.0,0.000274658203125,30607450181.836372,"(262144, 1)",122.63640594482422,59.78114700317383,0.0,255.0,255.0,32148398.0,69855.171875,0.000274658203125,0.999725341796875,"[588.0, 1128.0, 893.0, 1085.0, 551.0, 498.0, 730.0, 2267.0, 1857.0, 2564.0, 2097.0, 961.0, 1058.0, 1901.0, 3839.0, 2522.0, 3129.0, 1520.0, 1084.0, 1772.0, 4477.0, 4967.0, 2875.0, 3108.0, 842.0, 2331.0, 3175.0, 5782.0, 3493.0, 4105.0, 1952.0, 1336.0, 4919.0, 4443.0, 6263.0, 3325.0, 3132.0, 750.0, 3939.0, 4313.0, 7107.0, 5629.0, 2469.0, 1571.0, 2206.0, 5861.0, 4656.0, 6029.0, 2987.0, 2068.0, 2363.0, 3365.0, 6428.0, 3810.0, 4384.0, 1655.0, 1508.0, 2553.0, 5682.0, 3868.0, 4657.0, 2706.0, 685.0, 3239.0, 3342.0, 5403.0, 2934.0, 3235.0, 894.0, 1951.0, 4151.0, 3199.0, 4201.0, 2072.0, 1646.0, 946.0, 3070.0, 2592.0, 3705.0, 2186.0, 2075.0, 1027.0, 1554.0, 3053.0, 2035.0, 2564.0, 1232.0, 819.0, 964.0, 2061.0, 2431.0, 1334.0, 1442.0, 504.0, 549.0, 681.0, 1173.0, 719.0, 859.0, 484.0]",0.9934582196243162,0.207448298187793,1.0,0.7336355059373698,116
110,model.layers.12.self_attn.k_proj.weight,7.735775470733643,7.565571308135986,0.9947211742401124,7.337623182684183,0.0760922420468425,6.952766418457031,7.490993022918701,7.446298122406006,0.0,0.9669719338417052,0.5074626865671642,122.49739074707033,3568.919189453125,69781.7890625,255.0,0.000274658203125,30499052902.958714,"(262144, 1)",122.49739074707033,59.74043273925781,0.0,255.0,255.0,32111956.0,69781.7890625,0.000274658203125,0.999725341796875,"[581.0, 1154.0, 845.0, 1119.0, 595.0, 484.0, 672.0, 2290.0, 1847.0, 2662.0, 2054.0, 1002.0, 1147.0, 1890.0, 3757.0, 2505.0, 3212.0, 1579.0, 1139.0, 1772.0, 4394.0, 4890.0, 2848.0, 3156.0, 945.0, 2410.0, 3166.0, 5927.0, 3434.0, 4061.0, 1969.0, 1277.0, 4712.0, 4596.0, 6145.0, 3248.0, 3011.0, 769.0, 4032.0, 4457.0, 7068.0, 5586.0, 2468.0, 1584.0, 2208.0, 5792.0, 4734.0, 6046.0, 2934.0, 2204.0, 2433.0, 3278.0, 6359.0, 3749.0, 4236.0, 1625.0, 1486.0, 2658.0, 5673.0, 3834.0, 4706.0, 2643.0, 676.0, 3273.0, 3467.0, 5439.0, 3136.0, 3168.0, 965.0, 2015.0, 4180.0, 3258.0, 4124.0, 1994.0, 1648.0, 916.0, 3187.0, 2629.0, 3712.0, 1992.0, 2019.0, 1021.0, 1506.0, 3071.0, 1999.0, 2522.0, 1274.0, 884.0, 981.0, 2140.0, 2222.0, 1257.0, 1540.0, 542.0, 552.0, 623.0, 1188.0, 723.0, 791.0, 453.0]",0.9937500854241366,0.20671361330232343,1.0,0.7334878995754867,117
101,model.layers.11.self_attn.k_proj.weight,7.736702442169189,7.567584037780762,0.9947285652160645,7.339021638967097,0.0699092628465675,6.853121757507324,7.492888450622559,7.444988250732422,0.0,0.9670878052711488,0.527363184079602,122.55872344970705,3560.75048828125,69794.890625,255.0,0.0002555847167968,30450777719.197712,"(262144, 1)",122.55872344970705,59.67202377319336,0.0,255.0,255.0,32128036.0,69794.890625,0.0002555847167968,0.9997444152832032,"[563.0, 1137.0, 843.0, 1054.0, 561.0, 501.0, 728.0, 2208.0, 1858.0, 2638.0, 2037.0, 945.0, 1128.0, 1946.0, 3921.0, 2492.0, 3172.0, 1501.0, 1173.0, 1829.0, 4343.0, 4872.0, 2700.0, 3030.0, 935.0, 2408.0, 3132.0, 6006.0, 3433.0, 4165.0, 1931.0, 1319.0, 4778.0, 4450.0, 6210.0, 3387.0, 3021.0, 854.0, 4121.0, 4284.0, 7187.0, 5726.0, 2419.0, 1571.0, 2256.0, 5822.0, 4740.0, 5848.0, 2930.0, 2203.0, 2452.0, 3379.0, 6379.0, 3668.0, 4421.0, 1674.0, 1529.0, 2550.0, 5661.0, 3834.0, 4760.0, 2755.0, 726.0, 3154.0, 3323.0, 5287.0, 3013.0, 3162.0, 986.0, 2111.0, 4117.0, 3275.0, 4098.0, 2132.0, 1695.0, 888.0, 2900.0, 2704.0, 3797.0, 2083.0, 1951.0, 1033.0, 1533.0, 3115.0, 2025.0, 2517.0, 1317.0, 815.0, 933.0, 2057.0, 2265.0, 1353.0, 1527.0, 524.0, 531.0, 646.0, 1187.0, 697.0, 847.0, 442.0]",0.9939346015590478,0.20638641830056972,1.0,0.7334403399532059,118
39,model.layers.4.self_attn.v_proj.weight,7.736662864685059,7.56545877456665,0.9947207570075988,7.343693372793496,0.0609348499293646,7.008014678955078,7.495924949645996,7.440424919128418,0.0,0.9670828580856324,0.5223880597014925,122.69827270507812,3545.31591796875,69830.0390625,255.0,0.0003013610839843,30367201790.08001,"(262144, 1)",122.69827270507812,59.54255676269531,0.0,255.0,255.0,32164612.0,69830.0390625,0.0003013610839843,0.9996986389160156,"[553.0, 1064.0, 862.0, 1053.0, 563.0, 554.0, 725.0, 2282.0, 1866.0, 2622.0, 2019.0, 982.0, 1057.0, 1906.0, 3823.0, 2462.0, 3068.0, 1511.0, 1105.0, 1777.0, 4203.0, 4852.0, 2731.0, 2929.0, 912.0, 2390.0, 3036.0, 5846.0, 3423.0, 4137.0, 2101.0, 1289.0, 4699.0, 4318.0, 6138.0, 3284.0, 3145.0, 883.0, 4107.0, 4400.0, 7277.0, 5579.0, 2548.0, 1711.0, 2320.0, 6192.0, 5014.0, 6183.0, 3146.0, 2337.0, 2429.0, 3352.0, 6460.0, 3723.0, 4458.0, 1708.0, 1579.0, 2541.0, 5550.0, 3726.0, 4630.0, 2789.0, 688.0, 3005.0, 3202.0, 5319.0, 2985.0, 3156.0, 970.0, 2011.0, 4045.0, 3160.0, 4026.0, 2044.0, 1648.0, 931.0, 3053.0, 2685.0, 3676.0, 1984.0, 2076.0, 1009.0, 1521.0, 3031.0, 2161.0, 2529.0, 1280.0, 794.0, 888.0, 2193.0, 2301.0, 1312.0, 1587.0, 572.0, 531.0, 621.0, 1179.0, 697.0, 904.0, 441.0]",0.9939267235553453,0.20581996522584675,1.0,0.7332488962603975,119
146,model.layers.16.self_attn.k_proj.weight,7.73415994644165,7.565166473388672,0.9947196841239928,7.335703368298709,0.0752665579641029,6.950499534606934,7.504369258880615,7.44680118560791,0.0,0.9667699933052064,0.4925373134328358,122.4782485961914,3559.937255859375,69756.2890625,255.0,0.0002861022949218,30406078281.116116,"(262144, 1)",122.4782485961914,59.66521072387695,0.0,255.0,255.0,32106940.0,69756.2890625,0.0002861022949218,0.999713897705078,"[602.0, 1142.0, 894.0, 1073.0, 564.0, 466.0, 741.0, 2224.0, 1869.0, 2583.0, 2087.0, 949.0, 1164.0, 1827.0, 3865.0, 2483.0, 3176.0, 1510.0, 1144.0, 1763.0, 4295.0, 5052.0, 2739.0, 3006.0, 941.0, 2405.0, 3180.0, 5871.0, 3514.0, 4120.0, 2033.0, 1304.0, 4843.0, 4578.0, 6275.0, 3310.0, 3109.0, 824.0, 4094.0, 4289.0, 7123.0, 5603.0, 2525.0, 1565.0, 2247.0, 5770.0, 4737.0, 5799.0, 2874.0, 2229.0, 2395.0, 3332.0, 6390.0, 3778.0, 4298.0, 1760.0, 1505.0, 2540.0, 5679.0, 3876.0, 4694.0, 2778.0, 647.0, 3157.0, 3314.0, 5442.0, 2952.0, 3367.0, 906.0, 1928.0, 4174.0, 3174.0, 4166.0, 2141.0, 1652.0, 910.0, 3165.0, 2685.0, 3735.0, 2067.0, 2063.0, 902.0, 1524.0, 3141.0, 1981.0, 2611.0, 1230.0, 842.0, 973.0, 2040.0, 2187.0, 1334.0, 1520.0, 478.0, 492.0, 640.0, 1176.0, 727.0, 868.0, 428.0]",0.9934285110079444,0.20608345865169703,1.0,0.7331706565532139,120
128,model.layers.14.self_attn.k_proj.weight,7.728961944580078,7.5551676750183105,0.9946829676628112,7.33154078759253,0.0762638372180186,6.98196268081665,7.480268478393555,7.437532424926758,0.0,0.9661202430725098,0.4477611940298507,122.49874877929688,3548.603271484375,69744.171875,255.0,0.0003471374511718,30307229471.19117,"(262144, 1)",122.49874877929688,59.57015609741211,0.0,255.0,255.0,32112312.0,69744.171875,0.0003471374511718,0.999652862548828,"[552.0, 1099.0, 872.0, 1110.0, 605.0, 455.0, 694.0, 2237.0, 1915.0, 2504.0, 2100.0, 957.0, 1117.0, 1774.0, 3868.0, 2434.0, 3195.0, 1536.0, 1076.0, 1781.0, 4436.0, 4931.0, 2728.0, 3052.0, 927.0, 2309.0, 3172.0, 5972.0, 3571.0, 4121.0, 2016.0, 1343.0, 4825.0, 4450.0, 6318.0, 3247.0, 3099.0, 799.0, 4038.0, 4460.0, 7202.0, 5670.0, 2533.0, 1502.0, 2235.0, 5969.0, 4810.0, 5961.0, 2876.0, 2055.0, 2315.0, 3232.0, 6537.0, 3818.0, 4421.0, 1673.0, 1560.0, 2589.0, 5655.0, 3915.0, 4708.0, 2770.0, 663.0, 3117.0, 3399.0, 5456.0, 2986.0, 3170.0, 938.0, 1905.0, 4080.0, 3289.0, 4106.0, 2173.0, 1562.0, 859.0, 3021.0, 2725.0, 3719.0, 2037.0, 1999.0, 997.0, 1551.0, 3098.0, 1970.0, 2618.0, 1294.0, 779.0, 1009.0, 2074.0, 2161.0, 1325.0, 1529.0, 483.0, 508.0, 632.0, 1183.0, 725.0, 874.0, 429.0]",0.9923938348831172,0.20541349048136612,1.0,0.732602441788161,121
192,model.layers.21.self_attn.v_proj.weight,7.732534885406494,7.558324337005615,0.9946945905685424,7.338497318327427,0.0592479525843625,7.149927139282227,7.48796272277832,7.437403678894043,0.0,0.9665668606758118,0.472636815920398,122.474365234375,3529.48974609375,69697.2578125,255.0,0.0003623962402343,30117255824.947495,"(262144, 1)",122.474365234375,59.40950775146485,0.0,255.0,255.0,32105920.0,69697.2578125,0.0003623962402343,0.9996376037597656,"[553.0, 1116.0, 833.0, 1072.0, 586.0, 488.0, 733.0, 2226.0, 1807.0, 2629.0, 2156.0, 952.0, 1134.0, 1793.0, 3763.0, 2560.0, 3173.0, 1489.0, 1100.0, 1793.0, 4274.0, 4964.0, 2644.0, 2929.0, 924.0, 2372.0, 3132.0, 5890.0, 3453.0, 3989.0, 1994.0, 1318.0, 4779.0, 4370.0, 6043.0, 3227.0, 3116.0, 816.0, 4179.0, 4504.0, 7299.0, 5686.0, 2593.0, 1651.0, 2280.0, 6045.0, 5041.0, 6184.0, 3053.0, 2240.0, 2486.0, 3409.0, 6467.0, 3784.0, 4307.0, 1747.0, 1579.0, 2585.0, 5744.0, 3915.0, 4572.0, 2860.0, 667.0, 3122.0, 3303.0, 5428.0, 3007.0, 3156.0, 951.0, 2044.0, 3983.0, 3137.0, 3995.0, 2094.0, 1673.0, 879.0, 3014.0, 2596.0, 3635.0, 1939.0, 1985.0, 1044.0, 1412.0, 3019.0, 1936.0, 2648.0, 1218.0, 807.0, 921.0, 2052.0, 2253.0, 1373.0, 1550.0, 530.0, 534.0, 641.0, 1200.0, 732.0, 860.0, 406.0]",0.9931050382776065,0.20412590496281915,1.0,0.7324103144134751,122
65,model.layers.7.self_attn.k_proj.weight,7.729275226593018,7.554448127746582,0.9946803450584412,7.331174566410482,0.0798645993392847,6.898512840270996,7.49042558670044,7.4474053382873535,0.0,0.9661594033241272,0.4527363184079602,122.5396728515625,3535.048828125,69737.9609375,255.0,0.0002708435058593,30201167819.984455,"(262144, 1)",122.5396728515625,59.456275939941406,0.0,255.0,255.0,32123036.0,69737.9609375,0.0002708435058593,0.9997291564941406,"[567.0, 1095.0, 809.0, 1182.0, 553.0, 490.0, 715.0, 2259.0, 1789.0, 2572.0, 2068.0, 941.0, 1091.0, 1857.0, 3836.0, 2428.0, 3097.0, 1503.0, 1191.0, 1689.0, 4406.0, 4777.0, 2728.0, 3043.0, 960.0, 2363.0, 3144.0, 5889.0, 3611.0, 4151.0, 2046.0, 1303.0, 4701.0, 4518.0, 6424.0, 3323.0, 3160.0, 803.0, 3966.0, 4427.0, 7330.0, 5590.0, 2466.0, 1537.0, 2211.0, 5867.0, 4784.0, 6117.0, 2909.0, 2202.0, 2312.0, 3282.0, 6528.0, 3828.0, 4282.0, 1732.0, 1515.0, 2531.0, 5842.0, 3904.0, 4757.0, 2751.0, 665.0, 3187.0, 3408.0, 5394.0, 3005.0, 3118.0, 888.0, 2003.0, 4130.0, 3250.0, 4088.0, 2187.0, 1666.0, 881.0, 2961.0, 2695.0, 3751.0, 2020.0, 2032.0, 1009.0, 1617.0, 3109.0, 1988.0, 2556.0, 1167.0, 816.0, 1019.0, 2046.0, 2199.0, 1221.0, 1486.0, 523.0, 545.0, 658.0, 1171.0, 648.0, 876.0, 409.0]",0.9924561945027861,0.2046946357935334,1.0,0.7323836100987732,123
120,model.layers.13.self_attn.v_proj.weight,7.732974052429199,7.558169841766357,0.9946940541267396,7.336649104952812,0.061900155760073,7.128987789154053,7.548755645751953,7.440448760986328,0.0,0.96662175655365,0.4776119402985074,122.46134948730467,3524.597412109375,69682.15625,255.0,0.0003166198730468,30067174073.94222,"(262144, 1)",122.46134948730467,59.36832046508789,0.0,255.0,255.0,32102508.0,69682.15625,0.0003166198730468,0.9996833801269532,"[587.0, 1129.0, 840.0, 1087.0, 591.0, 524.0, 756.0, 2222.0, 1925.0, 2612.0, 2077.0, 969.0, 1142.0, 1824.0, 3813.0, 2570.0, 3006.0, 1524.0, 1123.0, 1726.0, 4144.0, 4950.0, 2653.0, 2838.0, 925.0, 2347.0, 3124.0, 5893.0, 3435.0, 3990.0, 1976.0, 1304.0, 4688.0, 4355.0, 6115.0, 3226.0, 3005.0, 816.0, 4273.0, 4412.0, 7224.0, 5594.0, 2490.0, 1752.0, 2414.0, 6149.0, 5120.0, 6374.0, 3083.0, 2346.0, 2570.0, 3416.0, 6499.0, 3711.0, 4480.0, 1748.0, 1568.0, 2520.0, 5738.0, 3866.0, 4639.0, 2689.0, 684.0, 3167.0, 3346.0, 5207.0, 2914.0, 3221.0, 960.0, 1968.0, 3899.0, 3262.0, 4165.0, 2060.0, 1631.0, 863.0, 3018.0, 2719.0, 3748.0, 1975.0, 1871.0, 997.0, 1509.0, 2948.0, 2015.0, 2455.0, 1243.0, 827.0, 976.0, 2077.0, 2189.0, 1274.0, 1554.0, 544.0, 556.0, 673.0, 1200.0, 689.0, 802.0, 432.0]",0.9931924556439921,0.20378646557944724,1.0,0.7323263070744798,124
137,model.layers.15.self_attn.k_proj.weight,7.724575042724609,7.546439170837402,0.9946507215499878,7.326141393743455,0.0862517264963744,6.806583404541016,7.508445739746094,7.431768417358398,0.0,0.9655718803405762,0.4079601990049751,122.59412384033205,3534.265625,69761.421875,255.0,0.0002784729003906,30217825473.47855,"(262144, 1)",122.59412384033205,59.44969177246094,0.0,255.0,255.0,32137312.0,69761.421875,0.0002784729003906,0.9997215270996094,"[549.0, 1080.0, 852.0, 1071.0, 587.0, 452.0, 717.0, 2321.0, 1840.0, 2637.0, 2071.0, 882.0, 1078.0, 1801.0, 3730.0, 2468.0, 3086.0, 1510.0, 1110.0, 1770.0, 4286.0, 5070.0, 2740.0, 3022.0, 869.0, 2331.0, 3102.0, 6033.0, 3545.0, 4138.0, 1966.0, 1316.0, 4672.0, 4479.0, 6250.0, 3321.0, 3116.0, 784.0, 3955.0, 4437.0, 7451.0, 5712.0, 2428.0, 1545.0, 2260.0, 5843.0, 4936.0, 6109.0, 2889.0, 2141.0, 2466.0, 3324.0, 6722.0, 3962.0, 4336.0, 1634.0, 1454.0, 2556.0, 5762.0, 3826.0, 4650.0, 2692.0, 655.0, 3103.0, 3493.0, 5356.0, 3025.0, 3218.0, 901.0, 1886.0, 4169.0, 3278.0, 4310.0, 2046.0, 1654.0, 818.0, 2976.0, 2699.0, 3670.0, 2086.0, 1976.0, 988.0, 1474.0, 3183.0, 1947.0, 2535.0, 1231.0, 820.0, 924.0, 2034.0, 2131.0, 1327.0, 1486.0, 508.0, 533.0, 709.0, 1219.0, 733.0, 837.0, 464.0]",0.9915206103763372,0.20480753647126454,1.0,0.732109382282534,125
57,model.layers.6.self_attn.v_proj.weight,7.72698974609375,7.547051906585693,0.9946529865264891,7.3328309757635,0.0599895990794801,7.142338752746582,7.522591114044189,7.4344587326049805,0.0,0.9658737182617188,0.4328358208955223,122.38401794433594,3531.1318359375,69658.9375,255.0,0.0002861022949218,30094782929.158833,"(262144, 1)",122.38401794433594,59.4233283996582,0.0,255.0,255.0,32082238.0,69658.9375,0.0002861022949218,0.999713897705078,"[571.0, 1085.0, 862.0, 1105.0, 601.0, 525.0, 697.0, 2208.0, 1989.0, 2759.0, 2061.0, 950.0, 1131.0, 1769.0, 3806.0, 2581.0, 3114.0, 1465.0, 1109.0, 1697.0, 4235.0, 4963.0, 2695.0, 2943.0, 884.0, 2327.0, 2939.0, 6040.0, 3360.0, 4073.0, 1935.0, 1263.0, 4703.0, 4385.0, 6314.0, 3237.0, 2938.0, 845.0, 4178.0, 4246.0, 7404.0, 5573.0, 2483.0, 1683.0, 2375.0, 6119.0, 5366.0, 6404.0, 3122.0, 2296.0, 2440.0, 3311.0, 6636.0, 3952.0, 4439.0, 1642.0, 1527.0, 2474.0, 5555.0, 4003.0, 4566.0, 2791.0, 648.0, 3061.0, 3231.0, 5393.0, 2894.0, 3013.0, 945.0, 1911.0, 3937.0, 3375.0, 3959.0, 2037.0, 1606.0, 867.0, 2991.0, 2620.0, 3893.0, 1942.0, 1927.0, 991.0, 1494.0, 3092.0, 2047.0, 2482.0, 1235.0, 880.0, 920.0, 2059.0, 2356.0, 1281.0, 1422.0, 505.0, 526.0, 645.0, 1257.0, 730.0, 841.0, 382.0]",0.9920012635178952,0.20397359028260198,1.0,0.731991617933499,126
93,model.layers.10.self_attn.v_proj.weight,7.730052471160889,7.55379056930542,0.9946779012680054,7.336896128952503,0.0554677318378545,7.088238716125488,7.508481979370117,7.431782245635986,0.0,0.9662565588951112,0.4577114427860697,122.42323303222656,3515.874267578125,69648.078125,255.0,0.000274658203125,29970018995.35224,"(262144, 1)",122.42323303222656,59.29480743408203,0.0,255.0,255.0,32092516.0,69648.078125,0.000274658203125,0.999725341796875,"[580.0, 1078.0, 851.0, 1116.0, 559.0, 451.0, 737.0, 2261.0, 1899.0, 2602.0, 2030.0, 930.0, 1116.0, 1821.0, 3721.0, 2558.0, 3135.0, 1453.0, 1119.0, 1701.0, 4148.0, 4875.0, 2710.0, 2937.0, 899.0, 2405.0, 3165.0, 5879.0, 3541.0, 4073.0, 2008.0, 1365.0, 4737.0, 4368.0, 6192.0, 3267.0, 3086.0, 809.0, 4117.0, 4457.0, 7367.0, 5689.0, 2479.0, 1739.0, 2367.0, 6275.0, 5078.0, 6274.0, 3080.0, 2372.0, 2422.0, 3393.0, 6543.0, 3814.0, 4361.0, 1687.0, 1563.0, 2544.0, 5539.0, 3939.0, 4622.0, 2789.0, 664.0, 3140.0, 3243.0, 5294.0, 2948.0, 3130.0, 974.0, 1978.0, 3967.0, 3254.0, 3983.0, 2060.0, 1623.0, 891.0, 2905.0, 2751.0, 3621.0, 2041.0, 1987.0, 1009.0, 1434.0, 2996.0, 2011.0, 2553.0, 1213.0, 859.0, 979.0, 2104.0, 2291.0, 1243.0, 1458.0, 506.0, 539.0, 672.0, 1167.0, 702.0, 847.0, 415.0]",0.992610907105618,0.20312797702211707,1.0,0.7319129613759117,127
66,model.layers.7.self_attn.v_proj.weight,7.726187705993652,7.543866157531738,0.9946411848068236,7.330819676630199,0.0621692992359165,7.070786476135254,7.481875419616699,7.436129570007324,0.0,0.9657734632492064,0.4228855721393035,122.42041015625,3527.279052734375,69668.140625,255.0,0.0002784729003906,30075088444.54984,"(262144, 1)",122.42041015625,59.390899658203125,0.0,255.0,255.0,32091778.0,69668.140625,0.0002784729003906,0.9997215270996094,"[563.0, 1132.0, 914.0, 1125.0, 602.0, 488.0, 676.0, 2254.0, 1882.0, 2767.0, 2074.0, 938.0, 1032.0, 1794.0, 3750.0, 2582.0, 3001.0, 1454.0, 1055.0, 1812.0, 4112.0, 4976.0, 2743.0, 2860.0, 909.0, 2343.0, 3062.0, 5865.0, 3436.0, 3927.0, 1954.0, 1323.0, 4772.0, 4327.0, 6339.0, 3086.0, 3070.0, 820.0, 3994.0, 4366.0, 7386.0, 5606.0, 2485.0, 1712.0, 2433.0, 6381.0, 5531.0, 6714.0, 3107.0, 2382.0, 2415.0, 3392.0, 6714.0, 3957.0, 4310.0, 1763.0, 1509.0, 2438.0, 5536.0, 3985.0, 4596.0, 2667.0, 683.0, 2955.0, 3014.0, 5214.0, 2883.0, 3022.0, 930.0, 1938.0, 4027.0, 3259.0, 3953.0, 2051.0, 1595.0, 861.0, 2928.0, 2682.0, 3658.0, 1921.0, 1944.0, 978.0, 1529.0, 3063.0, 2136.0, 2463.0, 1238.0, 880.0, 978.0, 2124.0, 2346.0, 1282.0, 1436.0, 508.0, 569.0, 646.0, 1244.0, 732.0, 844.0, 432.0]",0.9918416152982859,0.2038401068564574,1.0,0.7318939073849146,128
155,model.layers.17.self_attn.k_proj.weight,7.723784446716309,7.542568683624268,0.9946363568305968,7.319206956773996,0.1098222220648923,6.60463809967041,7.516453742980957,7.424595832824707,0.0,0.9654730558395386,0.3930348258706467,122.45191955566406,3523.83740234375,69676.2265625,255.0,0.0002861022949218,30056735576.254894,"(262144, 1)",122.45191955566406,59.36191940307617,0.0,255.0,255.0,32100038.0,69676.2265625,0.0002861022949218,0.999713897705078,"[533.0, 1062.0, 882.0, 1044.0, 591.0, 515.0, 651.0, 2174.0, 1897.0, 2529.0, 2149.0, 957.0, 1031.0, 1861.0, 3731.0, 2453.0, 3160.0, 1541.0, 1075.0, 1748.0, 4322.0, 4836.0, 2802.0, 3057.0, 918.0, 2492.0, 3301.0, 5887.0, 3574.0, 4166.0, 1897.0, 1214.0, 4669.0, 4544.0, 6464.0, 3303.0, 3101.0, 764.0, 3994.0, 4399.0, 7519.0, 5625.0, 2495.0, 1524.0, 2189.0, 5905.0, 5052.0, 6069.0, 2900.0, 2212.0, 2335.0, 3392.0, 6665.0, 3879.0, 4281.0, 1623.0, 1497.0, 2444.0, 5961.0, 3963.0, 4636.0, 2757.0, 683.0, 3106.0, 3419.0, 5521.0, 3002.0, 3215.0, 901.0, 1905.0, 4089.0, 3242.0, 4151.0, 2071.0, 1606.0, 900.0, 2898.0, 2637.0, 3617.0, 1979.0, 1962.0, 976.0, 1546.0, 3016.0, 1931.0, 2469.0, 1248.0, 901.0, 901.0, 2065.0, 2267.0, 1259.0, 1497.0, 515.0, 585.0, 658.0, 1179.0, 691.0, 895.0, 430.0]",0.9913632401337023,0.20371571651122994,1.0,0.7316929855483107,129
84,model.layers.9.self_attn.v_proj.weight,7.723960399627685,7.543426990509033,0.99463951587677,7.328557009808719,0.059265106391925,7.1022047996521,7.5017595291137695,7.438721656799316,0.0,0.9654950499534608,0.3980099502487562,122.44900512695312,3509.610595703125,69648.140625,255.0,0.000335693359375,29921124134.925705,"(262144, 1)",122.44900512695312,59.241966247558594,0.0,255.0,255.0,32099272.0,69648.140625,0.000335693359375,0.999664306640625,"[531.0, 1154.0, 896.0, 1096.0, 587.0, 490.0, 731.0, 2197.0, 1845.0, 2628.0, 2045.0, 906.0, 1083.0, 1797.0, 3759.0, 2578.0, 3102.0, 1507.0, 1071.0, 1708.0, 4097.0, 4957.0, 2554.0, 2965.0, 893.0, 2408.0, 3059.0, 6038.0, 3403.0, 4061.0, 1959.0, 1231.0, 4619.0, 4481.0, 6201.0, 3183.0, 3047.0, 775.0, 4130.0, 4522.0, 7257.0, 5781.0, 2474.0, 1639.0, 2484.0, 6407.0, 5249.0, 6548.0, 3267.0, 2452.0, 2410.0, 3419.0, 6416.0, 3894.0, 4346.0, 1638.0, 1497.0, 2512.0, 5601.0, 3857.0, 4667.0, 2837.0, 657.0, 2975.0, 3188.0, 5373.0, 3033.0, 3183.0, 893.0, 1871.0, 4056.0, 3282.0, 3957.0, 1999.0, 1623.0, 856.0, 2854.0, 2595.0, 3723.0, 2010.0, 1995.0, 997.0, 1467.0, 3093.0, 2026.0, 2502.0, 1226.0, 818.0, 921.0, 2052.0, 2338.0, 1320.0, 1537.0, 534.0, 522.0, 593.0, 1213.0, 660.0, 856.0, 400.0]",0.9913982640296809,0.20279658203412054,1.0,0.7313982820212672,130
147,model.layers.16.self_attn.v_proj.weight,7.722758293151856,7.543733596801758,0.9946407079696656,7.329637525603175,0.062636329138197,7.1006340980529785,7.468563079833984,7.428782463073731,0.0,0.965344786643982,0.3781094527363184,122.45600128173828,3491.924072265625,69618.140625,255.0,0.0002937316894531,29760464182.80731,"(262144, 1)",122.45600128173828,59.09250259399414,0.0,255.0,255.0,32101108.0,69618.140625,0.0002937316894531,0.9997062683105468,"[554.0, 1124.0, 870.0, 1067.0, 534.0, 451.0, 703.0, 2130.0, 1910.0, 2644.0, 1981.0, 889.0, 1040.0, 1789.0, 3712.0, 2577.0, 3062.0, 1447.0, 1111.0, 1738.0, 4213.0, 4976.0, 2702.0, 2947.0, 909.0, 2405.0, 3083.0, 5952.0, 3458.0, 4049.0, 1956.0, 1361.0, 4768.0, 4481.0, 6138.0, 3305.0, 3059.0, 765.0, 4025.0, 4432.0, 7470.0, 5797.0, 2588.0, 1642.0, 2368.0, 6251.0, 5085.0, 6346.0, 3105.0, 2364.0, 2442.0, 3339.0, 6585.0, 3823.0, 4363.0, 1822.0, 1489.0, 2627.0, 5710.0, 3742.0, 4742.0, 2787.0, 684.0, 3212.0, 3298.0, 5455.0, 2927.0, 3137.0, 938.0, 1922.0, 4204.0, 3247.0, 3916.0, 2076.0, 1569.0, 845.0, 2923.0, 2623.0, 3676.0, 1955.0, 1975.0, 962.0, 1392.0, 3121.0, 2054.0, 2488.0, 1239.0, 809.0, 861.0, 1999.0, 2321.0, 1227.0, 1540.0, 478.0, 509.0, 648.0, 1138.0, 664.0, 881.0, 427.0]",0.9911589815316817,0.20170767611559773,1.0,0.7309555525490931,131
111,model.layers.12.self_attn.v_proj.weight,7.721061706542969,7.535953521728516,0.99461168050766,7.327969414182007,0.0595820617048814,7.100881099700928,7.493594169616699,7.425581932067871,0.0,0.9651327133178712,0.373134328358209,122.24493408203124,3499.544921875,69535.140625,255.0,0.0003585815429687,29736580264.463516,"(262144, 1)",122.24493408203124,59.156951904296875,0.0,255.0,255.0,32045776.0,69535.140625,0.0003585815429687,0.9996414184570312,"[601.0, 1173.0, 907.0, 1101.0, 600.0, 471.0, 726.0, 2222.0, 1827.0, 2551.0, 2056.0, 922.0, 1036.0, 1715.0, 3765.0, 2648.0, 3108.0, 1485.0, 1087.0, 1690.0, 4182.0, 4828.0, 2636.0, 2898.0, 920.0, 2306.0, 3002.0, 5960.0, 3568.0, 4037.0, 1943.0, 1299.0, 4717.0, 4518.0, 6322.0, 3262.0, 3018.0, 787.0, 4052.0, 4462.0, 7408.0, 5683.0, 2540.0, 1741.0, 2364.0, 6466.0, 5518.0, 6632.0, 3203.0, 2339.0, 2495.0, 3350.0, 6698.0, 3845.0, 4311.0, 1606.0, 1566.0, 2577.0, 5626.0, 3951.0, 4593.0, 2678.0, 673.0, 2999.0, 3199.0, 5317.0, 2929.0, 3046.0, 908.0, 1959.0, 4010.0, 3199.0, 3968.0, 1960.0, 1562.0, 800.0, 2843.0, 2694.0, 3689.0, 1950.0, 1915.0, 919.0, 1499.0, 3042.0, 2133.0, 2433.0, 1180.0, 758.0, 963.0, 2057.0, 2357.0, 1290.0, 1489.0, 470.0, 514.0, 638.0, 1189.0, 702.0, 812.0, 481.0]",0.9908212714452552,0.20154579793936805,1.0,0.7307890231282078,132
102,model.layers.11.self_attn.v_proj.weight,7.713328838348389,7.52390718460083,0.9945665001869202,7.322868928313255,0.0576195810926341,7.119655609130859,7.460904121398926,7.430325508117676,0.0,0.9641661047935486,0.3532338308457711,122.7081298828125,3487.30029296875,69725.6796875,255.0,0.0003013610839843,29828027918.90473,"(262144, 1)",122.7081298828125,59.053367614746094,0.0,255.0,255.0,32167198.0,69725.6796875,0.0003013610839843,0.9996986389160156,"[539.0, 1156.0, 876.0, 1085.0, 528.0, 404.0, 693.0, 2150.0, 1836.0, 2660.0, 1933.0, 878.0, 1022.0, 1638.0, 3739.0, 2511.0, 3136.0, 1449.0, 1054.0, 1635.0, 4111.0, 4951.0, 2722.0, 2919.0, 863.0, 2179.0, 3081.0, 6071.0, 3619.0, 3905.0, 1957.0, 1309.0, 4542.0, 4528.0, 6484.0, 3145.0, 2942.0, 806.0, 4172.0, 4583.0, 7674.0, 5736.0, 2495.0, 1611.0, 2267.0, 6247.0, 5340.0, 6469.0, 3172.0, 2230.0, 2485.0, 3321.0, 6829.0, 3972.0, 4355.0, 1676.0, 1495.0, 2532.0, 5837.0, 4050.0, 4651.0, 2801.0, 670.0, 2994.0, 3262.0, 5542.0, 2931.0, 3058.0, 860.0, 1871.0, 3941.0, 3286.0, 4254.0, 1931.0, 1593.0, 826.0, 2831.0, 2579.0, 3812.0, 1937.0, 1868.0, 945.0, 1382.0, 3040.0, 2060.0, 2582.0, 1250.0, 784.0, 870.0, 2055.0, 2308.0, 1330.0, 1454.0, 483.0, 540.0, 629.0, 1238.0, 766.0, 866.0, 460.0]",0.9892820234206408,0.20216560325390398,1.0,0.7304825422248483,133
164,model.layers.18.self_attn.k_proj.weight,7.714812278747559,7.525402545928955,0.9945721626281738,7.308725154027343,0.1189843237038527,6.62320613861084,7.507998466491699,7.43019437789917,0.0,0.9643515348434448,0.3582089552238806,122.5496826171875,3489.7841796875,69657.25,255.0,0.0002670288085937,29782496586.17595,"(262144, 1)",122.5496826171875,59.07439422607422,0.0,255.0,255.0,32125664.0,69657.25,0.0002670288085937,0.9997329711914062,"[547.0, 1118.0, 862.0, 1072.0, 600.0, 499.0, 664.0, 2243.0, 1757.0, 2522.0, 2065.0, 941.0, 1031.0, 1702.0, 3739.0, 2385.0, 3099.0, 1507.0, 1082.0, 1671.0, 4253.0, 4919.0, 2682.0, 2963.0, 929.0, 2238.0, 3149.0, 5947.0, 3460.0, 4142.0, 2009.0, 1254.0, 4823.0, 4589.0, 6441.0, 3290.0, 2971.0, 815.0, 3989.0, 4432.0, 7896.0, 5812.0, 2445.0, 1493.0, 2079.0, 5895.0, 5302.0, 6267.0, 2907.0, 2021.0, 2355.0, 3372.0, 6936.0, 3943.0, 4307.0, 1600.0, 1488.0, 2684.0, 5890.0, 4169.0, 4748.0, 2632.0, 715.0, 3115.0, 3342.0, 5548.0, 3095.0, 3162.0, 962.0, 1903.0, 4073.0, 3153.0, 4059.0, 2074.0, 1545.0, 860.0, 2941.0, 2685.0, 3636.0, 2056.0, 1970.0, 936.0, 1495.0, 2989.0, 1923.0, 2566.0, 1198.0, 794.0, 867.0, 2029.0, 2184.0, 1264.0, 1516.0, 510.0, 488.0, 634.0, 1230.0, 696.0, 875.0, 414.0]",0.9895773061859225,0.20185700526770475,1.0,0.7304781038178758,134
21,model.layers.2.self_attn.v_proj.weight,7.715969562530518,7.526546955108643,0.9945764541625975,7.322624584659934,0.0606951406978888,7.115717887878418,7.479406356811523,7.430011749267578,0.0,0.9644961953163148,0.36318407960199,122.57130432128906,3475.497802734375,69640.4921875,255.0,0.0002593994140625,29658896425.19157,"(262144, 1)",122.57130432128906,58.95335006713867,0.0,255.0,255.0,32131332.0,69640.4921875,0.0002593994140625,0.9997406005859376,"[576.0, 1069.0, 886.0, 1090.0, 549.0, 468.0, 706.0, 2165.0, 1862.0, 2725.0, 1981.0, 930.0, 1029.0, 1806.0, 3698.0, 2507.0, 2922.0, 1379.0, 1078.0, 1622.0, 4088.0, 5035.0, 2691.0, 2851.0, 873.0, 2286.0, 3088.0, 5990.0, 3349.0, 3859.0, 1878.0, 1305.0, 4632.0, 4419.0, 6233.0, 3231.0, 2911.0, 887.0, 4160.0, 4403.0, 7665.0, 5660.0, 2520.0, 1728.0, 2378.0, 6439.0, 5690.0, 6573.0, 3188.0, 2470.0, 2493.0, 3542.0, 6796.0, 3849.0, 4511.0, 1682.0, 1610.0, 2514.0, 5660.0, 3972.0, 4599.0, 2751.0, 651.0, 2990.0, 3250.0, 5598.0, 2970.0, 3026.0, 905.0, 1846.0, 3899.0, 3236.0, 3990.0, 1995.0, 1567.0, 891.0, 2856.0, 2580.0, 3778.0, 1902.0, 1870.0, 967.0, 1481.0, 2919.0, 2085.0, 2442.0, 1164.0, 788.0, 890.0, 2086.0, 2399.0, 1305.0, 1477.0, 488.0, 488.0, 624.0, 1213.0, 708.0, 863.0, 450.0]",0.9898076666074396,0.2010192797172385,1.0,0.7302756487748927,135
56,model.layers.6.self_attn.k_proj.weight,7.710209369659424,7.519345283508301,0.9945493340492249,7.303441455587745,0.131773670037526,6.367201805114746,7.517000198364258,7.419048309326172,0.0,0.963776171207428,0.3432835820895522,122.6884307861328,3464.5390625,69673.7421875,255.0,0.0002784729003906,29607194396.222145,"(262144, 1)",122.6884307861328,58.86033630371094,0.0,255.0,255.0,32162036.0,69673.7421875,0.0002784729003906,0.9997215270996094,"[572.0, 1069.0, 789.0, 1081.0, 557.0, 467.0, 656.0, 2162.0, 1829.0, 2445.0, 2005.0, 927.0, 1016.0, 1782.0, 3666.0, 2320.0, 3039.0, 1444.0, 1039.0, 1723.0, 4238.0, 4801.0, 2683.0, 3074.0, 868.0, 2188.0, 3181.0, 5928.0, 3532.0, 4109.0, 1919.0, 1289.0, 4712.0, 4792.0, 6486.0, 3397.0, 3024.0, 802.0, 4034.0, 4455.0, 7810.0, 5698.0, 2484.0, 1508.0, 2117.0, 6028.0, 5101.0, 6496.0, 2989.0, 2169.0, 2337.0, 3339.0, 6967.0, 3989.0, 4491.0, 1665.0, 1559.0, 2549.0, 5991.0, 4071.0, 4778.0, 2687.0, 632.0, 3077.0, 3349.0, 5565.0, 3005.0, 3293.0, 897.0, 1827.0, 4180.0, 3223.0, 3981.0, 2038.0, 1636.0, 858.0, 2936.0, 2590.0, 3751.0, 2002.0, 1930.0, 946.0, 1431.0, 3008.0, 1933.0, 2483.0, 1203.0, 804.0, 873.0, 1945.0, 2139.0, 1268.0, 1489.0, 497.0, 503.0, 706.0, 1218.0, 713.0, 846.0, 446.0]",0.9886610848637544,0.20066885856621666,1.0,0.7297766478099904,136
191,model.layers.21.self_attn.k_proj.weight,7.709254741668701,7.517123699188232,0.9945409297943116,7.302195576950908,0.1301587611070583,6.387831687927246,7.52219295501709,7.422569751739502,0.0,0.9636568427085876,0.3383084577114428,122.40760040283205,3466.716064453125,69548.34375,255.0,0.0002593994140625,29505350563.134148,"(262144, 1)",122.40760040283205,58.87882614135742,0.0,255.0,255.0,32088420.0,69548.34375,0.0002593994140625,0.9997406005859376,"[589.0, 1074.0, 854.0, 1071.0, 593.0, 468.0, 700.0, 2144.0, 1834.0, 2518.0, 1956.0, 937.0, 1067.0, 1797.0, 3698.0, 2412.0, 3037.0, 1481.0, 1037.0, 1670.0, 4153.0, 4877.0, 2752.0, 3004.0, 933.0, 2227.0, 3109.0, 5950.0, 3678.0, 4170.0, 1946.0, 1293.0, 4723.0, 4569.0, 6475.0, 3297.0, 3021.0, 778.0, 3801.0, 4550.0, 7799.0, 5937.0, 2407.0, 1589.0, 2128.0, 6058.0, 5293.0, 6518.0, 2968.0, 2115.0, 2289.0, 3360.0, 6941.0, 4071.0, 4420.0, 1670.0, 1492.0, 2550.0, 5987.0, 4074.0, 4784.0, 2525.0, 651.0, 3133.0, 3321.0, 5501.0, 2981.0, 3213.0, 897.0, 1863.0, 4142.0, 3137.0, 4067.0, 2158.0, 1537.0, 834.0, 2948.0, 2648.0, 3648.0, 2022.0, 1929.0, 966.0, 1484.0, 3072.0, 1907.0, 2410.0, 1160.0, 806.0, 898.0, 2001.0, 2092.0, 1292.0, 1424.0, 451.0, 526.0, 643.0, 1155.0, 697.0, 872.0, 440.0]",0.9884710636178224,0.19997859100947765,1.0,0.7294832182091001,137
129,model.layers.14.self_attn.v_proj.weight,7.712061882019043,7.521233558654785,0.9945564270019532,7.314210028387606,0.0957188701103068,6.835092544555664,7.482059478759766,7.42707633972168,0.0,0.9640077352523804,0.3482587064676617,122.54795837402344,3447.287841796875,69576.34375,255.0,0.0002632141113281,29385352401.070385,"(262144, 1)",122.54795837402344,58.71360778808594,0.0,255.0,255.0,32125214.0,69576.34375,0.0002632141113281,0.999736785888672,"[550.0, 1126.0, 828.0, 1046.0, 542.0, 442.0, 678.0, 2131.0, 1830.0, 2514.0, 2053.0, 879.0, 1061.0, 1763.0, 3597.0, 2458.0, 3000.0, 1454.0, 1010.0, 1695.0, 4134.0, 4816.0, 2712.0, 2950.0, 817.0, 2308.0, 2965.0, 5951.0, 3511.0, 4045.0, 1863.0, 1352.0, 4748.0, 4652.0, 6466.0, 3348.0, 3011.0, 862.0, 4117.0, 4671.0, 7651.0, 5824.0, 2434.0, 1668.0, 2222.0, 6081.0, 5287.0, 6561.0, 3127.0, 2317.0, 2412.0, 3467.0, 6889.0, 4063.0, 4463.0, 1703.0, 1623.0, 2494.0, 5882.0, 4107.0, 4616.0, 2688.0, 682.0, 3048.0, 3187.0, 5539.0, 3073.0, 3096.0, 919.0, 1909.0, 3945.0, 3215.0, 4082.0, 2113.0, 1636.0, 860.0, 2884.0, 2553.0, 3586.0, 1988.0, 1869.0, 927.0, 1424.0, 3024.0, 2066.0, 2459.0, 1161.0, 812.0, 917.0, 1989.0, 2213.0, 1233.0, 1420.0, 495.0, 556.0, 635.0, 1144.0, 690.0, 828.0, 432.0]",0.9890298323864544,0.19916527874864243,1.0,0.7293983703783656,138
173,model.layers.19.self_attn.k_proj.weight,7.703923225402832,7.508284091949463,0.994507372379303,7.29849380813539,0.1317001047691109,6.551975727081299,7.492058753967285,7.422820568084717,0.0,0.962990403175354,0.3134328358208955,122.64376831054688,3451.07861328125,69627.953125,255.0,0.0002708435058593,29462278119.948452,"(262144, 1)",122.64376831054688,58.745880126953125,0.0,255.0,255.0,32150328.0,69627.953125,0.0002708435058593,0.9997291564941406,"[551.0, 1011.0, 814.0, 1055.0, 586.0, 455.0, 612.0, 2107.0, 1787.0, 2444.0, 1982.0, 871.0, 1028.0, 1848.0, 3562.0, 2397.0, 3039.0, 1461.0, 1102.0, 1657.0, 4300.0, 4803.0, 2857.0, 2897.0, 882.0, 2339.0, 3141.0, 6069.0, 3560.0, 4126.0, 1942.0, 1219.0, 4821.0, 4621.0, 6512.0, 3383.0, 2943.0, 789.0, 3865.0, 4526.0, 8015.0, 5908.0, 2337.0, 1542.0, 2040.0, 5971.0, 5346.0, 6437.0, 2979.0, 2109.0, 2408.0, 3299.0, 7054.0, 4162.0, 4250.0, 1603.0, 1448.0, 2469.0, 5947.0, 4117.0, 4819.0, 2777.0, 652.0, 3067.0, 3460.0, 5623.0, 3125.0, 3110.0, 881.0, 1876.0, 4052.0, 3242.0, 4044.0, 2050.0, 1525.0, 903.0, 3007.0, 2679.0, 3633.0, 1973.0, 1936.0, 941.0, 1433.0, 3046.0, 1873.0, 2424.0, 1173.0, 799.0, 931.0, 1983.0, 2177.0, 1272.0, 1468.0, 461.0, 471.0, 642.0, 1229.0, 713.0, 826.0, 443.0]",0.987409811094963,0.1996866586536434,1.0,0.7290321565828689,139
47,model.layers.5.self_attn.k_proj.weight,7.704358577728272,7.507701873779297,0.9945051670074464,7.297306432388723,0.1514853840547379,6.043347358703613,7.514411926269531,7.421054363250732,0.0,0.963044822216034,0.3184079601990049,122.43263244628906,3442.87890625,69515.1171875,255.0,0.0003166198730468,29292785166.653664,"(262144, 1)",122.43263244628906,58.67605209350586,0.0,255.0,255.0,32094980.0,69515.1171875,0.0003166198730468,0.9996833801269532,"[532.0, 1075.0, 811.0, 1090.0, 537.0, 465.0, 663.0, 2107.0, 1817.0, 2429.0, 1961.0, 916.0, 1070.0, 1773.0, 3632.0, 2481.0, 3023.0, 1459.0, 1043.0, 1675.0, 4331.0, 4829.0, 2742.0, 2980.0, 864.0, 2301.0, 3172.0, 6037.0, 3545.0, 4035.0, 1863.0, 1241.0, 4659.0, 4693.0, 6512.0, 3403.0, 3087.0, 804.0, 3985.0, 4581.0, 7821.0, 5811.0, 2409.0, 1567.0, 2112.0, 6073.0, 5420.0, 6537.0, 2834.0, 2114.0, 2302.0, 3471.0, 7199.0, 4112.0, 4413.0, 1601.0, 1504.0, 2537.0, 6016.0, 4138.0, 4801.0, 2711.0, 681.0, 3011.0, 3258.0, 5503.0, 2941.0, 3213.0, 837.0, 1904.0, 4098.0, 3272.0, 4149.0, 1975.0, 1562.0, 795.0, 2913.0, 2603.0, 3624.0, 2048.0, 1941.0, 993.0, 1431.0, 2967.0, 1913.0, 2399.0, 1208.0, 806.0, 864.0, 1959.0, 2101.0, 1210.0, 1449.0, 482.0, 483.0, 637.0, 1208.0, 724.0, 788.0, 468.0]",0.9874964691356903,0.19853788525020932,1.0,0.7286781181286331,140
156,model.layers.17.self_attn.v_proj.weight,7.708203792572021,7.515045642852783,0.9945330619812012,7.308044243603945,0.0875483845733686,6.997474670410156,7.494831085205078,7.415045738220215,0.0,0.9635254740715028,0.3283582089552239,122.48681640625,3419.847900390625,69496.5625,255.0,0.0003433227539062,29101162148.84313,"(262144, 1)",122.48681640625,58.47946548461914,0.0,255.0,255.0,32109186.0,69496.5625,0.0003433227539062,0.9996566772460938,"[552.0, 1035.0, 842.0, 1050.0, 536.0, 447.0, 638.0, 2089.0, 1756.0, 2452.0, 1917.0, 909.0, 1122.0, 1757.0, 3667.0, 2432.0, 2946.0, 1460.0, 1027.0, 1713.0, 4257.0, 4938.0, 2597.0, 2875.0, 875.0, 2303.0, 3091.0, 6091.0, 3416.0, 4009.0, 1924.0, 1333.0, 4894.0, 4570.0, 6331.0, 3393.0, 3041.0, 780.0, 4029.0, 4432.0, 7668.0, 5653.0, 2483.0, 1673.0, 2327.0, 6473.0, 5586.0, 6620.0, 3151.0, 2337.0, 2383.0, 3376.0, 6792.0, 4130.0, 4460.0, 1736.0, 1577.0, 2513.0, 5982.0, 3964.0, 4741.0, 2626.0, 670.0, 3055.0, 3359.0, 5575.0, 2957.0, 3142.0, 977.0, 1851.0, 4067.0, 3256.0, 4026.0, 2041.0, 1582.0, 845.0, 2845.0, 2565.0, 3698.0, 1985.0, 1882.0, 960.0, 1405.0, 2913.0, 1933.0, 2484.0, 1169.0, 809.0, 890.0, 1957.0, 2215.0, 1216.0, 1483.0, 489.0, 459.0, 603.0, 1121.0, 688.0, 771.0, 424.0]",0.9882618693990245,0.1972391207761273,1.0,0.728500330058384,141
29,model.layers.3.self_attn.k_proj.weight,7.70069694519043,7.504051208496094,0.9944912195205688,7.296081050299108,0.1134816786345248,6.597251892089844,7.488453388214111,7.415541648864746,0.0,0.9625871181488036,0.2985074626865671,122.36378479003906,3438.644287109375,69475.1953125,255.0,0.0002937316894531,29224180753.845955,"(262144, 1)",122.36378479003906,58.63995361328125,0.0,255.0,255.0,32076930.0,69475.1953125,0.0002937316894531,0.9997062683105468,"[557.0, 1083.0, 885.0, 1076.0, 581.0, 455.0, 695.0, 2157.0, 1800.0, 2314.0, 1992.0, 896.0, 1028.0, 1785.0, 3705.0, 2392.0, 3060.0, 1399.0, 1020.0, 1576.0, 4273.0, 4858.0, 2779.0, 3007.0, 858.0, 2298.0, 3065.0, 6134.0, 3553.0, 4026.0, 1931.0, 1249.0, 4810.0, 4622.0, 6649.0, 3420.0, 3044.0, 814.0, 3907.0, 4541.0, 7899.0, 5952.0, 2472.0, 1593.0, 2096.0, 5978.0, 5309.0, 6536.0, 2942.0, 2080.0, 2239.0, 3300.0, 7071.0, 4014.0, 4416.0, 1603.0, 1470.0, 2515.0, 6062.0, 4148.0, 4994.0, 2669.0, 604.0, 2954.0, 3322.0, 5573.0, 3120.0, 3146.0, 901.0, 1894.0, 4078.0, 3275.0, 4272.0, 2034.0, 1569.0, 826.0, 2882.0, 2620.0, 3588.0, 1991.0, 2020.0, 881.0, 1407.0, 2935.0, 1984.0, 2409.0, 1177.0, 798.0, 858.0, 1983.0, 2034.0, 1302.0, 1403.0, 427.0, 468.0, 681.0, 1178.0, 676.0, 830.0, 392.0]",0.9867676114196504,0.19807290471113856,1.0,0.7282801720435964,142
74,model.layers.8.self_attn.k_proj.weight,7.700758934020996,7.500211238861084,0.994476556777954,7.284804975613952,0.1869583282510302,6.259919166564941,7.498850822448731,7.417637348175049,0.0,0.9625948667526244,0.3034825870646766,122.54705810546876,3429.294921875,69542.546875,255.0,0.0003128051757812,29216113794.774475,"(262144, 1)",122.54705810546876,58.5601806640625,0.0,255.0,255.0,32124980.0,69542.546875,0.0003128051757812,0.9996871948242188,"[518.0, 1098.0, 843.0, 1056.0, 547.0, 509.0, 665.0, 2126.0, 1712.0, 2491.0, 1929.0, 825.0, 1005.0, 1687.0, 3654.0, 2389.0, 2995.0, 1406.0, 1086.0, 1642.0, 4241.0, 4805.0, 2741.0, 2933.0, 848.0, 2310.0, 3062.0, 6036.0, 3544.0, 3996.0, 1933.0, 1274.0, 4717.0, 4768.0, 6686.0, 3372.0, 3038.0, 783.0, 3918.0, 4542.0, 8034.0, 5837.0, 2377.0, 1561.0, 2219.0, 6082.0, 5575.0, 6700.0, 2994.0, 2146.0, 2342.0, 3331.0, 7174.0, 4161.0, 4393.0, 1604.0, 1474.0, 2477.0, 5889.0, 4040.0, 4874.0, 2638.0, 667.0, 3085.0, 3374.0, 5567.0, 2957.0, 3064.0, 860.0, 1890.0, 3977.0, 3315.0, 4075.0, 1938.0, 1547.0, 853.0, 2827.0, 2648.0, 3682.0, 1994.0, 1952.0, 987.0, 1464.0, 3046.0, 1888.0, 2486.0, 1247.0, 771.0, 855.0, 1896.0, 2160.0, 1288.0, 1430.0, 486.0, 503.0, 645.0, 1138.0, 719.0, 787.0, 424.0]",0.9867799504615941,0.19801822923438414,1.0,0.7282660598986593,143
38,model.layers.4.self_attn.k_proj.weight,7.699445247650147,7.4977803230285645,0.9944671988487244,7.287563944235444,0.1559457623116929,6.559401988983154,7.5076069831848145,7.4141011238098145,0.0,0.9624306559562684,0.2935323383084577,122.4034423828125,3424.555908203125,69466.671875,255.0,0.0003089904785156,29109863661.18114,"(262144, 1)",122.4034423828125,58.51970672607422,0.0,255.0,255.0,32087328.0,69466.671875,0.0003089904785156,0.9996910095214844,"[546.0, 1073.0, 822.0, 1099.0, 542.0, 465.0, 644.0, 2071.0, 1718.0, 2486.0, 2019.0, 939.0, 1002.0, 1764.0, 3601.0, 2311.0, 3027.0, 1438.0, 1035.0, 1644.0, 4157.0, 4908.0, 2740.0, 2916.0, 827.0, 2304.0, 3153.0, 5985.0, 3613.0, 4177.0, 1993.0, 1278.0, 4692.0, 4685.0, 6699.0, 3256.0, 3029.0, 828.0, 3878.0, 4456.0, 8149.0, 5954.0, 2430.0, 1613.0, 2082.0, 6080.0, 5503.0, 6657.0, 2865.0, 2084.0, 2309.0, 3409.0, 7216.0, 4214.0, 4375.0, 1537.0, 1393.0, 2529.0, 6082.0, 4213.0, 4788.0, 2627.0, 647.0, 3073.0, 3414.0, 5604.0, 2958.0, 3086.0, 898.0, 1799.0, 4026.0, 3196.0, 4038.0, 2075.0, 1566.0, 864.0, 2899.0, 2572.0, 3601.0, 2047.0, 1866.0, 929.0, 1483.0, 3001.0, 1850.0, 2532.0, 1183.0, 806.0, 868.0, 1887.0, 1991.0, 1254.0, 1430.0, 464.0, 497.0, 660.0, 1159.0, 742.0, 811.0, 439.0]",0.9865184576880968,0.19729809706835214,1.0,0.727938851585483,144
174,model.layers.19.self_attn.v_proj.weight,7.7022881507873535,7.502612113952637,0.9944857358932496,7.302676623687148,0.0938372028132219,6.979736804962158,7.465854644775391,7.41378116607666,0.0,0.9627860188484192,0.308457711442786,122.41285705566406,3399.848388671875,69424.984375,255.0,0.0002937316894531,28885160890.02531,"(262144, 1)",122.41285705566406,58.30821990966797,0.0,255.0,255.0,32089798.0,69424.984375,0.0002937316894531,0.9997062683105468,"[560.0, 1003.0, 877.0, 1008.0, 572.0, 457.0, 656.0, 2035.0, 1838.0, 2537.0, 1937.0, 843.0, 1014.0, 1743.0, 3564.0, 2393.0, 2953.0, 1331.0, 1086.0, 1658.0, 4189.0, 4785.0, 2713.0, 2853.0, 862.0, 2348.0, 3090.0, 5919.0, 3437.0, 4052.0, 1944.0, 1296.0, 4674.0, 4648.0, 6423.0, 3335.0, 2963.0, 817.0, 4194.0, 4534.0, 7999.0, 5967.0, 2523.0, 1668.0, 2286.0, 6411.0, 5511.0, 7016.0, 3115.0, 2399.0, 2462.0, 3380.0, 6959.0, 4117.0, 4451.0, 1609.0, 1530.0, 2468.0, 6072.0, 4027.0, 4710.0, 2672.0, 688.0, 2949.0, 3349.0, 5498.0, 3037.0, 2999.0, 896.0, 1837.0, 3924.0, 3255.0, 4057.0, 2084.0, 1597.0, 830.0, 2790.0, 2694.0, 3612.0, 1900.0, 1835.0, 966.0, 1434.0, 2864.0, 1881.0, 2419.0, 1215.0, 770.0, 786.0, 1836.0, 2251.0, 1235.0, 1519.0, 472.0, 501.0, 596.0, 1146.0, 699.0, 810.0, 420.0]",0.9870843451347728,0.1957751277521423,1.0,0.7276198242956383,145
182,model.layers.20.self_attn.k_proj.weight,7.692269325256348,7.486563205718994,0.994424045085907,7.28294129204005,0.1417654629073594,6.506951332092285,7.508275032043457,7.410272598266602,0.0,0.9615336656570436,0.2885572139303483,122.60619354248048,3411.6142578125,69536.3203125,255.0,0.0002861022949218,29077680811.264095,"(262144, 1)",122.60619354248048,58.409027099609375,0.0,255.0,255.0,32140476.0,69536.3203125,0.0002861022949218,0.999713897705078,"[536.0, 1061.0, 806.0, 1087.0, 523.0, 458.0, 611.0, 2017.0, 1702.0, 2488.0, 1935.0, 883.0, 1019.0, 1680.0, 3567.0, 2293.0, 3026.0, 1475.0, 1060.0, 1683.0, 4123.0, 4817.0, 2752.0, 2934.0, 871.0, 2188.0, 3126.0, 6199.0, 3701.0, 4009.0, 1905.0, 1247.0, 4781.0, 4696.0, 6591.0, 3313.0, 2983.0, 759.0, 3942.0, 4606.0, 8193.0, 6006.0, 2419.0, 1483.0, 2087.0, 6070.0, 5561.0, 6651.0, 2858.0, 2121.0, 2297.0, 3323.0, 7362.0, 4254.0, 4392.0, 1583.0, 1487.0, 2497.0, 6134.0, 4212.0, 4750.0, 2649.0, 637.0, 3047.0, 3387.0, 5548.0, 3070.0, 3061.0, 852.0, 1811.0, 4172.0, 3344.0, 4109.0, 2050.0, 1487.0, 827.0, 2915.0, 2579.0, 3551.0, 1921.0, 1937.0, 930.0, 1449.0, 2953.0, 1952.0, 2390.0, 1134.0, 751.0, 905.0, 1935.0, 2097.0, 1244.0, 1468.0, 459.0, 490.0, 637.0, 1244.0, 743.0, 798.0, 418.0]",0.9850900712095606,0.19707997117395515,1.0,0.7273900141278385,146
3,model.layers.0.self_attn.v_proj.weight,7.641371250152588,7.3714070320129395,0.993960738182068,7.247205121442676,0.070203047191983,7.063353061676025,7.474008560180664,7.378236293792725,0.0,0.9551714062690736,0.2835820895522388,122.42756652832033,3286.25244140625,69217.046875,255.0,0.0002784729003906,27840193480.703403,"(262144, 1)",122.42756652832033,57.32584381103515,0.0,255.0,255.0,32093654.0,69217.046875,0.0002784729003906,0.9997215270996094,"[484.0, 1038.0, 1038.0, 1042.0, 518.0, 438.0, 620.0, 1884.0, 1812.0, 2844.0, 1679.0, 813.0, 930.0, 1466.0, 3456.0, 2785.0, 2689.0, 1205.0, 950.0, 1423.0, 3588.0, 5364.0, 2407.0, 2361.0, 756.0, 1933.0, 2616.0, 6049.0, 3487.0, 3368.0, 1683.0, 1169.0, 4095.0, 4362.0, 6876.0, 2846.0, 2686.0, 876.0, 4090.0, 4573.0, 9411.0, 5885.0, 2451.0, 1806.0, 2643.0, 7463.0, 8139.0, 8338.0, 3377.0, 2645.0, 2607.0, 3501.0, 8282.0, 4444.0, 4480.0, 1765.0, 1496.0, 2269.0, 5559.0, 4637.0, 4114.0, 2494.0, 659.0, 2582.0, 2789.0, 5973.0, 2654.0, 2611.0, 840.0, 1584.0, 3576.0, 3543.0, 3812.0, 1637.0, 1389.0, 726.0, 2388.0, 2497.0, 3871.0, 1742.0, 1600.0, 870.0, 1236.0, 2853.0, 2311.0, 2217.0, 991.0, 705.0, 778.0, 1796.0, 2492.0, 1219.0, 1278.0, 464.0, 466.0, 602.0, 1315.0, 800.0, 777.0, 396.0]",0.9749586737010599,0.18869264589110243,1.0,0.7212171065307208,147
12,model.layers.1.self_attn.v_proj.weight,7.637490749359131,7.379316806793213,0.9939937591552734,7.242088419385254,0.084850340935062,6.873683452606201,7.429591178894043,7.3605499267578125,0.0,0.9546863436698914,0.2736318407960199,122.43321990966795,3215.982177734375,69086.4921875,255.0,0.0002593994140625,27195270100.719128,"(262144, 1)",122.43321990966795,56.70962905883789,0.0,255.0,255.0,32095136.0,69086.4921875,0.0002593994140625,0.9997406005859376,"[466.0, 1028.0, 977.0, 1074.0, 471.0, 429.0, 605.0, 1750.0, 1798.0, 2544.0, 1664.0, 740.0, 900.0, 1404.0, 3400.0, 2610.0, 2679.0, 1173.0, 871.0, 1331.0, 3651.0, 5006.0, 2450.0, 2468.0, 774.0, 2052.0, 2783.0, 5996.0, 3442.0, 3569.0, 1652.0, 1226.0, 4433.0, 4722.0, 7104.0, 3073.0, 2867.0, 830.0, 4151.0, 4935.0, 9345.0, 6150.0, 2442.0, 1738.0, 2437.0, 7153.0, 7220.0, 8084.0, 3328.0, 2472.0, 2505.0, 3511.0, 8192.0, 4640.0, 4573.0, 1702.0, 1556.0, 2404.0, 6007.0, 4650.0, 4775.0, 2537.0, 640.0, 2728.0, 3089.0, 5931.0, 2819.0, 2801.0, 811.0, 1586.0, 3605.0, 3478.0, 3884.0, 1694.0, 1317.0, 710.0, 2397.0, 2549.0, 3745.0, 1737.0, 1585.0, 856.0, 1154.0, 2792.0, 2086.0, 2239.0, 940.0, 717.0, 714.0, 1740.0, 2374.0, 1199.0, 1257.0, 417.0, 462.0, 556.0, 1255.0, 684.0, 724.0, 353.0]",0.9741862496753885,0.1843215448407231,1.0,0.7195025981720372,148
138,model.layers.15.self_attn.v_proj.weight,7.634202480316162,7.374515056610107,0.9939737319946288,7.213487294502556,0.220463509715369,6.32789421081543,7.482550621032715,7.356340408325195,0.0,0.9542753100395204,0.2686567164179104,122.14370727539062,3194.59619140625,68911.546875,255.0,0.0002288818359375,26883118862.68524,"(262144, 1)",122.14370727539062,56.52075958251953,0.0,255.0,255.0,32019240.0,68911.546875,0.0002288818359375,0.9997711181640624,"[497.0, 975.0, 880.0, 1028.0, 498.0, 384.0, 603.0, 1873.0, 1717.0, 2267.0, 1712.0, 701.0, 918.0, 1585.0, 3409.0, 2319.0, 2668.0, 1269.0, 871.0, 1443.0, 3807.0, 4759.0, 2580.0, 2633.0, 811.0, 2174.0, 2969.0, 6092.0, 3707.0, 3858.0, 1707.0, 1164.0, 4612.0, 5027.0, 7249.0, 3258.0, 2746.0, 881.0, 3865.0, 4962.0, 9577.0, 6172.0, 2386.0, 1601.0, 2113.0, 6753.0, 7119.0, 7561.0, 3082.0, 2249.0, 2317.0, 3446.0, 8319.0, 4876.0, 4591.0, 1566.0, 1448.0, 2380.0, 6202.0, 4677.0, 4936.0, 2561.0, 693.0, 2777.0, 3246.0, 5791.0, 3070.0, 2927.0, 800.0, 1660.0, 3810.0, 3312.0, 3913.0, 1833.0, 1446.0, 737.0, 2583.0, 2480.0, 3466.0, 1815.0, 1680.0, 859.0, 1251.0, 2670.0, 1881.0, 2159.0, 998.0, 667.0, 741.0, 1748.0, 2011.0, 1112.0, 1216.0, 426.0, 460.0, 572.0, 1120.0, 691.0, 730.0, 383.0]",0.9735317109581326,0.18220587552744688,1.0,0.7185791954951931,149
20,model.layers.2.self_attn.k_proj.weight,7.629058837890625,7.377532005310059,0.9939863085746764,7.228070002049208,0.1248261114756511,6.737905502319336,7.447118759155273,7.357353687286377,0.0,0.953632354736328,0.263681592039801,122.3830795288086,3195.707275390625,69024.59375,255.0,0.0002174377441406,26989683112.534935,"(262144, 1)",122.3830795288086,56.53058624267578,0.0,255.0,255.0,32081988.0,69024.59375,0.0002174377441406,0.9997825622558594,"[446.0, 1034.0, 874.0, 990.0, 538.0, 385.0, 596.0, 1785.0, 1525.0, 2229.0, 1672.0, 706.0, 880.0, 1511.0, 3284.0, 2303.0, 2730.0, 1223.0, 940.0, 1435.0, 3981.0, 4761.0, 2631.0, 2715.0, 794.0, 2016.0, 2892.0, 6379.0, 3774.0, 4033.0, 1705.0, 1201.0, 4678.0, 5201.0, 7515.0, 3462.0, 2851.0, 777.0, 3869.0, 4947.0, 9232.0, 6405.0, 2362.0, 1460.0, 1991.0, 6754.0, 6376.0, 7324.0, 2945.0, 2001.0, 2144.0, 3473.0, 7956.0, 4751.0, 4597.0, 1472.0, 1388.0, 2517.0, 6539.0, 4647.0, 5096.0, 2452.0, 635.0, 2853.0, 3571.0, 6066.0, 3224.0, 3023.0, 749.0, 1641.0, 4043.0, 3328.0, 4073.0, 1959.0, 1325.0, 729.0, 2669.0, 2534.0, 3480.0, 1892.0, 1661.0, 816.0, 1279.0, 2650.0, 1823.0, 2243.0, 995.0, 632.0, 724.0, 1733.0, 1897.0, 1152.0, 1207.0, 430.0, 454.0, 587.0, 1146.0, 668.0, 765.0, 338.0]",0.9725078552239327,0.18292813668110863,1.0,0.7184786639683471,150
165,model.layers.18.self_attn.v_proj.weight,7.62740421295166,7.362855911254883,0.9939247965812684,7.204896568320692,0.2225267017502263,6.311319351196289,7.466567039489746,7.351983070373535,0.0,0.9534255266189576,0.2587064676616915,122.25216674804688,3173.061279296875,68920.34375,255.0,0.0002632141113281,26728102736.57956,"(262144, 1)",122.25216674804688,56.329933166503906,0.0,255.0,255.0,32047670.0,68920.34375,0.0002632141113281,0.999736785888672,"[492.0, 991.0, 840.0, 1005.0, 429.0, 408.0, 539.0, 1777.0, 1648.0, 2281.0, 1712.0, 723.0, 883.0, 1547.0, 3350.0, 2323.0, 2753.0, 1233.0, 971.0, 1425.0, 3897.0, 4675.0, 2585.0, 2593.0, 777.0, 2055.0, 2857.0, 6324.0, 3661.0, 3834.0, 1712.0, 1187.0, 4633.0, 4874.0, 7126.0, 3280.0, 2746.0, 784.0, 3796.0, 4975.0, 9671.0, 6352.0, 2403.0, 1653.0, 2178.0, 6833.0, 7304.0, 7812.0, 3109.0, 2276.0, 2292.0, 3476.0, 8258.0, 4880.0, 4626.0, 1519.0, 1440.0, 2420.0, 6303.0, 4580.0, 4927.0, 2390.0, 658.0, 2847.0, 3346.0, 5958.0, 3035.0, 2888.0, 814.0, 1699.0, 3821.0, 3291.0, 3924.0, 1844.0, 1361.0, 773.0, 2561.0, 2452.0, 3344.0, 1854.0, 1605.0, 805.0, 1195.0, 2720.0, 1884.0, 2227.0, 959.0, 704.0, 729.0, 1719.0, 2037.0, 1106.0, 1212.0, 437.0, 469.0, 579.0, 1129.0, 669.0, 724.0, 362.0]",0.9721784977197454,0.1811552218022512,1.0,0.7177779065073322,151
11,model.layers.1.self_attn.k_proj.weight,7.427007675170898,6.955657482147217,0.991943657398224,7.024825167842209,0.2006335895663214,5.838593482971191,7.442227363586426,7.226248741149902,0.0,0.9283759593963624,0.2487562189054726,121.95250701904295,2813.4794921875,68093.3828125,255.0,0.0001716613769531,23359569705.659264,"(262144, 1)",121.95250701904295,53.042240142822266,0.0,255.0,255.0,31969118.0,68093.3828125,0.0001716613769531,0.9998283386230468,"[339.0, 923.0, 1091.0, 1042.0, 438.0, 337.0, 400.0, 1334.0, 1318.0, 2236.0, 1298.0, 517.0, 682.0, 1083.0, 2807.0, 2502.0, 2179.0, 933.0, 703.0, 1068.0, 3266.0, 5105.0, 2131.0, 1953.0, 579.0, 1594.0, 2398.0, 6749.0, 3404.0, 3190.0, 1348.0, 926.0, 3722.0, 4874.0, 8533.0, 3045.0, 2190.0, 703.0, 3326.0, 4708.0, 12114.0, 6199.0, 2020.0, 1451.0, 2606.0, 9184.0, 13420.0, 11450.0, 3792.0, 2527.0, 1897.0, 3210.0, 10532.0, 5185.0, 4241.0, 1285.0, 1261.0, 2007.0, 6222.0, 5980.0, 4649.0, 1991.0, 537.0, 2229.0, 3003.0, 6696.0, 2867.0, 2375.0, 620.0, 1256.0, 3214.0, 3634.0, 3562.0, 1414.0, 993.0, 524.0, 2050.0, 2141.0, 3595.0, 1475.0, 1206.0, 668.0, 927.0, 2294.0, 1937.0, 1727.0, 767.0, 484.0, 563.0, 1315.0, 1924.0, 857.0, 898.0, 273.0, 360.0, 498.0, 1414.0, 695.0, 637.0, 318.0]",0.9322890327557906,0.15832429532839296,1.0,0.6968711093613944,152
1,model.layers.0.self_attn.q_proj.weight,6.644868850708008,5.44342565536499,0.977019190788269,6.133060267282417,0.978706703645382,1.592435598373413,7.335324287414551,6.688554286956787,0.0,0.830608606338501,0.2437810945273631,121.23558807373048,1884.1021728515625,186521.953125,255.0,0.000133991241455,42599679601.04767,"(2097152, 1)",121.23558807373048,43.406246185302734,0.0,255.0,255.0,254318848.0,186521.953125,0.000133991241455,0.9998660087585448,"[1511.0, 4604.0, 10628.0, 6841.0, 1872.0, 1266.0, 1556.0, 4871.0, 6869.0, 12485.0, 4646.0, 1762.0, 2482.0, 3914.0, 12858.0, 14079.0, 9015.0, 3110.0, 2672.0, 3918.0, 13967.0, 30681.0, 10395.0, 7558.0, 2252.0, 6517.0, 10549.0, 45675.0, 22029.0, 14318.0, 5519.0, 4793.0, 19239.0, 39263.0, 76423.0, 15949.0, 9860.0, 5647.0, 18387.0, 37426.0, 173463.0, 48113.0, 10808.0, 12689.0, 14331.0, 72293.0, 298606.0, 142489.0, 23798.0, 17201.0, 12122.0, 21078.0, 148450.0, 63816.0, 28385.0, 7228.0, 7935.0, 9469.0, 47878.0, 63814.0, 29687.0, 9270.0, 3393.0, 9236.0, 16164.0, 52665.0, 15746.0, 10251.0, 3034.0, 4862.0, 14665.0, 24947.0, 19703.0, 5821.0, 4208.0, 2041.0, 7582.0, 11218.0, 20329.0, 5816.0, 4342.0, 2300.0, 3180.0, 10159.0, 11298.0, 6996.0, 2495.0, 1924.0, 1766.0, 5165.0, 11873.0, 3811.0, 3181.0, 1041.0, 1549.0, 2266.0, 12112.0, 5360.0, 3067.0, 1257.0]",0.7766022151048099,0.28872810325856335,1.0,0.6884434394544577,153
2,model.layers.0.self_attn.k_proj.weight,6.004114151000977,4.49937105178833,0.9557865858078004,5.545159316621721,0.9339129902932954,3.529454231262207,7.293619155883789,6.2474517822265625,0.0,0.7505142688751221,0.2388059701492537,120.78226470947266,1468.149658203125,64883.7734375,255.0,0.0001068115234375,11504379668.044022,"(262144, 1)",120.78226470947266,38.31644058227539,0.0,255.0,255.0,31662348.0,64883.7734375,0.0001068115234375,0.9998931884765624,"[131.0, 416.0, 1557.0, 920.0, 159.0, 101.0, 110.0, 326.0, 631.0, 1322.0, 368.0, 135.0, 178.0, 232.0, 1068.0, 1452.0, 698.0, 190.0, 200.0, 245.0, 992.0, 3021.0, 866.0, 532.0, 165.0, 453.0, 829.0, 4622.0, 2038.0, 1087.0, 415.0, 382.0, 1595.0, 4066.0, 9041.0, 1410.0, 829.0, 566.0, 1526.0, 3996.0, 26071.0, 5130.0, 988.0, 1630.0, 1735.0, 8631.0, 56918.0, 21608.0, 2578.0, 2170.0, 1403.0, 1978.0, 22578.0, 8603.0, 2609.0, 629.0, 774.0, 777.0, 5020.0, 8019.0, 2816.0, 790.0, 324.0, 671.0, 1402.0, 5627.0, 1347.0, 688.0, 256.0, 338.0, 1146.0, 2443.0, 1725.0, 414.0, 272.0, 120.0, 565.0, 947.0, 1915.0, 420.0, 280.0, 167.0, 198.0, 871.0, 1197.0, 549.0, 157.0, 147.0, 125.0, 428.0, 1354.0, 312.0, 213.0, 71.0, 121.0, 204.0, 1893.0, 553.0, 256.0, 103.0]",0.6490582843188623,0.07797330289402055,1.0,0.5756771957376275,154
125,model.layers.13.input_layernorm.weight,5.954665184020996,5.541753768920898,0.9785332679748536,5.919519662857056,0.0534095532756279,5.877303123474121,6.008081436157227,6.070301055908203,0.0059452056884765,0.7443331480026245,0.2338308457711442,0.3773155212402344,0.0057929810136556,17.419105529785156,0.984375,0.0,0.0380743612386507,"(2048,)",0.3773155212402344,0.0761116370558738,0.09375,0.984375,0.890625,772.7421875,17.419105529785156,0.0,1.0,"[1.0, 0.0, 0.0, 2.0, 2.0, 1.0, 1.0, 3.0, 4.0, 1.0, 2.0, 4.0, 1.0, 1.0, 1.0, 10.0, 8.0, 8.0, 10.0, 18.0, 13.0, 25.0, 32.0, 45.0, 51.0, 81.0, 118.0, 97.0, 140.0, 132.0, 180.0, 127.0, 175.0, 143.0, 95.0, 130.0, 64.0, 75.0, 45.0, 45.0, 31.0, 21.0, 16.0, 11.0, 6.0, 6.0, 11.0, 2.0, 3.0, 6.0, 2.0, 0.0, 1.0, 3.0, 1.0, 1.0, 1.0, 2.0, 3.0, 2.0, 0.0, 3.0, 0.0, 1.0, 3.0, 1.0, 0.0, 0.0, 1.0, 0.0, 0.0, 1.0, 1.0, 1.0, 1.0, 0.0, 0.0, 0.0, 2.0, 0.0, 0.0, 1.0, 0.0, 0.0, 1.0, 2.0, 0.0, 0.0, 1.0, 0.0, 2.0, 0.0, 1.0, 1.0, 2.0, 1.0, 0.0, 0.0, 0.0, 1.0]",0.6392153356447208,2.5767146141904946e-13,0.0026322576750375895,0.21394919777333868,155
134,model.layers.14.input_layernorm.weight,5.873551845550537,5.488586902618408,0.9777274131774902,5.970317482948303,0.1579979875801237,5.767526626586914,6.201226234436035,5.99860954284668,0.0,0.7341939806938171,0.2238805970149253,0.3613820075988769,0.0042410516180098,16.617570877075195,0.90625,0.0,0.0254687496421911,"(2048,)",0.3613820075988769,0.0651233568787574,0.083984375,0.90625,0.822265625,740.1103515625,16.617570877075195,0.0,1.0,"[1.0, 0.0, 0.0, 1.0, 1.0, 0.0, 0.0, 1.0, 0.0, 0.0, 0.0, 0.0, 0.0, 0.0, 0.0, 1.0, 0.0, 1.0, 3.0, 4.0, 9.0, 10.0, 19.0, 45.0, 35.0, 56.0, 71.0, 77.0, 128.0, 132.0, 132.0, 156.0, 159.0, 168.0, 128.0, 115.0, 111.0, 88.0, 101.0, 65.0, 47.0, 26.0, 32.0, 21.0, 9.0, 15.0, 12.0, 8.0, 6.0, 3.0, 3.0, 3.0, 2.0, 0.0, 2.0, 2.0, 2.0, 2.0, 1.0, 0.0, 0.0, 3.0, 1.0, 1.0, 3.0, 2.0, 2.0, 1.0, 1.0, 1.0, 0.0, 1.0, 1.0, 1.0, 0.0, 0.0, 1.0, 1.0, 2.0, 2.0, 1.0, 0.0, 1.0, 1.0, 1.0, 0.0, 3.0, 0.0, 1.0, 0.0, 0.0, 0.0, 0.0, 0.0, 0.0, 0.0, 1.0, 0.0, 0.0, 1.0]",0.6230695094300654,1.7223433229635946e-13,0.002363950236516301,0.20847781988891798,156
0,model.embed_tokens.weight,5.88450288772583,5.641408443450928,0.9799660444259644,7.057428834136576,0.1249008469156837,4.57466459274292,7.442159175872803,6.015104293823242,3.147125244140625e-05,0.7355628609657288,0.2288557213930348,0.0117561314254999,0.0002222859620815,119.0439453125,0.1494140625,0.0,0.0003110883740292,"(32000, 2048)",-3.500273351164651e-07,0.0149092571809887,-0.1171875,0.1494140625,0.2666015625,767993.75,119.0439453125,0.0,1.0,"[2.0, 0.0, 1.0, 1.0, 2.0, 3.0, 3.0, 1.0, 7.0, 7.0, 11.0, 22.0, 23.0, 52.0, 74.0, 115.0, 185.0, 430.0, 644.0, 1329.0, 2054.0, 3721.0, 6194.0, 10717.0, 16046.0, 28681.0, 46694.0, 74504.0, 117013.0, 179640.0, 269482.0, 396638.0, 552739.0, 789020.0, 1077867.0, 1433982.0, 1859089.0, 2219544.0, 2870386.0, 3381752.0, 3791931.0, 4349558.0, 4582409.0, 5042309.0, 4790026.0, 4588083.0, 4210744.0, 3841351.0, 3328470.0, 2704426.0, 2291761.0, 1815037.0, 1394831.0, 1045198.0, 765663.0, 534819.0, 383766.0, 261252.0, 174065.0, 113649.0, 73109.0, 45725.0, 26350.0, 17755.0, 10564.0, 6210.0, 3578.0, 2082.0, 1033.0, 716.0, 326.0, 219.0, 96.0, 92.0, 33.0, 26.0, 27.0, 7.0, 4.0, 5.0, 5.0, 6.0, 0.0, 2.0, 3.0, 1.0, 0.0, 0.0, 0.0, 0.0, 2.0, 0.0, 0.0, 0.0, 0.0, 0.0, 0.0, 0.0, 0.0, 1.0]",0.6252493435629687,1.7231010288083567e-15,0.0001829940576789726,0.2084774458735498,157
143,model.layers.15.input_layernorm.weight,5.871529579162598,5.487660884857178,0.977713108062744,6.010790109634399,0.2338447479707067,5.742256164550781,6.386153221130371,6.364837646484375,0.0,0.7339411973953247,0.2189054726368159,0.4187995195388794,0.0042411391623318,19.18033790588379,0.890625,0.0,0.0340678676780392,"(2048,)",0.4187995195388794,0.0651240274310112,0.051513671875,0.890625,0.839111328125,857.701416015625,19.18033790588379,0.0,1.0,"[1.0, 0.0, 0.0, 0.0, 1.0, 0.0, 1.0, 0.0, 0.0, 0.0, 1.0, 0.0, 0.0, 0.0, 0.0, 0.0, 0.0, 0.0, 0.0, 0.0, 0.0, 0.0, 0.0, 0.0, 0.0, 0.0, 2.0, 0.0, 0.0, 2.0, 6.0, 6.0, 25.0, 19.0, 43.0, 52.0, 77.0, 101.0, 115.0, 175.0, 144.0, 132.0, 188.0, 133.0, 137.0, 128.0, 89.0, 80.0, 68.0, 65.0, 39.0, 39.0, 34.0, 24.0, 12.0, 9.0, 7.0, 11.0, 7.0, 12.0, 6.0, 3.0, 5.0, 2.0, 6.0, 0.0, 2.0, 1.0, 1.0, 1.0, 1.0, 3.0, 3.0, 1.0, 4.0, 0.0, 1.0, 3.0, 3.0, 2.0, 2.0, 2.0, 1.0, 1.0, 0.0, 1.0, 2.0, 1.0, 0.0, 0.0, 1.0, 1.0, 1.0, 0.0, 0.0, 1.0, 0.0, 0.0, 0.0, 1.0]",0.6226669719155813,2.3051662604689434e-13,0.0024300688552947613,0.2083656802570355,158
62,model.layers.6.input_layernorm.weight,5.848841667175293,5.32547664642334,0.9750614166259766,5.894880175590515,0.220788810637615,5.609947681427002,6.212503910064697,6.365072727203369,0.0,0.7311052083969116,0.2139303482587064,0.2680493593215942,0.0062734819948673,12.64875316619873,0.73828125,0.0,0.0212701791131646,"(2048,)",0.2680491209030151,0.0792053192853927,-0.0002689361572265,0.73828125,0.7385501861572266,548.965087890625,12.64875316619873,0.0,1.0,"[1.0, 0.0, 0.0, 0.0, 0.0, 0.0, 0.0, 1.0, 1.0, 0.0, 0.0, 0.0, 1.0, 0.0, 0.0, 0.0, 0.0, 0.0, 0.0, 0.0, 0.0, 0.0, 0.0, 2.0, 1.0, 4.0, 25.0, 64.0, 124.0, 158.0, 229.0, 184.0, 213.0, 177.0, 135.0, 77.0, 110.0, 74.0, 54.0, 37.0, 34.0, 38.0, 21.0, 29.0, 24.0, 9.0, 14.0, 17.0, 6.0, 17.0, 13.0, 7.0, 12.0, 6.0, 4.0, 2.0, 10.0, 9.0, 3.0, 8.0, 2.0, 3.0, 6.0, 1.0, 3.0, 10.0, 1.0, 5.0, 5.0, 2.0, 1.0, 3.0, 1.0, 0.0, 5.0, 2.0, 3.0, 1.0, 3.0, 2.0, 3.0, 0.0, 5.0, 2.0, 3.0, 2.0, 3.0, 3.0, 3.0, 1.0, 2.0, 2.0, 1.0, 1.0, 1.0, 0.0, 0.0, 1.0, 0.0, 1.0]",0.6181508825642125,1.4377765570639484e-13,0.00203537094566424,0.2067287511700068,159
107,model.layers.11.input_layernorm.weight,5.785253047943115,5.382561206817627,0.9760289192199708,5.7212241888046265,0.1028558076257191,5.585872650146484,5.870616436004639,5.953666687011719,0.0,0.7231566309928894,0.208955223880597,0.3955254554748535,0.0054143154993653,18.206377029418945,0.98828125,0.0,0.0389889491982479,"(2048,)",0.3955254554748535,0.0735820308327674,0.09619140625,0.98828125,0.89208984375,810.0361328125,18.206377029418945,0.0,1.0,"[2.0, 0.0, 0.0, 1.0, 1.0, 0.0, 0.0, 0.0, 0.0, 0.0, 0.0, 0.0, 1.0, 0.0, 0.0, 0.0, 1.0, 1.0, 2.0, 0.0, 1.0, 3.0, 9.0, 19.0, 41.0, 57.0, 82.0, 123.0, 117.0, 185.0, 158.0, 206.0, 147.0, 160.0, 148.0, 78.0, 101.0, 60.0, 76.0, 47.0, 37.0, 31.0, 19.0, 17.0, 16.0, 12.0, 6.0, 10.0, 5.0, 3.0, 7.0, 3.0, 4.0, 3.0, 5.0, 3.0, 1.0, 2.0, 1.0, 0.0, 2.0, 2.0, 1.0, 1.0, 3.0, 2.0, 1.0, 1.0, 0.0, 0.0, 1.0, 1.0, 0.0, 1.0, 1.0, 2.0, 0.0, 0.0, 2.0, 0.0, 1.0, 0.0, 2.0, 0.0, 0.0, 1.0, 0.0, 0.0, 2.0, 1.0, 1.0, 0.0, 4.0, 0.0, 0.0, 1.0, 0.0, 1.0, 0.0, 1.0]",0.6054933984227289,2.6387026970377486e-13,0.00263800712014876,0.2027104685143805,160
116,model.layers.12.input_layernorm.weight,5.77949333190918,5.316758632659912,0.9749102592468262,5.718984127044678,0.0297312433760663,5.691798686981201,5.767292022705078,5.925012588500977,0.0,0.7224366664886475,0.2039800995024875,0.3437533378601074,0.0045427652075886,15.852560997009276,0.89453125,0.0,0.024755211875211,"(2048,)",0.3437533378601074,0.06740003824234,0.07861328125,0.89453125,0.81591796875,704.0068359375,15.852560997009276,0.0,1.0,"[2.0, 0.0, 0.0, 1.0, 2.0, 0.0, 2.0, 2.0, 2.0, 4.0, 1.0, 1.0, 1.0, 3.0, 0.0, 0.0, 8.0, 5.0, 5.0, 9.0, 9.0, 18.0, 19.0, 32.0, 42.0, 59.0, 75.0, 92.0, 125.0, 165.0, 157.0, 170.0, 228.0, 170.0, 137.0, 102.0, 94.0, 70.0, 70.0, 35.0, 22.0, 14.0, 16.0, 8.0, 4.0, 5.0, 9.0, 1.0, 3.0, 1.0, 3.0, 1.0, 2.0, 4.0, 1.0, 1.0, 3.0, 0.0, 0.0, 0.0, 1.0, 0.0, 2.0, 2.0, 3.0, 0.0, 0.0, 2.0, 1.0, 1.0, 0.0, 0.0, 2.0, 0.0, 0.0, 1.0, 0.0, 2.0, 0.0, 1.0, 0.0, 0.0, 2.0, 0.0, 1.0, 2.0, 0.0, 2.0, 1.0, 1.0, 1.0, 1.0, 0.0, 0.0, 0.0, 1.0, 1.0, 1.0, 0.0, 1.0]",0.6043469115947511,1.673981831047949e-13,0.0023390359743678956,0.20222864918976213,161
35,model.layers.3.input_layernorm.weight,5.7110161781311035,5.23798131942749,0.9735021591186525,5.781026124954224,0.0953448101331308,5.671952247619629,5.9270172119140625,6.1180100440979,4.76837158203125e-07,0.7138770222663879,0.1990049751243781,0.2243484854698181,0.0029973399359732,10.450616836547852,0.64453125,0.0,0.0070275034454406,"(2048,)",0.2243482172489166,0.0547479651868343,-0.000274658203125,0.64453125,0.644805908203125,459.4656982421875,10.450616836547852,0.0,1.0,"[2.0, 0.0, 0.0, 0.0, 0.0, 0.0, 0.0, 0.0, 1.0, 0.0, 0.0, 0.0, 0.0, 0.0, 1.0, 0.0, 0.0, 0.0, 0.0, 0.0, 0.0, 0.0, 0.0, 0.0, 5.0, 14.0, 36.0, 97.0, 134.0, 157.0, 218.0, 240.0, 177.0, 181.0, 123.0, 107.0, 102.0, 61.0, 54.0, 56.0, 25.0, 24.0, 29.0, 28.0, 16.0, 17.0, 11.0, 12.0, 7.0, 8.0, 9.0, 7.0, 5.0, 9.0, 6.0, 5.0, 4.0, 0.0, 6.0, 5.0, 3.0, 1.0, 4.0, 1.0, 4.0, 3.0, 2.0, 0.0, 1.0, 2.0, 2.0, 1.0, 2.0, 2.0, 0.0, 3.0, 3.0, 1.0, 3.0, 0.0, 2.0, 1.0, 0.0, 0.0, 2.0, 0.0, 0.0, 1.0, 1.0, 0.0, 0.0, 0.0, 2.0, 1.0, 0.0, 0.0, 0.0, 0.0, 0.0, 1.0]",0.5907163516224513,4.7244987635160964e-14,0.0016674289173192964,0.19746126017993929,162
170,model.layers.18.input_layernorm.weight,5.538660526275635,5.054853439331055,0.9699158668518066,5.550435185432434,0.1262248995733138,5.422674179077148,5.760139465332031,5.800352096557617,0.0,0.6923325657844543,0.1940298507462686,0.4386587142944336,0.006648464128375,20.19126892089844,1.125,0.0,0.0588859524992082,"(2048,)",0.4386587142944336,0.0815381184220314,0.087890625,1.125,1.037109375,898.373046875,20.19126892089844,0.0,1.0,"[1.0, 0.0, 0.0, 0.0, 1.0, 1.0, 1.0, 0.0, 0.0, 0.0, 1.0, 0.0, 0.0, 0.0, 0.0, 0.0, 0.0, 0.0, 1.0, 1.0, 2.0, 2.0, 2.0, 3.0, 7.0, 20.0, 46.0, 65.0, 124.0, 227.0, 231.0, 228.0, 246.0, 159.0, 134.0, 129.0, 70.0, 47.0, 53.0, 26.0, 40.0, 28.0, 17.0, 18.0, 15.0, 16.0, 11.0, 7.0, 2.0, 4.0, 7.0, 3.0, 9.0, 0.0, 4.0, 1.0, 2.0, 3.0, 1.0, 1.0, 3.0, 0.0, 0.0, 0.0, 1.0, 0.0, 0.0, 2.0, 1.0, 1.0, 0.0, 0.0, 1.0, 1.0, 0.0, 0.0, 1.0, 0.0, 2.0, 1.0, 1.0, 1.0, 0.0, 1.0, 1.0, 0.0, 1.0, 3.0, 1.0, 0.0, 3.0, 1.0, 1.0, 0.0, 1.0, 0.0, 1.0, 0.0, 0.0, 1.0]",0.5564084997395514,3.987263079983531e-13,0.0032072021861546353,0.18653856730870158,163
44,model.layers.4.input_layernorm.weight,5.507187366485596,4.939916133880615,0.967421054840088,5.65065598487854,0.181770258764612,5.392209053039551,5.8453826904296875,6.235095977783203,0.0,0.6883984208106995,0.1890547263681592,0.3199385404586792,0.0033884649164974,14.71634292602539,0.74609375,0.0,0.0159539950153595,"(2048,)",0.3199384808540344,0.0582105219364166,-5.53131103515625e-05,0.74609375,0.7461490631103516,655.234130859375,14.71634292602539,0.0,1.0,"[2.0, 0.0, 0.0, 0.0, 0.0, 0.0, 0.0, 0.0, 0.0, 0.0, 0.0, 1.0, 0.0, 0.0, 0.0, 1.0, 0.0, 0.0, 0.0, 0.0, 0.0, 0.0, 0.0, 0.0, 0.0, 0.0, 0.0, 1.0, 0.0, 0.0, 0.0, 1.0, 2.0, 7.0, 14.0, 61.0, 115.0, 151.0, 164.0, 275.0, 229.0, 228.0, 161.0, 120.0, 83.0, 69.0, 69.0, 36.0, 25.0, 25.0, 26.0, 23.0, 5.0, 12.0, 12.0, 7.0, 11.0, 5.0, 7.0, 5.0, 6.0, 5.0, 7.0, 5.0, 8.0, 5.0, 4.0, 4.0, 4.0, 4.0, 5.0, 4.0, 1.0, 3.0, 5.0, 2.0, 4.0, 2.0, 4.0, 1.0, 1.0, 2.0, 1.0, 2.0, 2.0, 0.0, 0.0, 2.0, 0.0, 0.0, 0.0, 0.0, 0.0, 0.0, 1.0, 0.0, 0.0, 0.0, 0.0, 1.0]",0.5501436833976483,1.0774612294587953e-13,0.002065196192178437,0.18406962652997816,164
152,model.layers.16.input_layernorm.weight,5.4505486488342285,5.03696870803833,0.9695405960083008,5.476659417152405,0.1613253913199525,5.328963279724121,5.749448776245117,5.720556259155273,0.0,0.6813185811042786,0.1840796019900497,0.4018892049789428,0.0044532637111842,18.436309814453125,0.96875,0.0,0.0329958068198106,"(2048,)",0.4018892049789428,0.0667327791452407,0.059814453125,0.96875,0.908935546875,823.069091796875,18.436309814453125,0.0,1.0,"[1.0, 0.0, 0.0, 0.0, 0.0, 1.0, 1.0, 0.0, 1.0, 0.0, 0.0, 0.0, 0.0, 0.0, 0.0, 0.0, 0.0, 0.0, 0.0, 0.0, 0.0, 1.0, 0.0, 1.0, 1.0, 4.0, 3.0, 4.0, 8.0, 23.0, 33.0, 89.0, 132.0, 158.0, 224.0, 248.0, 195.0, 219.0, 182.0, 108.0, 92.0, 71.0, 43.0, 49.0, 28.0, 20.0, 18.0, 12.0, 11.0, 4.0, 1.0, 7.0, 3.0, 1.0, 7.0, 4.0, 3.0, 1.0, 1.0, 0.0, 0.0, 2.0, 0.0, 1.0, 2.0, 1.0, 1.0, 0.0, 2.0, 0.0, 0.0, 2.0, 0.0, 1.0, 0.0, 2.0, 0.0, 1.0, 0.0, 0.0, 1.0, 4.0, 0.0, 0.0, 1.0, 0.0, 1.0, 3.0, 0.0, 1.0, 2.0, 2.0, 2.0, 0.0, 0.0, 0.0, 1.0, 1.0, 0.0, 1.0]",0.5388695956894602,2.2325051275512953e-13,0.00270412573892722,0.1805245738095369,165
161,model.layers.17.input_layernorm.weight,5.4409308433532715,4.969483852386475,0.9680819511413574,5.458268165588379,0.0911537359781861,5.321706771850586,5.566703796386719,5.662888050079346,0.0054984092712402,0.6801163554191589,0.1791044776119403,0.4315252304077148,0.0057809301652014,19.82923698425293,1.109375,0.0,0.0494663560703095,"(2048,)",0.4315252304077148,0.0760324299335479,0.078125,1.109375,1.03125,883.763671875,19.82923698425293,0.0,1.0,"[1.0, 0.0, 0.0, 0.0, 1.0, 0.0, 0.0, 2.0, 0.0, 0.0, 0.0, 0.0, 0.0, 0.0, 0.0, 0.0, 0.0, 1.0, 1.0, 2.0, 3.0, 4.0, 1.0, 3.0, 5.0, 14.0, 20.0, 38.0, 91.0, 144.0, 176.0, 251.0, 283.0, 210.0, 169.0, 165.0, 110.0, 71.0, 59.0, 43.0, 34.0, 16.0, 17.0, 19.0, 7.0, 8.0, 13.0, 5.0, 4.0, 6.0, 5.0, 4.0, 1.0, 3.0, 2.0, 3.0, 1.0, 1.0, 2.0, 0.0, 0.0, 1.0, 0.0, 2.0, 0.0, 1.0, 0.0, 1.0, 1.0, 0.0, 0.0, 0.0, 2.0, 2.0, 0.0, 0.0, 1.0, 1.0, 0.0, 1.0, 1.0, 1.0, 1.0, 0.0, 2.0, 1.0, 0.0, 2.0, 2.0, 1.0, 0.0, 2.0, 0.0, 0.0, 0.0, 1.0, 0.0, 0.0, 1.0, 1.0]",0.5369551458740522,3.348830529352287e-13,0.0031842044057099534,0.1800464500933657,166
108,model.layers.11.post_attention_layernorm.weight,5.431507110595703,4.959089756011963,0.9678511619567872,5.31670606136322,0.0725936352543792,5.257896423339844,5.438016891479492,6.044191360473633,0.0039663314819335,0.6789383888244629,0.1741293532338308,0.2883681654930115,0.00091314263409,13.12145709991455,0.361328125,0.0,0.0034551586982796,"(2048,)",0.2883678078651428,0.0302182510495185,-0.0003585815429687,0.361328125,0.3616867065429687,590.5780029296875,13.12145709991455,0.0,1.0,"[1.0, 0.0, 0.0, 0.0, 0.0, 0.0, 0.0, 0.0, 0.0, 0.0, 0.0, 0.0, 0.0, 0.0, 0.0, 0.0, 0.0, 0.0, 0.0, 0.0, 0.0, 0.0, 0.0, 0.0, 0.0, 0.0, 0.0, 0.0, 0.0, 0.0, 0.0, 0.0, 0.0, 1.0, 1.0, 1.0, 1.0, 2.0, 3.0, 2.0, 2.0, 1.0, 2.0, 4.0, 2.0, 3.0, 0.0, 2.0, 3.0, 0.0, 6.0, 3.0, 1.0, 4.0, 2.0, 7.0, 4.0, 10.0, 4.0, 3.0, 11.0, 9.0, 8.0, 12.0, 6.0, 12.0, 9.0, 20.0, 17.0, 20.0, 22.0, 23.0, 25.0, 27.0, 30.0, 47.0, 62.0, 90.0, 96.0, 61.0, 144.0, 189.0, 178.0, 211.0, 214.0, 173.0, 64.0, 97.0, 60.0, 28.0, 5.0, 2.0, 0.0, 0.0, 0.0, 0.0, 0.0, 0.0, 0.0, 1.0]",0.5350793267514986,2.3032685272959104e-14,0.0005561989244525008,0.17854517522532468,167
179,model.layers.19.input_layernorm.weight,5.401550769805908,4.881930828094482,0.9660849571228028,5.403029084205627,0.0750278156758318,5.279785633087158,5.464483737945557,5.639547348022461,0.0,0.6751938462257385,0.1691542288557214,0.4350306987762451,0.0087762651965022,20.138303756713867,1.21875,0.0,0.0768869317277493,"(2048,)",0.4350306987762451,0.0936817228794097,0.11474609375,1.21875,1.10400390625,890.94287109375,20.138303756713867,0.0,1.0,"[1.0, 0.0, 1.0, 1.0, 1.0, 0.0, 0.0, 0.0, 1.0, 0.0, 0.0, 0.0, 0.0, 0.0, 0.0, 0.0, 1.0, 1.0, 3.0, 4.0, 4.0, 26.0, 57.0, 132.0, 232.0, 252.0, 295.0, 252.0, 149.0, 148.0, 84.0, 80.0, 54.0, 30.0, 34.0, 28.0, 13.0, 26.0, 11.0, 12.0, 11.0, 13.0, 9.0, 8.0, 2.0, 8.0, 3.0, 7.0, 3.0, 5.0, 4.0, 2.0, 3.0, 1.0, 1.0, 2.0, 2.0, 1.0, 0.0, 0.0, 0.0, 2.0, 0.0, 0.0, 0.0, 0.0, 1.0, 1.0, 0.0, 1.0, 1.0, 1.0, 0.0, 0.0, 0.0, 1.0, 1.0, 2.0, 0.0, 0.0, 3.0, 0.0, 0.0, 0.0, 1.0, 1.0, 0.0, 2.0, 0.0, 2.0, 2.0, 0.0, 4.0, 0.0, 0.0, 1.0, 0.0, 1.0, 1.0, 1.0]",0.5291164372743855,5.207316525954907e-13,0.0034697601795647534,0.17752873248482368,168
71,model.layers.7.input_layernorm.weight,5.398897171020508,4.897408962249756,0.9664468765258788,5.531036972999573,0.1542075670265662,5.282468795776367,5.687993049621582,5.898931503295898,0.0,0.6748621463775635,0.1592039800995024,0.3070307075977325,0.0033271808642894,14.137582778930664,0.80078125,0.0,0.0144422009640726,"(2048,)",0.3070306479930877,0.0576817207038402,-4.410743713378906e-05,0.80078125,0.8008253574371338,628.7988891601562,14.137582778930664,0.0,1.0,"[1.0, 0.0, 0.0, 0.0, 0.0, 0.0, 0.0, 0.0, 0.0, 0.0, 0.0, 0.0, 2.0, 0.0, 1.0, 0.0, 0.0, 0.0, 0.0, 0.0, 0.0, 1.0, 1.0, 0.0, 0.0, 0.0, 1.0, 2.0, 3.0, 6.0, 15.0, 63.0, 92.0, 163.0, 198.0, 256.0, 229.0, 230.0, 165.0, 141.0, 114.0, 61.0, 58.0, 43.0, 38.0, 24.0, 20.0, 11.0, 4.0, 11.0, 14.0, 5.0, 4.0, 3.0, 6.0, 7.0, 6.0, 1.0, 3.0, 2.0, 5.0, 2.0, 3.0, 3.0, 0.0, 1.0, 2.0, 0.0, 0.0, 0.0, 0.0, 2.0, 3.0, 1.0, 1.0, 2.0, 0.0, 2.0, 2.0, 1.0, 1.0, 0.0, 0.0, 1.0, 2.0, 1.0, 2.0, 0.0, 0.0, 0.0, 1.0, 2.0, 1.0, 0.0, 0.0, 0.0, 1.0, 0.0, 0.0, 1.0]",0.5285882313634908,9.749962736108852e-14,0.0022797981612376183,0.1769560098416086,169
72,model.layers.7.post_attention_layernorm.weight,5.399493217468262,4.816829681396484,0.964519500732422,5.320884466171265,0.064265201840558,5.223842144012451,5.383094310760498,5.699209690093994,0.0,0.6749366521835327,0.1641791044776119,0.2383666634559631,0.0004997464711777,10.8345365524292,0.267578125,0.0,0.0012906414024559,"(2048,)",0.2383665442466735,0.0223550088703632,-0.0001158714294433,0.267578125,0.2676939964294433,488.1749267578125,10.8345365524292,0.0,1.0,"[1.0, 0.0, 0.0, 0.0, 0.0, 0.0, 0.0, 0.0, 0.0, 0.0, 0.0, 0.0, 0.0, 0.0, 0.0, 0.0, 0.0, 0.0, 0.0, 0.0, 0.0, 0.0, 0.0, 0.0, 0.0, 0.0, 0.0, 0.0, 0.0, 0.0, 0.0, 0.0, 1.0, 1.0, 1.0, 2.0, 1.0, 0.0, 1.0, 0.0, 0.0, 0.0, 2.0, 0.0, 2.0, 1.0, 0.0, 1.0, 2.0, 0.0, 0.0, 1.0, 0.0, 4.0, 2.0, 1.0, 0.0, 3.0, 2.0, 1.0, 4.0, 1.0, 3.0, 7.0, 2.0, 3.0, 5.0, 9.0, 13.0, 9.0, 4.0, 9.0, 5.0, 25.0, 9.0, 8.0, 6.0, 15.0, 15.0, 15.0, 17.0, 21.0, 32.0, 29.0, 27.0, 49.0, 68.0, 89.0, 76.0, 146.0, 180.0, 233.0, 174.0, 240.0, 289.0, 63.0, 71.0, 41.0, 3.0, 3.0]",0.5287068759975642,8.362223449153212e-15,0.00018728181117822092,0.1762980526029169,170
99,model.layers.10.post_attention_layernorm.weight,5.336436748504639,4.797187328338623,0.9640331268310548,5.2042540311813354,0.0795229021885223,5.114489555358887,5.332627296447754,6.004644393920898,0.0,0.6670545935630798,0.154228855721393,0.2795529663562774,0.0009122248156927,12.724703788757324,0.322265625,0.0,0.0032449922862509,"(2048,)",0.2795529067516327,0.0302030593156814,-6.246566772460938e-05,0.322265625,0.3223280906677246,572.5244750976562,12.724703788757324,0.0,1.0,"[1.0, 0.0, 0.0, 0.0, 0.0, 0.0, 0.0, 0.0, 0.0, 0.0, 0.0, 0.0, 0.0, 0.0, 0.0, 0.0, 0.0, 0.0, 0.0, 0.0, 0.0, 0.0, 0.0, 0.0, 0.0, 0.0, 0.0, 0.0, 0.0, 0.0, 0.0, 0.0, 0.0, 1.0, 0.0, 1.0, 3.0, 0.0, 0.0, 2.0, 2.0, 3.0, 1.0, 4.0, 1.0, 3.0, 2.0, 1.0, 3.0, 0.0, 1.0, 2.0, 3.0, 3.0, 2.0, 3.0, 4.0, 3.0, 2.0, 3.0, 7.0, 9.0, 6.0, 9.0, 8.0, 4.0, 5.0, 9.0, 7.0, 4.0, 11.0, 9.0, 7.0, 13.0, 18.0, 11.0, 21.0, 19.0, 20.0, 18.0, 34.0, 36.0, 27.0, 58.0, 89.0, 40.0, 127.0, 148.0, 87.0, 218.0, 224.0, 133.0, 225.0, 156.0, 64.0, 78.0, 25.0, 5.0, 3.0, 2.0]",0.5161553177853813,2.1608239124960096e-14,0.00040171814680890696,0.1721856786440706,171
26,model.layers.2.input_layernorm.weight,5.27956485748291,4.697807312011719,0.96146821975708,5.235841631889343,0.0903228240922765,5.149530410766602,5.386379718780518,5.519863128662109,0.0,0.6599456071853638,0.1492537313432835,0.0846009850502014,0.0046822032891213,4.923672676086426,0.67578125,0.0,0.0019503603483047,"(2048,)",0.0846007913351059,0.0684266239404678,-0.0001983642578125,0.67578125,0.6759796142578125,173.2628173828125,4.923672676086426,0.0,1.0,"[2.0, 0.0, 0.0, 0.0, 1.0, 27.0, 159.0, 311.0, 315.0, 298.0, 180.0, 155.0, 103.0, 98.0, 51.0, 42.0, 35.0, 32.0, 34.0, 31.0, 24.0, 14.0, 5.0, 10.0, 4.0, 13.0, 4.0, 6.0, 4.0, 5.0, 7.0, 6.0, 3.0, 6.0, 1.0, 2.0, 1.0, 2.0, 2.0, 0.0, 2.0, 1.0, 1.0, 0.0, 1.0, 1.0, 1.0, 4.0, 2.0, 1.0, 2.0, 2.0, 1.0, 1.0, 2.0, 2.0, 1.0, 1.0, 0.0, 0.0, 1.0, 2.0, 1.0, 0.0, 2.0, 1.0, 1.0, 0.0, 1.0, 1.0, 2.0, 0.0, 0.0, 1.0, 0.0, 4.0, 1.0, 0.0, 2.0, 1.0, 1.0, 0.0, 0.0, 0.0, 0.0, 0.0, 0.0, 0.0, 0.0, 1.0, 1.0, 1.0, 1.0, 1.0, 0.0, 0.0, 1.0, 0.0, 0.0, 1.0]",0.5048348162963436,1.2833604494797945e-14,0.0017897842960913927,0.16887486686414932,172
89,model.layers.9.input_layernorm.weight,5.272563934326172,4.773531436920166,0.9634385108947754,5.342312335968018,0.125558225453322,5.159398078918457,5.509395599365234,5.676790237426758,0.0,0.6590704917907715,0.1393034825870646,0.3141016066074371,0.0037073628045618,14.479084968566896,0.8359375,0.0,0.0168607295752998,"(2048,)",0.3141013085842132,0.0608881190419197,-0.0002975463867187,0.8359375,0.8362350463867188,643.2800903320312,14.479084968566896,0.0,1.0,"[1.0, 0.0, 0.0, 0.0, 0.0, 1.0, 0.0, 0.0, 0.0, 1.0, 0.0, 0.0, 0.0, 0.0, 0.0, 1.0, 0.0, 0.0, 2.0, 0.0, 0.0, 0.0, 2.0, 1.0, 1.0, 5.0, 5.0, 1.0, 3.0, 7.0, 20.0, 53.0, 130.0, 174.0, 240.0, 262.0, 319.0, 178.0, 158.0, 132.0, 77.0, 55.0, 43.0, 32.0, 16.0, 22.0, 13.0, 7.0, 4.0, 10.0, 8.0, 7.0, 5.0, 4.0, 1.0, 3.0, 2.0, 3.0, 1.0, 0.0, 2.0, 3.0, 2.0, 1.0, 1.0, 1.0, 0.0, 0.0, 0.0, 0.0, 0.0, 1.0, 1.0, 0.0, 1.0, 3.0, 0.0, 1.0, 2.0, 0.0, 3.0, 0.0, 0.0, 0.0, 2.0, 0.0, 2.0, 2.0, 3.0, 0.0, 0.0, 1.0, 2.0, 0.0, 1.0, 2.0, 0.0, 0.0, 0.0, 1.0]",0.5034412638823714,1.1389170319677214e-13,0.0024187795802587653,0.16862001448758135,173
117,model.layers.12.post_attention_layernorm.weight,5.27689266204834,4.858611106872559,0.9655323028564452,5.164073348045349,0.0731880853440224,5.085219860076904,5.262730598449707,5.745676517486572,0.0,0.6596115827560425,0.1442786069651741,0.2990575432777405,0.0006547322846017,13.583216667175291,0.443359375,0.0,0.002659629527429,"(2048,)",0.2990574240684509,0.0255877375602722,-0.0001440048217773,0.443359375,0.4435033798217773,612.4698486328125,13.583216667175291,0.0,1.0,"[1.0, 0.0, 0.0, 0.0, 0.0, 0.0, 0.0, 0.0, 0.0, 0.0, 0.0, 0.0, 0.0, 0.0, 0.0, 0.0, 0.0, 0.0, 0.0, 0.0, 0.0, 0.0, 0.0, 0.0, 0.0, 0.0, 0.0, 0.0, 0.0, 0.0, 0.0, 0.0, 0.0, 2.0, 0.0, 0.0, 0.0, 0.0, 2.0, 2.0, 0.0, 2.0, 4.0, 4.0, 5.0, 4.0, 4.0, 7.0, 2.0, 2.0, 4.0, 5.0, 8.0, 9.0, 10.0, 20.0, 16.0, 16.0, 18.0, 29.0, 25.0, 46.0, 34.0, 65.0, 74.0, 89.0, 185.0, 180.0, 210.0, 222.0, 303.0, 169.0, 134.0, 70.0, 53.0, 6.0, 2.0, 2.0, 0.0, 0.0, 0.0, 0.0, 0.0, 0.0, 0.0, 0.0, 0.0, 0.0, 0.0, 1.0, 0.0, 0.0, 0.0, 0.0, 0.0, 0.0, 1.0, 0.0, 0.0, 1.0]",0.5043029086728659,1.7640822452918018e-14,0.0008773256468043401,0.16839341143989595,174
63,model.layers.6.post_attention_layernorm.weight,5.251900672912598,4.658151149749756,0.9603943824768066,5.105772256851196,0.0437194376494326,5.063645839691162,5.174423694610596,5.306077003479004,0.0,0.6564875841140747,0.1343283582089552,0.22512087225914,0.0004791897081304,10.235815048217772,0.248046875,0.0,0.0011041947417308,"(2048,)",0.2251208424568176,0.0218904018402099,-4.172325134277344e-05,0.248046875,0.2480885982513427,461.0475463867187,10.235815048217772,0.0,1.0,"[2.0, 0.0, 0.0, 0.0, 0.0, 0.0, 0.0, 0.0, 0.0, 0.0, 0.0, 0.0, 0.0, 0.0, 0.0, 0.0, 0.0, 0.0, 0.0, 0.0, 0.0, 0.0, 0.0, 0.0, 0.0, 0.0, 0.0, 1.0, 0.0, 0.0, 1.0, 1.0, 1.0, 1.0, 1.0, 0.0, 0.0, 0.0, 1.0, 1.0, 2.0, 1.0, 1.0, 0.0, 0.0, 0.0, 2.0, 0.0, 0.0, 2.0, 2.0, 4.0, 2.0, 2.0, 4.0, 7.0, 3.0, 2.0, 1.0, 3.0, 2.0, 0.0, 3.0, 2.0, 3.0, 2.0, 5.0, 2.0, 4.0, 4.0, 7.0, 5.0, 10.0, 7.0, 4.0, 9.0, 5.0, 9.0, 1.0, 12.0, 6.0, 18.0, 9.0, 18.0, 16.0, 26.0, 19.0, 38.0, 57.0, 71.0, 148.0, 123.0, 305.0, 257.0, 401.0, 187.0, 155.0, 35.0, 12.0, 3.0]",0.499328186624023,7.098542801453526e-15,0.00011033151480181158,0.16647950604627731,175
126,model.layers.13.post_attention_layernorm.weight,5.247398376464844,4.839774131774902,0.9650793075561525,5.154736161231995,0.0505058145798377,5.084756851196289,5.22299861907959,5.94778299331665,0.0,0.6559247970581055,0.1293532338308457,0.3127609491348266,0.0005862107500433,14.196270942687988,0.4375,0.0,0.0026027986945358,"(2048,)",0.3127609491348266,0.0242117904126644,0.059814453125,0.4375,0.377685546875,640.534423828125,14.196270942687988,0.0,1.0,"[1.0, 0.0, 0.0, 0.0, 0.0, 0.0, 0.0, 0.0, 0.0, 0.0, 0.0, 0.0, 0.0, 0.0, 0.0, 0.0, 0.0, 0.0, 0.0, 0.0, 0.0, 0.0, 0.0, 0.0, 1.0, 0.0, 0.0, 0.0, 0.0, 2.0, 2.0, 0.0, 0.0, 2.0, 2.0, 0.0, 0.0, 2.0, 1.0, 1.0, 0.0, 1.0, 2.0, 2.0, 5.0, 4.0, 4.0, 4.0, 2.0, 5.0, 13.0, 15.0, 10.0, 13.0, 12.0, 15.0, 20.0, 23.0, 24.0, 32.0, 34.0, 52.0, 41.0, 77.0, 86.0, 124.0, 162.0, 198.0, 211.0, 113.0, 217.0, 191.0, 148.0, 87.0, 47.0, 26.0, 7.0, 1.0, 2.0, 0.0, 1.0, 0.0, 0.0, 0.0, 0.0, 0.0, 0.0, 0.0, 0.0, 0.0, 0.0, 0.0, 1.0, 1.0, 0.0, 0.0, 0.0, 0.0, 0.0, 1.0]",0.4984319925160864,1.7255639776862056e-14,0.000618993645276066,0.1663503287204599,176
135,model.layers.14.post_attention_layernorm.weight,5.24031400680542,4.821879863739014,0.9646434783935548,5.140499711036682,0.0551710156740437,5.050005912780762,5.197875022888184,5.880911827087402,0.0806326866149902,0.6550392508506775,0.1243781094527363,0.3288631439208984,0.0006658305064775,14.928366661071776,0.408203125,0.0,0.0032688213597112,"(2048,)",0.3288631439208984,0.0258036907762289,0.064453125,0.408203125,0.34375,673.51171875,14.928366661071776,0.0,1.0,"[1.0, 0.0, 0.0, 0.0, 0.0, 0.0, 0.0, 0.0, 0.0, 0.0, 0.0, 0.0, 0.0, 0.0, 0.0, 0.0, 0.0, 0.0, 0.0, 0.0, 0.0, 0.0, 0.0, 0.0, 0.0, 1.0, 0.0, 0.0, 0.0, 0.0, 2.0, 2.0, 1.0, 0.0, 1.0, 2.0, 4.0, 0.0, 0.0, 1.0, 1.0, 1.0, 1.0, 2.0, 2.0, 0.0, 3.0, 0.0, 1.0, 1.0, 2.0, 1.0, 4.0, 2.0, 3.0, 6.0, 3.0, 10.0, 2.0, 9.0, 7.0, 9.0, 10.0, 14.0, 16.0, 12.0, 14.0, 23.0, 31.0, 33.0, 25.0, 50.0, 52.0, 68.0, 48.0, 130.0, 135.0, 182.0, 233.0, 100.0, 224.0, 189.0, 181.0, 41.0, 83.0, 44.0, 15.0, 5.0, 3.0, 0.0, 0.0, 0.0, 0.0, 0.0, 1.0, 0.0, 0.0, 0.0, 0.0, 1.0]",0.4970218298533439,2.1769745578694836e-14,0.00048579816686728357,0.16583587600674432,177
98,model.layers.10.input_layernorm.weight,5.227010250091553,4.734604835510254,0.9624385833740234,5.41483199596405,0.1062343257018625,5.258039474487305,5.553006172180176,5.664690971374512,0.0,0.6533762812614441,0.1194029850746268,0.3328447937965393,0.0031689461320638,15.276643753051758,0.8828125,0.0,0.0161133030910436,"(2048,)",0.3328447937965393,0.0562933944165706,0.0001111030578613,0.8828125,0.8827013969421387,681.6661376953125,15.276643753051758,0.0,1.0,"[1.0, 0.0, 0.0, 0.0, 0.0, 0.0, 0.0, 1.0, 0.0, 0.0, 0.0, 1.0, 0.0, 0.0, 1.0, 0.0, 0.0, 0.0, 1.0, 1.0, 1.0, 0.0, 2.0, 3.0, 6.0, 2.0, 2.0, 3.0, 3.0, 10.0, 25.0, 34.0, 93.0, 130.0, 219.0, 251.0, 294.0, 227.0, 248.0, 115.0, 108.0, 54.0, 63.0, 26.0, 20.0, 8.0, 15.0, 9.0, 8.0, 8.0, 4.0, 0.0, 2.0, 6.0, 2.0, 4.0, 2.0, 1.0, 1.0, 0.0, 1.0, 2.0, 1.0, 0.0, 1.0, 3.0, 1.0, 4.0, 0.0, 0.0, 1.0, 0.0, 0.0, 2.0, 0.0, 1.0, 2.0, 1.0, 4.0, 0.0, 0.0, 1.0, 0.0, 2.0, 1.0, 1.0, 1.0, 1.0, 1.0, 0.0, 0.0, 0.0, 0.0, 0.0, 0.0, 0.0, 0.0, 0.0, 0.0, 1.0]",0.4943736816208263,1.0882586624340682e-13,0.00260115789332785,0.16565827983808765,178
53,model.layers.5.input_layernorm.weight,5.194990158081055,4.667736053466797,0.9606566429138184,5.466519474983215,0.1141323776401707,5.2783074378967285,5.585996627807617,5.650521278381348,0.0,0.6493737697601318,0.1144278606965174,0.279992938041687,0.0023768867831677,12.861590385437012,0.75390625,0.0,0.0085595364874367,"(2048,)",0.279992938041687,0.0487533248960971,6.961822509765625e-05,0.75390625,0.7538366317749023,573.425537109375,12.861590385437012,0.0,1.0,"[2.0, 0.0, 0.0, 0.0, 0.0, 0.0, 0.0, 0.0, 0.0, 0.0, 0.0, 1.0, 0.0, 0.0, 1.0, 0.0, 0.0, 0.0, 0.0, 0.0, 0.0, 0.0, 0.0, 0.0, 0.0, 0.0, 0.0, 1.0, 1.0, 7.0, 28.0, 98.0, 128.0, 274.0, 286.0, 239.0, 232.0, 195.0, 140.0, 102.0, 67.0, 44.0, 31.0, 21.0, 17.0, 15.0, 14.0, 11.0, 14.0, 9.0, 4.0, 2.0, 5.0, 4.0, 3.0, 3.0, 4.0, 2.0, 2.0, 7.0, 2.0, 3.0, 0.0, 0.0, 2.0, 0.0, 4.0, 1.0, 1.0, 1.0, 4.0, 0.0, 3.0, 1.0, 0.0, 2.0, 1.0, 3.0, 1.0, 0.0, 0.0, 0.0, 1.0, 2.0, 0.0, 1.0, 0.0, 0.0, 0.0, 0.0, 0.0, 0.0, 0.0, 0.0, 0.0, 0.0, 0.0, 0.0, 0.0, 1.0]",0.48799999696269747,5.76286571483491e-14,0.002095369549627099,0.16336512217079405,179
17,model.layers.1.input_layernorm.weight,5.184663772583008,4.489096641540527,0.9554705619812012,5.098665118217468,0.0830541137422835,4.987720489501953,5.2098388671875,5.413425445556641,5.054473876953125e-05,0.648082971572876,0.1094527363184079,0.0406053215265274,0.0031211213208734,3.12228012084961,0.55078125,0.0,0.000395699469586,"(2048,)",0.0405028685927391,0.0558669976890087,-0.0069580078125,0.55078125,0.5577392578125,83.1596908569336,3.12228012084961,0.0,1.0,"[20.0, 130.0, 33.0, 96.0, 401.0, 396.0, 259.0, 154.0, 106.0, 75.0, 45.0, 37.0, 34.0, 20.0, 21.0, 22.0, 21.0, 19.0, 20.0, 13.0, 11.0, 14.0, 8.0, 10.0, 6.0, 9.0, 4.0, 3.0, 3.0, 4.0, 0.0, 1.0, 2.0, 4.0, 1.0, 0.0, 0.0, 1.0, 1.0, 0.0, 2.0, 1.0, 3.0, 1.0, 0.0, 0.0, 4.0, 1.0, 0.0, 0.0, 1.0, 1.0, 0.0, 1.0, 1.0, 0.0, 1.0, 2.0, 1.0, 0.0, 1.0, 1.0, 3.0, 0.0, 1.0, 0.0, 2.0, 1.0, 2.0, 0.0, 0.0, 0.0, 0.0, 1.0, 1.0, 1.0, 0.0, 0.0, 0.0, 1.0, 0.0, 1.0, 0.0, 0.0, 0.0, 0.0, 1.0, 1.0, 0.0, 0.0, 0.0, 1.0, 1.0, 0.0, 0.0, 0.0, 0.0, 3.0, 0.0, 1.0]",0.4859445024063031,2.296570157297838e-15,0.001325696273524102,0.16242339955994314,180
81,model.layers.8.post_attention_layernorm.weight,5.118344306945801,4.481777191162109,0.9552440643310548,4.973244309425354,0.0602981077210081,4.93524694442749,5.077600955963135,5.9422807693481445,0.0,0.6397930383682251,0.1044776119402985,0.2645158767700195,0.0009248875430785,12.0494384765625,0.294921875,0.0,0.0029478642691504,"(2048,)",0.2645158767700195,0.0304119642823934,-1.233816146850586e-05,0.294921875,0.2949342131614685,541.728515625,12.0494384765625,0.0,1.0,"[1.0, 0.0, 0.0, 0.0, 0.0, 0.0, 0.0, 0.0, 0.0, 0.0, 0.0, 0.0, 0.0, 0.0, 0.0, 0.0, 0.0, 0.0, 0.0, 0.0, 0.0, 0.0, 0.0, 0.0, 0.0, 0.0, 0.0, 0.0, 0.0, 0.0, 1.0, 1.0, 0.0, 2.0, 2.0, 2.0, 2.0, 1.0, 1.0, 2.0, 2.0, 3.0, 1.0, 3.0, 1.0, 3.0, 5.0, 1.0, 2.0, 1.0, 3.0, 1.0, 2.0, 2.0, 5.0, 3.0, 3.0, 3.0, 4.0, 3.0, 2.0, 6.0, 2.0, 4.0, 11.0, 3.0, 6.0, 4.0, 10.0, 7.0, 4.0, 9.0, 5.0, 8.0, 5.0, 6.0, 5.0, 6.0, 16.0, 17.0, 14.0, 16.0, 18.0, 30.0, 34.0, 23.0, 48.0, 34.0, 94.0, 64.0, 155.0, 89.0, 263.0, 147.0, 315.0, 130.0, 224.0, 61.0, 69.0, 18.0]",0.4727434360093489,1.95943927860713e-14,0.000294198423217673,0.15767921147752872,181
54,model.layers.5.post_attention_layernorm.weight,5.0490946769714355,4.441280364990234,0.953969955444336,4.9109742641448975,0.0153951253089561,4.897004127502441,4.937038898468018,5.167173385620117,0.0,0.6311368346214294,0.099502487562189,0.2159568667411804,0.0005064037395641,9.825963020324709,0.2421875,0.0,0.001074580727382,"(2048,)",0.2159568071365356,0.0225034151226282,-5.53131103515625e-05,0.2421875,0.2422428131103515,442.2796630859375,9.825963020324709,0.0,1.0,"[3.0, 0.0, 0.0, 0.0, 0.0, 0.0, 0.0, 0.0, 0.0, 0.0, 0.0, 0.0, 1.0, 1.0, 0.0, 0.0, 0.0, 1.0, 0.0, 0.0, 1.0, 0.0, 0.0, 0.0, 2.0, 0.0, 0.0, 2.0, 2.0, 0.0, 1.0, 1.0, 0.0, 0.0, 1.0, 1.0, 0.0, 0.0, 1.0, 1.0, 0.0, 2.0, 0.0, 0.0, 1.0, 0.0, 0.0, 0.0, 0.0, 3.0, 0.0, 1.0, 1.0, 1.0, 2.0, 1.0, 3.0, 3.0, 8.0, 3.0, 3.0, 3.0, 3.0, 0.0, 3.0, 1.0, 9.0, 4.0, 4.0, 4.0, 9.0, 4.0, 9.0, 6.0, 3.0, 6.0, 5.0, 9.0, 8.0, 12.0, 10.0, 11.0, 12.0, 21.0, 11.0, 38.0, 28.0, 70.0, 60.0, 190.0, 215.0, 417.0, 303.0, 340.0, 120.0, 42.0, 3.0, 2.0, 1.0, 1.0]",0.45895911259129,6.897827719253926e-15,8.738707393579792e-05,0.1530154998884109,182
90,model.layers.9.post_attention_layernorm.weight,5.031889915466309,4.469608783721924,0.9548649787902832,4.9251179695129395,0.0670074631238028,4.838510513305664,5.021726608276367,5.820980072021484,0.0,0.6289862394332886,0.0945273631840796,0.2706857621669769,0.0007157308864407,12.309484481811523,0.31640625,0.0,0.0023848168802421,"(2048,)",0.2706855833530426,0.0267531480640172,-0.0001907348632812,0.31640625,0.3165969848632812,554.3644409179688,12.309484481811523,0.0,1.0,"[1.0, 0.0, 0.0, 0.0, 0.0, 0.0, 0.0, 0.0, 0.0, 0.0, 0.0, 0.0, 0.0, 0.0, 0.0, 0.0, 0.0, 0.0, 0.0, 0.0, 0.0, 0.0, 0.0, 0.0, 0.0, 0.0, 0.0, 0.0, 0.0, 0.0, 0.0, 0.0, 0.0, 0.0, 1.0, 0.0, 2.0, 1.0, 0.0, 3.0, 1.0, 1.0, 3.0, 0.0, 2.0, 2.0, 3.0, 1.0, 4.0, 4.0, 1.0, 3.0, 1.0, 2.0, 0.0, 2.0, 2.0, 3.0, 2.0, 2.0, 4.0, 9.0, 8.0, 6.0, 7.0, 5.0, 10.0, 4.0, 6.0, 11.0, 10.0, 11.0, 8.0, 5.0, 7.0, 28.0, 23.0, 14.0, 15.0, 28.0, 34.0, 38.0, 56.0, 86.0, 68.0, 143.0, 96.0, 230.0, 299.0, 162.0, 253.0, 208.0, 57.0, 41.0, 4.0, 6.0, 0.0, 0.0, 0.0, 1.0]",0.45553445895768896,1.577822313018069e-14,0.00037922381712428505,0.15197122759160966,183
27,model.layers.2.post_attention_layernorm.weight,5.028102874755859,4.361252784729004,0.9513444900512696,4.88585090637207,0.0561885346567805,4.802750587463379,4.939471244812012,5.454325199127197,0.0,0.6285128593444824,0.0895522388059701,0.1673613488674163,0.0004810278187505,7.638597011566162,0.240234375,0.0,0.0006149488012231,"(2048,)",0.1673604547977447,0.0219323467463254,-0.0004730224609375,0.240234375,0.2407073974609375,342.7560119628906,7.638597011566162,0.0,1.0,"[6.0, 0.0, 0.0, 0.0, 0.0, 0.0, 0.0, 0.0, 1.0, 0.0, 1.0, 1.0, 0.0, 1.0, 0.0, 1.0, 1.0, 4.0, 4.0, 0.0, 2.0, 0.0, 1.0, 1.0, 1.0, 4.0, 0.0, 1.0, 1.0, 2.0, 0.0, 0.0, 0.0, 2.0, 1.0, 0.0, 0.0, 2.0, 0.0, 1.0, 5.0, 2.0, 7.0, 5.0, 4.0, 1.0, 7.0, 6.0, 8.0, 4.0, 6.0, 4.0, 9.0, 3.0, 6.0, 1.0, 8.0, 6.0, 3.0, 5.0, 2.0, 19.0, 13.0, 20.0, 17.0, 31.0, 19.0, 59.0, 50.0, 141.0, 162.0, 284.0, 492.0, 274.0, 225.0, 58.0, 23.0, 4.0, 1.0, 3.0, 1.0, 1.0, 1.0, 1.0, 0.0, 0.0, 1.0, 0.0, 0.0, 1.0, 1.0, 0.0, 1.0, 2.0, 0.0, 0.0, 0.0, 0.0, 1.0, 1.0]",0.45478063841064037,3.782577663859715e-15,8.136063732838639e-05,0.15162066634932417,184
197,model.layers.21.input_layernorm.weight,5.010107040405273,4.456303596496582,0.9544467926025392,5.080285429954529,0.1658617637842843,4.916421890258789,5.356823921203613,5.321671485900879,0.0,0.6262633800506592,0.0845771144278607,0.4637255668640136,0.0072604711167514,21.336950302124023,1.2265625,0.0,0.0718386543149436,"(2048,)",0.4637255668640136,0.0852084010839462,0.1142578125,1.2265625,1.1123046875,949.7099609375,21.336950302124023,0.0,1.0,"[1.0, 1.0, 0.0, 0.0, 0.0, 0.0, 0.0, 0.0, 0.0, 1.0, 0.0, 1.0, 0.0, 0.0, 0.0, 0.0, 1.0, 1.0, 2.0, 1.0, 2.0, 0.0, 2.0, 13.0, 7.0, 21.0, 82.0, 188.0, 356.0, 402.0, 290.0, 186.0, 124.0, 107.0, 43.0, 35.0, 28.0, 32.0, 15.0, 14.0, 4.0, 16.0, 4.0, 5.0, 4.0, 1.0, 4.0, 3.0, 2.0, 2.0, 3.0, 2.0, 0.0, 2.0, 2.0, 1.0, 2.0, 1.0, 2.0, 0.0, 1.0, 0.0, 1.0, 0.0, 0.0, 2.0, 2.0, 0.0, 0.0, 0.0, 1.0, 2.0, 0.0, 0.0, 1.0, 0.0, 3.0, 1.0, 1.0, 0.0, 0.0, 1.0, 1.0, 1.0, 0.0, 1.0, 0.0, 1.0, 2.0, 1.0, 2.0, 0.0, 0.0, 1.0, 0.0, 2.0, 0.0, 0.0, 2.0, 2.0]",0.4511985196186971,4.865159125764838e-13,0.0035023403685280523,0.15156695332923723,185
188,model.layers.20.input_layernorm.weight,4.991438865661621,4.431613445281982,0.953660488128662,5.050804138183594,0.0674542297536559,4.939847946166992,5.112338066101074,5.230133533477783,0.0,0.6239298582077026,0.0746268656716417,0.4329853057861328,0.0073886937461793,19.976856231689453,1.2265625,0.0,0.0639098749741285,"(2048,)",0.4329853057861328,0.0859575122594833,0.13671875,1.2265625,1.08984375,886.75390625,19.976856231689453,0.0,1.0,"[1.0, 1.0, 1.0, 1.0, 0.0, 0.0, 0.0, 0.0, 0.0, 1.0, 0.0, 0.0, 0.0, 0.0, 0.0, 0.0, 0.0, 1.0, 3.0, 7.0, 10.0, 32.0, 123.0, 249.0, 424.0, 349.0, 230.0, 174.0, 100.0, 74.0, 51.0, 39.0, 24.0, 22.0, 21.0, 14.0, 10.0, 9.0, 2.0, 6.0, 8.0, 1.0, 3.0, 3.0, 4.0, 3.0, 2.0, 0.0, 1.0, 2.0, 7.0, 2.0, 0.0, 1.0, 0.0, 1.0, 1.0, 0.0, 0.0, 0.0, 2.0, 1.0, 0.0, 0.0, 1.0, 1.0, 0.0, 0.0, 0.0, 2.0, 1.0, 1.0, 2.0, 0.0, 1.0, 1.0, 0.0, 0.0, 0.0, 1.0, 0.0, 0.0, 0.0, 0.0, 1.0, 2.0, 1.0, 3.0, 0.0, 4.0, 1.0, 0.0, 0.0, 0.0, 1.0, 1.0, 0.0, 1.0, 0.0, 1.0]",0.4474825696795191,4.327769774091656e-13,0.003414182210156772,0.1502989172967029,186
45,model.layers.4.post_attention_layernorm.weight,5.006260871887207,4.3915863037109375,0.9523568153381348,4.882049798965454,0.0139708455652365,4.867218971252441,4.904995918273926,5.231047630310059,0.0,0.6257826089859009,0.0796019900497512,0.1977564394474029,0.0005676669534295,9.01408863067627,0.2197265625,0.0,0.0010119197463183,"(2048,)",0.1977559626102447,0.0238257627934217,-0.0002517700195312,0.2197265625,0.2199783325195312,405.0051574707031,9.01408863067627,0.0,1.0,"[6.0, 0.0, 0.0, 0.0, 0.0, 0.0, 0.0, 0.0, 0.0, 1.0, 0.0, 1.0, 0.0, 0.0, 1.0, 2.0, 1.0, 0.0, 2.0, 0.0, 0.0, 0.0, 0.0, 1.0, 1.0, 3.0, 0.0, 1.0, 0.0, 0.0, 0.0, 0.0, 1.0, 0.0, 1.0, 1.0, 0.0, 1.0, 1.0, 1.0, 1.0, 1.0, 0.0, 0.0, 1.0, 0.0, 3.0, 0.0, 3.0, 1.0, 2.0, 1.0, 2.0, 3.0, 3.0, 3.0, 2.0, 5.0, 1.0, 0.0, 3.0, 1.0, 1.0, 2.0, 2.0, 2.0, 5.0, 6.0, 6.0, 2.0, 4.0, 6.0, 10.0, 2.0, 10.0, 2.0, 1.0, 4.0, 7.0, 6.0, 19.0, 7.0, 5.0, 10.0, 16.0, 21.0, 29.0, 34.0, 78.0, 72.0, 122.0, 178.0, 417.0, 332.0, 272.0, 167.0, 99.0, 24.0, 3.0, 3.0]",0.4504329295239485,6.47313001306747e-15,0.0,0.15014430984131832,187
162,model.layers.17.post_attention_layernorm.weight,4.969478607177734,4.533556938171387,0.9568219184875488,4.873522520065308,0.006617183362865,4.867185115814209,4.883333683013916,5.209413528442383,0.0,0.6211848258972168,0.0696517412935323,0.4230744838714599,0.0009478099527768,19.19673538208008,0.478515625,0.0,0.0076977796734501,"(2048,)",0.4230744838714599,0.0307865217328071,0.08544921875,0.478515625,0.39306640625,866.45654296875,19.19673538208008,0.0,1.0,"[1.0, 0.0, 0.0, 0.0, 0.0, 0.0, 0.0, 0.0, 0.0, 0.0, 0.0, 0.0, 0.0, 0.0, 1.0, 1.0, 0.0, 0.0, 0.0, 1.0, 1.0, 0.0, 0.0, 1.0, 0.0, 0.0, 0.0, 0.0, 1.0, 3.0, 1.0, 1.0, 1.0, 1.0, 1.0, 0.0, 1.0, 1.0, 1.0, 0.0, 4.0, 0.0, 0.0, 0.0, 1.0, 0.0, 2.0, 0.0, 2.0, 3.0, 0.0, 0.0, 1.0, 0.0, 1.0, 0.0, 1.0, 0.0, 3.0, 1.0, 0.0, 2.0, 1.0, 1.0, 2.0, 1.0, 1.0, 0.0, 2.0, 3.0, 5.0, 2.0, 6.0, 9.0, 4.0, 15.0, 8.0, 22.0, 22.0, 23.0, 22.0, 38.0, 58.0, 99.0, 121.0, 149.0, 211.0, 271.0, 267.0, 244.0, 184.0, 143.0, 41.0, 19.0, 4.0, 6.0, 2.0, 1.0, 1.0, 1.0]",0.443111321697427,5.178792283525876e-14,0.0006793628189433558,0.14793022817214072,188
80,model.layers.8.input_layernorm.weight,4.9439239501953125,4.332722187042236,0.9503726959228516,5.001283645629883,0.1757802656161225,4.766570568084717,5.260886192321777,5.305552005767822,0.0009765625,0.6179904937744141,0.0646766169154228,0.3187923729419708,0.0117182219401001,15.235567092895508,1.2734375,0.0,0.0569151999096927,"(2048,)",0.3187923729419708,0.1082507371902465,5.888938903808594e-05,1.2734375,1.273378610610962,652.8867797851562,15.235567092895508,0.0,1.0,"[1.0, 0.0, 1.0, 0.0, 1.0, 0.0, 0.0, 0.0, 0.0, 0.0, 0.0, 0.0, 1.0, 0.0, 0.0, 1.0, 0.0, 2.0, 13.0, 56.0, 163.0, 374.0, 374.0, 357.0, 213.0, 120.0, 70.0, 56.0, 45.0, 20.0, 21.0, 18.0, 13.0, 7.0, 15.0, 4.0, 7.0, 2.0, 7.0, 11.0, 0.0, 5.0, 2.0, 4.0, 2.0, 4.0, 3.0, 3.0, 4.0, 2.0, 1.0, 3.0, 0.0, 3.0, 0.0, 1.0, 1.0, 1.0, 1.0, 2.0, 1.0, 3.0, 1.0, 0.0, 0.0, 1.0, 2.0, 0.0, 1.0, 1.0, 0.0, 1.0, 1.0, 1.0, 2.0, 1.0, 2.0, 2.0, 0.0, 0.0, 2.0, 0.0, 0.0, 0.0, 1.0, 0.0, 0.0, 2.0, 0.0, 0.0, 1.0, 0.0, 2.0, 0.0, 0.0, 1.0, 1.0, 0.0, 2.0, 1.0]",0.4380245991140189,3.853691263835712e-13,0.004134548192582575,0.1473863824356623,189
144,model.layers.15.post_attention_layernorm.weight,4.937010765075684,4.516735076904297,0.9563155174255372,4.841840624809265,0.0694331329048251,4.735489845275879,4.924966812133789,5.357967853546143,0.0,0.6171263456344604,0.0597014925373134,0.3523728847503662,0.0006152811110951,15.986018180847168,0.44921875,0.0,0.0034659027052231,"(2048,)",0.3523728847503662,0.0248048603534698,0.06689453125,0.44921875,0.38232421875,721.65966796875,15.986018180847168,0.0,1.0,"[1.0, 0.0, 0.0, 0.0, 0.0, 0.0, 0.0, 0.0, 0.0, 0.0, 0.0, 0.0, 0.0, 0.0, 0.0, 1.0, 0.0, 0.0, 0.0, 0.0, 0.0, 1.0, 0.0, 0.0, 1.0, 1.0, 0.0, 1.0, 2.0, 1.0, 0.0, 1.0, 1.0, 2.0, 2.0, 2.0, 1.0, 1.0, 1.0, 1.0, 1.0, 0.0, 0.0, 1.0, 0.0, 1.0, 1.0, 1.0, 0.0, 4.0, 0.0, 2.0, 0.0, 4.0, 2.0, 1.0, 2.0, 1.0, 0.0, 1.0, 3.0, 6.0, 8.0, 10.0, 12.0, 17.0, 20.0, 16.0, 32.0, 51.0, 69.0, 84.0, 120.0, 159.0, 217.0, 262.0, 115.0, 293.0, 214.0, 151.0, 77.0, 42.0, 12.0, 4.0, 3.0, 4.0, 1.0, 1.0, 0.0, 0.0, 0.0, 0.0, 1.0, 0.0, 0.0, 0.0, 0.0, 0.0, 0.0, 1.0]",0.4366485111901823,2.3105504993089516e-14,0.0006372002214614391,0.14576190380388895,190
200,lm_head.weight,4.903677463531494,4.6472320556640625,0.9600934982299804,6.900978354685009,0.2768993511693229,4.719388961791992,7.44169282913208,5.274136066436768,0.0001473426818847,0.6129596829414368,0.0547263681592039,0.0192688573151826,0.0006112246774137,196.81912231445312,0.470703125,0.0,0.0023180571108031,"(32000, 2048)",-0.0003899846051353,0.024722957983613,-0.470703125,0.39453125,0.865234375,1259615.875,196.81912231445312,0.0,1.0,"[1.0, 0.0, 2.0, 0.0, 1.0, 1.0, 4.0, 1.0, 6.0, 4.0, 8.0, 8.0, 10.0, 16.0, 11.0, 22.0, 31.0, 33.0, 47.0, 52.0, 87.0, 78.0, 94.0, 144.0, 155.0, 209.0, 361.0, 427.0, 368.0, 467.0, 761.0, 816.0, 1089.0, 1538.0, 2213.0, 2235.0, 3353.0, 3907.0, 4914.0, 5679.0, 7324.0, 9661.0, 13539.0, 23647.0, 46168.0, 101106.0, 209839.0, 496286.0, 999193.0, 1918614.0, 3438223.0, 5379634.0, 7502654.0, 9070602.0, 9576623.0, 8752454.0, 6981640.0, 4838987.0, 2928803.0, 1677122.0, 817209.0, 388742.0, 175363.0, 76947.0, 33465.0, 17567.0, 9544.0, 5348.0, 3553.0, 2109.0, 1547.0, 865.0, 663.0, 438.0, 287.0, 179.0, 132.0, 225.0, 110.0, 74.0, 199.0, 44.0, 38.0, 25.0, 11.0, 11.0, 18.0, 5.0, 5.0, 1.0, 2.0, 1.0, 0.0, 0.0, 0.0, 0.0, 0.0, 0.0, 0.0, 1.0]",0.430013428674263,1.5325745041504467e-14,0.0025326006264439677,0.14418200976690743,191
171,model.layers.18.post_attention_layernorm.weight,4.8903679847717285,4.419888496398926,0.953282356262207,4.781029939651489,0.04016433899956,4.734976291656494,4.844570636749268,4.982943058013916,0.0,0.6112959980964661,0.0497512437810945,0.4623191356658935,0.0012315568746998,20.9822998046875,0.5234375,0.0,0.0119467405054378,"(2048,)",0.4623191356658935,0.0350935459136962,0.08544921875,0.5234375,0.43798828125,946.82958984375,20.9822998046875,0.0,1.0,"[1.0, 0.0, 0.0, 0.0, 0.0, 0.0, 1.0, 0.0, 0.0, 0.0, 0.0, 0.0, 0.0, 0.0, 0.0, 1.0, 0.0, 1.0, 1.0, 1.0, 0.0, 1.0, 0.0, 0.0, 0.0, 1.0, 2.0, 2.0, 0.0, 3.0, 1.0, 0.0, 1.0, 1.0, 1.0, 1.0, 2.0, 1.0, 0.0, 0.0, 0.0, 1.0, 1.0, 0.0, 1.0, 1.0, 1.0, 0.0, 0.0, 2.0, 0.0, 0.0, 1.0, 0.0, 1.0, 1.0, 1.0, 0.0, 1.0, 2.0, 0.0, 0.0, 2.0, 3.0, 2.0, 1.0, 0.0, 1.0, 0.0, 0.0, 1.0, 3.0, 5.0, 2.0, 5.0, 13.0, 10.0, 6.0, 19.0, 26.0, 24.0, 32.0, 37.0, 93.0, 100.0, 156.0, 226.0, 429.0, 290.0, 224.0, 171.0, 93.0, 23.0, 5.0, 3.0, 3.0, 1.0, 1.0, 0.0, 1.0]",0.42736414145325824,8.058613008303267e-14,0.0008556791356859166,0.1427399401963416,192
153,model.layers.16.post_attention_layernorm.weight,4.867422580718994,4.4437785148620605,0.954049587249756,4.784055113792419,0.0516401979833774,4.70890474319458,4.854831695556641,5.152469158172607,0.0476531982421875,0.6084278225898743,0.044776119402985,0.390775203704834,0.000714398745913,17.725744247436523,0.51171875,0.0,0.0049484838875874,"(2048,)",0.390775203704834,0.0267282389104366,0.08203125,0.51171875,0.4296875,800.3076171875,17.725744247436523,0.0,1.0,"[1.0, 0.0, 0.0, 0.0, 0.0, 0.0, 0.0, 0.0, 0.0, 0.0, 0.0, 0.0, 0.0, 1.0, 0.0, 0.0, 0.0, 0.0, 1.0, 0.0, 0.0, 3.0, 0.0, 0.0, 0.0, 1.0, 2.0, 2.0, 0.0, 0.0, 1.0, 1.0, 1.0, 1.0, 3.0, 0.0, 2.0, 1.0, 1.0, 0.0, 0.0, 3.0, 1.0, 2.0, 1.0, 2.0, 2.0, 0.0, 1.0, 0.0, 0.0, 3.0, 0.0, 2.0, 0.0, 2.0, 0.0, 2.0, 2.0, 2.0, 8.0, 5.0, 16.0, 11.0, 13.0, 38.0, 30.0, 47.0, 67.0, 83.0, 188.0, 197.0, 249.0, 285.0, 304.0, 276.0, 107.0, 50.0, 16.0, 4.0, 1.0, 4.0, 0.0, 0.0, 0.0, 0.0, 1.0, 0.0, 0.0, 0.0, 0.0, 0.0, 0.0, 0.0, 0.0, 0.0, 0.0, 0.0, 0.0, 1.0]",0.42279679761996974,3.315400434143569e-14,0.0008230989467226174,0.1412066321889085,193
18,model.layers.1.post_attention_layernorm.weight,4.837594032287598,4.147824287414551,0.9435868263244628,4.895938038825989,0.0830368331060637,4.759957313537598,4.976875305175781,5.252394676208496,0.0,0.6046992540359497,0.0398009950248756,0.1283828020095825,0.000443254772108,5.887407302856445,0.349609375,0.0,0.0003350305052482,"(2048,)",0.1283805519342422,0.0210536178201437,-0.0008697509765625,0.349609375,0.3504791259765625,262.927978515625,5.887407302856445,0.0,1.0,"[9.0, 0.0, 0.0, 0.0, 0.0, 0.0, 0.0, 0.0, 2.0, 2.0, 1.0, 0.0, 2.0, 2.0, 1.0, 1.0, 4.0, 3.0, 3.0, 3.0, 3.0, 3.0, 3.0, 5.0, 8.0, 12.0, 17.0, 12.0, 16.0, 16.0, 12.0, 23.0, 33.0, 51.0, 74.0, 181.0, 290.0, 509.0, 369.0, 155.0, 109.0, 41.0, 29.0, 14.0, 5.0, 2.0, 4.0, 3.0, 1.0, 1.0, 1.0, 0.0, 0.0, 1.0, 0.0, 0.0, 0.0, 0.0, 1.0, 1.0, 0.0, 0.0, 0.0, 0.0, 0.0, 0.0, 0.0, 0.0, 0.0, 0.0, 0.0, 1.0, 0.0, 0.0, 0.0, 0.0, 0.0, 0.0, 0.0, 0.0, 1.0, 0.0, 0.0, 1.0, 1.0, 1.0, 0.0, 0.0, 0.0, 0.0, 1.0, 0.0, 1.0, 0.0, 0.0, 0.0, 0.0, 0.0, 2.0, 1.0]",0.4168593455524019,1.8853737547905375e-15,0.0005122096803467229,0.13912385174425015,194
36,model.layers.3.post_attention_layernorm.weight,4.732119083404541,4.070556640625,0.9404830932617188,4.598586082458496,0.0388335920548187,4.556301593780518,4.660737037658691,5.028168678283691,0.0,0.5915148854255676,0.0348258706467661,0.1843072324991226,0.0004562324029393,8.396566390991211,0.2197265625,0.0,0.0007060415034765,"(2048,)",0.184306800365448,0.021359596401453,-0.0003395080566406,0.2197265625,0.2200660705566406,377.461181640625,8.396566390991211,0.0,1.0,"[6.0, 0.0, 0.0, 0.0, 0.0, 0.0, 0.0, 0.0, 0.0, 1.0, 0.0, 0.0, 0.0, 2.0, 1.0, 1.0, 1.0, 1.0, 0.0, 2.0, 1.0, 0.0, 0.0, 1.0, 0.0, 1.0, 1.0, 0.0, 2.0, 0.0, 2.0, 1.0, 1.0, 0.0, 2.0, 0.0, 1.0, 0.0, 1.0, 1.0, 0.0, 0.0, 2.0, 1.0, 0.0, 0.0, 2.0, 0.0, 0.0, 1.0, 2.0, 0.0, 1.0, 0.0, 2.0, 1.0, 4.0, 2.0, 2.0, 4.0, 7.0, 6.0, 3.0, 3.0, 3.0, 6.0, 6.0, 8.0, 9.0, 3.0, 6.0, 6.0, 4.0, 6.0, 3.0, 5.0, 14.0, 14.0, 20.0, 10.0, 31.0, 43.0, 38.0, 86.0, 237.0, 308.0, 403.0, 357.0, 278.0, 44.0, 14.0, 4.0, 1.0, 2.0, 1.0, 2.0, 1.0, 1.0, 0.0, 1.0]",0.3958642758538997,4.399977216828992e-15,3.443678061379231e-07,0.13195487340723674,195
199,model.norm.weight,4.6510443687438965,4.049614906311035,0.939612865447998,4.867547631263733,0.1254670242764379,4.659599304199219,4.983267307281494,5.422189235687256,0.0,0.5813805460929871,0.0298507462686567,1.914886474609375,0.0186261497437953,86.87742614746094,3.1875,0.0,3.0986538760370332,"(2048,)",1.914886474609375,0.1364776492118835,0.5078125,3.1875,2.6796875,3921.6875,86.87742614746094,0.0,1.0,"[1.0, 0.0, 0.0, 0.0, 0.0, 0.0, 0.0, 0.0, 0.0, 0.0, 0.0, 0.0, 1.0, 0.0, 0.0, 0.0, 1.0, 0.0, 2.0, 1.0, 0.0, 2.0, 2.0, 3.0, 0.0, 1.0, 1.0, 1.0, 5.0, 0.0, 6.0, 4.0, 3.0, 3.0, 2.0, 4.0, 4.0, 1.0, 3.0, 2.0, 2.0, 10.0, 4.0, 11.0, 11.0, 10.0, 22.0, 12.0, 49.0, 56.0, 84.0, 239.0, 308.0, 498.0, 331.0, 220.0, 80.0, 8.0, 14.0, 4.0, 3.0, 1.0, 5.0, 1.0, 2.0, 1.0, 0.0, 0.0, 1.0, 0.0, 0.0, 0.0, 2.0, 0.0, 1.0, 0.0, 0.0, 0.0, 0.0, 0.0, 1.0, 0.0, 0.0, 1.0, 1.0, 0.0, 0.0, 0.0, 0.0, 0.0, 1.0, 0.0, 0.0, 0.0, 0.0, 0.0, 0.0, 0.0, 0.0, 1.0]",0.3797261378115324,2.1001379546914124e-11,0.009654246637480447,0.12979346149000473,196
198,model.layers.21.post_attention_layernorm.weight,4.309791564941406,3.7323172092437744,0.924757957458496,4.214364051818848,0.0596164499074615,4.112900733947754,4.265856742858887,5.082513332366943,0.0,0.5387239456176758,0.0248756218905472,0.5546362400054932,0.0015290267765522,25.162240982055664,0.73046875,0.0,0.0213389306143594,"(2048,)",0.5546362400054932,0.0391027703881263,0.11767578125,0.73046875,0.61279296875,1135.89501953125,25.162240982055664,0.0,1.0,"[1.0, 0.0, 0.0, 0.0, 0.0, 0.0, 0.0, 0.0, 0.0, 0.0, 0.0, 0.0, 0.0, 0.0, 0.0, 0.0, 1.0, 0.0, 0.0, 1.0, 0.0, 0.0, 0.0, 0.0, 1.0, 0.0, 2.0, 1.0, 2.0, 1.0, 0.0, 2.0, 0.0, 2.0, 1.0, 3.0, 3.0, 2.0, 0.0, 1.0, 5.0, 4.0, 3.0, 1.0, 1.0, 1.0, 1.0, 2.0, 0.0, 1.0, 1.0, 1.0, 3.0, 2.0, 5.0, 3.0, 3.0, 3.0, 2.0, 3.0, 2.0, 2.0, 5.0, 5.0, 10.0, 9.0, 31.0, 17.0, 91.0, 78.0, 319.0, 481.0, 240.0, 321.0, 102.0, 138.0, 23.0, 46.0, 20.0, 12.0, 5.0, 3.0, 6.0, 2.0, 2.0, 2.0, 3.0, 2.0, 0.0, 0.0, 0.0, 0.0, 0.0, 0.0, 0.0, 0.0, 1.0, 0.0, 0.0, 1.0]",0.31179885767048005,1.4424363316730666e-13,0.0015417795856189252,0.10444687908541439,197
180,model.layers.19.post_attention_layernorm.weight,4.140915393829346,3.4804866313934326,0.9104080200195312,4.042914092540741,0.0382864859677925,3.995176076889038,4.083217144012451,4.647623062133789,0.0,0.5176144242286682,0.0199004975124378,0.4968633651733398,0.0013139263028278,22.545181274414062,0.55859375,0.0,0.0147184377258101,"(2048,)",0.4968633651733398,0.0362481214106082,0.08642578125,0.55859375,0.47216796875,1017.576171875,22.545181274414062,0.0,1.0,"[1.0, 0.0, 0.0, 0.0, 0.0, 1.0, 0.0, 0.0, 0.0, 0.0, 0.0, 0.0, 0.0, 0.0, 0.0, 0.0, 0.0, 1.0, 2.0, 1.0, 1.0, 0.0, 0.0, 0.0, 1.0, 0.0, 0.0, 1.0, 3.0, 0.0, 0.0, 1.0, 0.0, 2.0, 2.0, 0.0, 2.0, 3.0, 0.0, 1.0, 1.0, 0.0, 0.0, 0.0, 1.0, 0.0, 0.0, 1.0, 0.0, 0.0, 1.0, 1.0, 1.0, 1.0, 1.0, 0.0, 0.0, 0.0, 0.0, 4.0, 0.0, 1.0, 1.0, 0.0, 2.0, 1.0, 2.0, 2.0, 0.0, 1.0, 0.0, 0.0, 2.0, 1.0, 5.0, 3.0, 5.0, 8.0, 8.0, 13.0, 12.0, 13.0, 20.0, 49.0, 62.0, 157.0, 172.0, 390.0, 330.0, 298.0, 342.0, 57.0, 32.0, 8.0, 6.0, 3.0, 2.0, 1.0, 2.0, 2.0]",0.2781836057034469,9.937187891353435e-14,0.0009898328549465608,0.09305781285283095,198
189,model.layers.20.post_attention_layernorm.weight,3.664171695709229,3.140222549438477,0.8865776062011719,3.5906553268432617,0.0277501991562685,3.5554933547973633,3.628899574279785,4.417137622833252,0.0,0.4580214619636535,0.0149253731343283,0.5281581878662109,0.0013387041399255,23.958965301513672,0.60546875,0.0,0.0169401277800318,"(2048,)",0.5281581878662109,0.0365883074700832,0.12109375,0.60546875,0.484375,1081.66796875,23.958965301513672,0.0,1.0,"[1.0, 0.0, 1.0, 0.0, 0.0, 0.0, 0.0, 0.0, 0.0, 0.0, 0.0, 0.0, 1.0, 1.0, 0.0, 1.0, 0.0, 2.0, 0.0, 0.0, 0.0, 0.0, 0.0, 1.0, 0.0, 2.0, 1.0, 0.0, 0.0, 3.0, 0.0, 1.0, 0.0, 1.0, 3.0, 4.0, 0.0, 2.0, 0.0, 0.0, 0.0, 0.0, 0.0, 0.0, 0.0, 1.0, 1.0, 0.0, 0.0, 1.0, 1.0, 3.0, 0.0, 0.0, 0.0, 2.0, 0.0, 2.0, 1.0, 0.0, 0.0, 1.0, 1.0, 0.0, 1.0, 4.0, 0.0, 0.0, 2.0, 3.0, 0.0, 0.0, 0.0, 4.0, 7.0, 6.0, 8.0, 10.0, 12.0, 26.0, 26.0, 36.0, 64.0, 413.0, 334.0, 353.0, 281.0, 329.0, 51.0, 13.0, 8.0, 5.0, 4.0, 2.0, 1.0, 5.0, 0.0, 0.0, 0.0, 1.0]",0.18328650192337184,1.1442984088393543e-13,0.001037744897539648,0.061441415607008644,199
9,model.layers.0.post_attention_layernorm.weight,2.8270721435546875,2.345503807067871,0.8032417297363281,3.4411036372184753,0.4072194129920352,2.845756769180298,3.87689471244812,2.756352424621582,0.0021781921386718,0.3533840179443359,0.0099502487562189,0.074584811925888,0.0010964758694171,3.6928319931030273,0.73828125,0.0,0.0003020014492519,"(2048,)",0.0745838731527328,0.0331130772829055,-0.0004024505615234,0.73828125,0.7386837005615234,152.74969482421875,3.6928319931030273,0.0,1.0,"[5.0, 0.0, 0.0, 0.0, 0.0, 1.0, 2.0, 0.0, 118.0, 1404.0, 390.0, 58.0, 17.0, 10.0, 8.0, 2.0, 3.0, 1.0, 2.0, 4.0, 4.0, 0.0, 0.0, 2.0, 0.0, 2.0, 0.0, 2.0, 0.0, 0.0, 0.0, 0.0, 0.0, 1.0, 0.0, 0.0, 0.0, 1.0, 0.0, 2.0, 1.0, 0.0, 0.0, 0.0, 0.0, 1.0, 1.0, 0.0, 0.0, 0.0, 0.0, 0.0, 0.0, 0.0, 0.0, 0.0, 0.0, 0.0, 0.0, 0.0, 0.0, 0.0, 0.0, 0.0, 0.0, 2.0, 0.0, 1.0, 0.0, 0.0, 0.0, 0.0, 0.0, 0.0, 0.0, 0.0, 0.0, 0.0, 0.0, 0.0, 0.0, 0.0, 0.0, 0.0, 0.0, 1.0, 0.0, 0.0, 0.0, 0.0, 0.0, 0.0, 0.0, 0.0, 1.0, 0.0, 0.0, 0.0, 0.0, 1.0]",0.016659604938046534,1.6615125243882774e-15,0.002035894983630102,0.006231833307226099,200
8,model.layers.0.input_layernorm.weight,2.743377685546875,2.160344123840332,0.7762970924377441,3.1180390119552612,0.2872986800346282,2.6530704498291016,3.436539649963379,3.527777194976806,0.0012421607971191,0.3429222106933594,0.0049751243781094,0.0127877043560147,0.0021184850484132,2.098799705505371,0.76953125,0.0,5.6857660361065066e-05,"(2048,)",0.0057800384238362,0.0460270009934902,-0.58203125,0.76953125,1.3515625,26.189220428466797,2.098799705505371,0.0,1.0,"[1.0, 0.0, 0.0, 0.0, 0.0, 0.0, 0.0, 0.0, 0.0, 0.0, 0.0, 0.0, 0.0, 0.0, 0.0, 0.0, 0.0, 0.0, 0.0, 0.0, 1.0, 0.0, 0.0, 0.0, 0.0, 1.0, 0.0, 0.0, 1.0, 0.0, 0.0, 0.0, 0.0, 0.0, 0.0, 0.0, 0.0, 0.0, 0.0, 2.0, 6.0, 19.0, 876.0, 956.0, 61.0, 50.0, 24.0, 9.0, 6.0, 4.0, 1.0, 4.0, 1.0, 2.0, 2.0, 2.0, 1.0, 2.0, 0.0, 1.0, 1.0, 2.0, 0.0, 1.0, 1.0, 1.0, 0.0, 1.0, 0.0, 0.0, 1.0, 0.0, 0.0, 0.0, 0.0, 0.0, 0.0, 1.0, 0.0, 0.0, 1.0, 1.0, 0.0, 0.0, 0.0, 0.0, 1.0, 1.0, 0.0, 0.0, 0.0, 0.0, 0.0, 0.0, 1.0, 0.0, 0.0, 0.0, 0.0, 1.0]",0.0,0.0,0.0044414164033525615,0.001480472134450854,201
