sequence_id,chaotic_value,normalized_index
0,0.9419112302240618,579846460
1,0.2183107137614066,134393444
2,0.6808980726133832,419165124
3,0.866930790425805,533688031
4,0.46029356219960094,283359603
5,0.9912093612008402,610194699
6,0.034766320239963226,21402364
7,0.13389491663557285,82426550
8,0.46270860105955613,284846316
9,0.991951312744608,610651449
10,0.03185578449653893,19610620
11,0.12305556402768954,75753777
12,0.4305724398361718,265063094
13,0.9782674574198951,602227582
14,0.08482835430070435,52220866
15,0.3097536933832807,190686316
16,0.8530873078466019,525165897
17,0.5000641186201795,307842607
18,0.9974999835963223,614067246
19,0.009950127623419564,6125360
20,0.03930597910895194,24197007
21,0.15066646626980193,92751221
22,0.5105846680241746,314319124
23,0.9970529795632438,613792067
24,0.011723958674133186,7217342
25,0.046230164793890215,28459579
26,0.1759308172615097,108304114
27,0.5784668675488358,356107831
28,0.9729333732813232,598943886
29,0.10507275750262685,64683448
30,0.3751895678023499,230969051
31,0.9353452004983969,575804371
32,0.24129348004801243,148541779
33,0.7304530367719841,449671470
34,0.7855966773918565,483618241
35,0.6720538060723001,413720538
36,0.879385976385981,541355522
37,0.4232044608774068,260527320
38,0.9739687562317724,599581275
39,0.1011609362832659,62275306
40,0.3628003310017001,223342159
41,0.9223932407987604,567831064
42,0.2856199610088065,175829439
43,0.8141243835397162,501180076
44,0.6037902279465153,371697051
45,0.9545180784454136,587607315
46,0.17321913230149258,106634784
47,0.5714249153797802,351772761
48,0.977144941037335,601536554
49,0.08910749391748782,54855132
50,0.32385772029647847,199368843
51,0.8737058502303772,537858801
52,0.44027231063932776,271034395
53,0.9832660864633037,605304769
54,0.06565101980102622,40415179
55,0.2447504439664448,150669908
56,0.7375421799372452,454035591
57,0.772359113875139,475469114
58,0.7015238472257048,431862480
59,0.8354586746074096,514313600
60,0.5484952357462539,337657107
61,0.988116366318562,608290632
62,0.04685222759853381,28842525
63,0.1781818145066801,109689842
64,0.5842678913882907,359678978
65,0.9691667006990753,596625099
66,0.11923160175102579,73399721
67,0.41901155331069323,257946140
68,0.9713290772963847,597956272
69,0.11111711457080496,68404392
70,0.39409270466685165,242605940
71,0.952746742732917,586516870
72,0.17963134390948798,110582181
73,0.5879820575370894,361965442
74,0.9666140386306458,595053664
75,0.1287626424216649,79267090
76,0.44760946910963895,275551196
77,0.9865483767693743,607325368
78,0.05295000148171692,32596353
79,0.20008373231096435,123172800
80,0.6386004271781601,393126428
81,0.9208517871282658,566882135
82,0.2908062553510701,179022154
83,0.8228895290270356,506575955
84,0.5815119846583495,357982424
85,0.9709896274646574,597747304
86,0.11239339557460576,69190079
87,0.39804686962120567,245040149
88,0.9560261812317987,588535713
89,0.16774008690425926,103261849
90,0.5570173670969472,342903384
91,0.9845285891988347,606081974
92,0.06077586453345775,37414003
93,0.2277578137064375,140209138
94,0.7017779260883839,432018892
95,0.8350498174884482,514061905
96,0.5495890630058207,338330474
97,0.987688290072517,608027106
98,0.04851892558731656,29868554
99,0.18419770939420432,113393265
100,0.599572963860049,369100877
101,0.9579400472238204,589713901
102,0.16076074346309405,98965321
103,0.5383177400289064,331391777
104,0.9916416856883179,610460841
105,0.03307092704526144,20358670
106,0.12758919091021745,78544706
107,0.4441276551996432,273407770
108,0.9850443415351752,606399474
109,0.058780627111386284,36185722
110,0.220748605301236,135894225
111,0.6863544476495925,422524102
112,0.8589353591664489,528765994
113,0.4834499776808088,297614838
114,0.9964071260773248,613394476
115,0.014284061066807156,8793357
116,0.05617930639832505,34584333
117,0.2115625358044034,130239223
118,0.6655472787011716,409715079
119,0.8881504530734001,546750989
120,0.3963635108578677,244003863
121,0.9546453176919879,587685645
122,0.17275756405199805,106350639
123,0.5702204285781232,351031272
124,0.9778256747271158,601955618
125,0.08651367204059039,53258359
126,0.31532593579666784,194116623
127,0.8614230051423881,530297404
128,0.47629991130184274,293213212
129,0.9952588401248411,612687584
130,0.018827538300006302,11590350
131,0.07370751778525671,45374810
132,0.2724161312326992,167701078
133,0.790840274880863,486846233
134,0.6599936186838241,406296211
135,0.8953641475020158,551191784
136,0.3738118915713173,230120944
137,0.9339654795518522,574955007
138,0.24607911060375062,151487843
139,0.7402414858935886,455697301
140,0.7672132735380063,472301303
141,0.7126022951159595,438682442
142,0.8171530538045916,503044545
143,0.5961616224450631,367000833
144,0.9606042400512452,591353995
145,0.1509964988467913,92954391
146,0.511504259169381,314885230
147,0.9969719315636453,613742174
148,0.012045407959218915,7415228
149,0.047482261264196454,29230377
150,0.18045850755644585,111091389
151,0.5900940060817146,363265571
152,0.9651134495719104,594129892
153,0.1343412213189988,82701298
154,0.4640116937183391,285648508
155,0.9923323188257996,610885999
156,0.030359462480048578,18689475
157,0.11745668441670469,72307071
158,0.413605840693132,254618349
159,0.9677188364582615,595733785
160,0.12464396918829879,76731609
161,0.435340322031808,267998232
162,0.9808183129197484,603797905
163,0.07506686234441752,46211631
164,0.2770329958035054,170543249
165,0.799140003008165,491955598
166,0.6404558818150974,394268657
167,0.9187858596015382,565610337
168,0.2977274311532248,183282873
169,0.8342523734895853,513570993
170,0.5517186497581494,339641461
171,0.9868274732561035,607497181
172,0.051866055019480405,31929068
173,0.1962121097512246,120789405
174,0.62927454177541,387385354
175,0.9308194904665436,573018316
176,0.2569343208702497,158170379
177,0.7617671117604812,468948611
178,0.7240971370102973,445758739
179,0.7971240880033142,490714588
180,0.6452519325495132,397221136
181,0.9133184856016204,562244588
182,0.3158796395453325,194457487
183,0.8622377745355128,530798981
184,0.4739473408512405,291764955
185,0.9947918232156017,612400085
186,0.02067239619913334,12726056
187,0.08077774245573241,49727284
188,0.2962682681301563,182384604
189,0.8318885919029634,512115834
190,0.5580013506330262,343509131
191,0.9840770148657316,605803982
192,0.06252108027794216,38488369
193,0.2338626572472969,143967318
194,0.7148919500221956,440091968
195,0.8132475847644762,500640313
196,0.6059850430504969,373048193
197,0.9526810108918415,586476405
198,0.17986881048798237,110728367
199,0.5885889257914664,362339034
200,0.9661864888861852,594790462
201,0.13035392874408322,80246696
202,0.45231351020021215,278447033
203,0.9884267347753932,608481697
204,0.045642905779024266,28098059
205,0.1738029274149748,106994172
206,0.5729459246494697,352709104
207,0.9762687793873652,600997183
208,0.09244051862566824,56906963
209,0.33474212387612406,206069350
210,0.8885324391723124,546986142
211,0.39517974940614536,243275132
212,0.9536607331111119,587079528
213,0.17632583754002318,108547291
214,0.5794877958577719,356736321
215,0.972289944335596,598547787
216,0.10749941183312368,66177312
217,0.38281372027173804,235662527
218,0.9427068296153636,580336236
219,0.21550254541753472,132664718
220,0.6745541813610314,415259784
221,0.8759280426998269,539226796
222,0.43362564578038965,266942667
223,0.9799218359566996,603246028
224,0.07850337517408347,48327170
225,0.2886389750888387,177687963
226,0.8192528034225287,504337164
227,0.5908298135523564,363718538
228,0.9645822804304762,593802901
229,0.13631158579297323,83914267
230,0.4697456421125968,289178363
231,0.9938478485769956,611818968
232,0.024396066798932588,15018371
233,0.0949655859074617,58461410
234,0.3429290223688497,211109257
235,0.8990615448641189,553467925
236,0.3620920348085445,222906127
237,0.9216157586156416,567352441
238,0.2882382068269586,177441247
239,0.8185762023790307,503920644
240,0.5925517210782419,364778555
241,0.9633223739125668,593027295
242,0.14097618754977428,86785825
243,0.4831965893538836,297458851
244,0.9963734051087253,613373717
245,0.014417636376069444,8875587
246,0.05669697486821357,34903013
247,0.21339488735693685,131367231
248,0.6697514625333597,412303201
249,0.8825259194614637,543288491
250,0.4136589445512454,254651040
251,0.9677554363545404,595756316
252,0.12450735852548621,76647510
253,0.43493105203198407,267746283
254,0.9806064677212393,603667491
255,0.07587951850620844,46711907
256,0.27978605053812294,172238047
257,0.8040082076849836,494952495
258,0.628740248544054,387056440
259,0.9313695341352127,573356926
260,0.2550420968296785,157005514
261,0.7580825464408536,466680370
262,0.7317396628981926,450463525
263,0.78322394727293,482157574
264,0.6774389408076509,417035660
265,0.8718765349173853,536732663
266,0.4457142926835766,274384514
267,0.9857417173048109,606828783
268,0.05607938643839511,34522822
269,0.21120861053180218,130021345
270,0.6647321381424205,409213273
271,0.8892246574254757,547412276
272,0.393031622547564,241952731
273,0.9518454872385208,585962051
274,0.1828842660921131,112584701
275,0.5962560691191685,367058975
276,0.9605317289393263,591309356
277,0.15126300129421816,93118452
278,0.5122461978773972,315341972
279,0.9969016222438151,613698891
280,0.012324223467745,7586869
281,0.048567624564811715,29898534
282,0.18437315353168343,113501269
283,0.6000149782159782,369372983
284,0.957588046488505,589497207
285,0.16204658704622668,99756895
286,0.5417920877848564,333530607
287,0.9905311513803455,609777189
288,0.037422966206635426,23037812
289,0.14372972634966047,88480921
290,0.4910552535313176,302296693
291,0.997180766127338,613870733
292,0.01121703031420273,6905274
293,0.04425392209508062,27242992
294,0.1687590947723898,103889157
295,0.5597150561889335,344564099
296,0.9832721071367667,605308476
297,0.065627801149722,40400886
298,0.24466996353523845,150620364
299,0.7373782241908251,453934659
300,0.7726697989332415,475660374
301,0.7008482111913256,431446554
302,0.8365433842843664,514981354
303,0.545586816472757,335866666
304,0.9892081502338779,608962741
305,0.042594789121542846,26221619
306,0.16271408751432426,100167812
307,0.5435904708224333,334637703
308,0.9899184847053797,609400027
309,0.03981971459249876,24513266
310,0.1525540786398601,93913247
311,0.5158325136035119,317549730
312,0.9964998327368485,613451547
313,0.013916785208203032,8567260
314,0.05475520210771038,33707645
315,0.20651070909991814,127129287
316,0.6538175041465989,402494156
317,0.9030972999182632,555952362
318,0.34917514152643714,214954407
319,0.9067349296450546,558191709
320,0.3374211210564635,207718558
321,0.892036751404637,549143419
322,0.3842656703369144,236556356
323,0.9440562041003705,581166920
324,0.2107282095238807,129725607
325,0.6636241066266131,408531162
326,0.8906763354052647,548305938
327,0.38851428380770936,239171829
328,0.9479080309895171,583538129
329,0.19701979914262405,121286624
330,0.6312299615748124,388589123
331,0.9287870017684423,571767103
332,0.26390541138657514,162461826
333,0.7750947874575562,477153212
334,0.6955482030755911,428183836
335,0.8449259920928905,520141740
336,0.5227939793151535,321835252
337,0.9954269336828517,612791063
338,0.018163091992612852,11181313
339,0.07115444438670414,43803122
340,0.26370504282858703,162338478
341,0.774717125929287,476920721
342,0.6963766978773976,428693862
343,0.8436304081977696,519344170
344,0.5263533888217187,324026447
345,0.9947289406014692,612361374
346,0.020920668572078308,12878894
347,0.08172714685231651,50311744
348,0.2994408030755886,184337636
349,0.8370062740308505,515266311
350,0.5443428173427348,335100852
351,0.9896545210549345,609237530
352,0.04085141554174638,25148387
353,0.15633848378602794,96242951
354,0.5262680814713201,323973931
355,0.9947468517043062,612372400
356,0.020849955387422178,12835363
357,0.0814567866435811,50145308
358,0.2985380984276,183781925
359,0.8355582778371821,514374916
360,0.5482285622780287,337492941
361,0.9882192830645713,608353988
362,0.04645130725922487,28595716
363,0.17673139741940447,108796956
364,0.5805346682365,357380782
365,0.9716215271760271,598136306
366,0.11001680906556613,67727037
367,0.39067331204650163,240500941
368,0.9498102244514625,584709131
369,0.1902063402959106,117092216
370,0.614571274744516,378333931
371,0.9451249577836324,581824851
372,0.20693645011289682,127391376
373,0.6548138853530019,403107534
374,0.9018703169986113,555197023
375,0.3531159907785883,217380418
376,0.9114161004618264,561073467
377,0.3221398012003296,198311282
378,0.8712793412349374,536365027
379,0.44748508658088204,275474625
380,0.9864963136356444,607293317
381,0.05315213390752564,32720787
382,0.2008046684287224,123616613
383,0.6403237927281535,394187342
384,0.9189338404456009,565701435
385,0.2972328049447043,182978378
386,0.8334530037915366,513078896
387,0.5538482861069818,340952478
388,0.9859304447125291,606944965
389,0.05534769557691994,34072388
390,0.2086144694032657,128424375
391,0.65872694550985,405516439
392,0.8969749695087613,552183417
393,0.3687193855982369,226985966
394,0.9287339471263594,571734442
395,0.2640869382999938,162573575
396,0.7754366590041232,477363670
397,0.694797241037819,427721539
398,0.8460955991873748,520861757
399,0.5195691665302968,319850037
400,0.995972020408025,613126622
401,0.01600690233980265,9853949
402,0.06284521885497384,38687910
403,0.23499383231495666,144663677
404,0.7172892070446579,441567734
405,0.8091137480025961,498095498
406,0.6162502762751924,379367535
407,0.9435786343311064,580872925
408,0.21241960070815272,130766838
409,0.6675170806331354,410927701
410,0.8855327305076449,545139502
411,0.40444440969220535,248978515
412,0.9610678253521064,591639381
413,0.1492916770960671,91904892
414,0.5067446522611839,311955186
415,0.9973184935668441,613955519
416,0.010670520666055327,6568839
417,0.04212107601253475,25929998
418,0.1609840949626433,99102818
419,0.5389221823654908,331763875
420,0.991455404242431,610346165
421,0.03380162670722605,20808493
422,0.13030971618929385,80219478
423,0.45218308528327855,278366743
424,0.9883770352412254,608451101
425,0.04583660708147346,28217302
426,0.174505094005601,107426430
427,0.5747717340250725,353833084
428,0.9751926592856264,600334717
429,0.09652582687860789,59421904
430,0.34796228057979556,214207762
431,0.9052692821752779,557289447
432,0.34216966761128853,210641793
433,0.8981074488504948,552880578
434,0.36512673208730534,224774306
435,0.9249187143941765,569385761
436,0.277081903768825,170573357
437,0.7992270142669478,492009162
438,0.6402481437922225,394140772
439,0.9190185280697161,565753569
440,0.2969496578058114,182804071
441,0.8329945285539435,512796656
442,0.5550674293730162,341702990
443,0.9854006371067691,606618812
444,0.05740102377040734,35336430
445,0.21588352349966072,132899251
446,0.6754185328463183,415791885
447,0.8747210699528402,538483776
448,0.43724063773626076,269168078
449,0.9817844371685126,604392657
450,0.07135618684785594,43927316
451,0.2643952809710954,162763393
452,0.7760167613215305,477720785
453,0.6935208424035973,426935780
454,0.8480732373860542,522079204
455,0.5140916354482103,316478035
456,0.9967076889834751,613579504
457,0.013093072101734682,8060177
458,0.0515573578230471,31739032
459,0.19510779474264003,120109582
460,0.6265925652614825,385734313
461,0.933557546457864,574703880
462,0.24749113709865392,152357096
463,0.7430947038835143,457453760
464,0.7617108101257082,468913952
465,0.7242147329347486,445831131
466,0.7969137366046476,490585094
467,0.6457505097317092,397528063
468,0.9127395877626583,561888214
469,0.3177876704471085,195632083
470,0.8650266811660448,532515850
471,0.4658545329272418,286782972
472,0.9928480074427489,611203460
473,0.02833235782325128,17441577
474,0.10984324494047186,67620190
475,0.39013304886086325,240168351
476,0.9493377196590883,584418254
477,0.19190149862936656,118135766
478,0.6187505006781474,380906689
479,0.9412342911688704,579429733
480,0.2206960781838511,135861889
481,0.6862373838398932,422452037
482,0.8591093910732844,528873129
483,0.48295137651946973,297307896
484,0.9963402843053023,613353328
485,0.014548825481169403,8956348
486,0.057205257061568635,35215915
487,0.21519193434809306,132473504
488,0.6738486193010801,414825436
489,0.8769088636927614,539830596
490,0.43067943679462717,265128962
491,0.9783266914723908,602264047
492,0.08460226913805421,52081687
493,0.30900445352703837,190225079
494,0.851947597897704,524464284
495,0.5032702244528039,309816306
496,0.997457329471793,614040988
497,0.010119459365620042,6229602
498,0.03996805307199275,24604584
499,0.1530987251444522,94248535
500,0.5173414269593467,318478627
501,0.9963001068949445,613328594
502,0.014707953545305881,9054308
503,0.05782160229478187,35595341
504,0.21736827576535536,133813273
505,0.6787760407400457,417858787
506,0.8699761177566809,535562754
507,0.45133951243588133,277847434
508,0.9880523062305888,608251196
509,0.04710173606818419,28996124
510,0.17908381848491375,110245121
511,0.5865810897226871,361102997
512,0.9675898224607038,595654363
513,0.12512543414535834,77028002
514,0.4367815489024228,268885460
515,0.9815536754888848,604250598
516,0.07224316991635173,44473348
517,0.26742613632398754,164629206
518,0.7816784977598982,481206185
519,0.6809223233599109,419180053
520,0.8668957805111069,533666479
521,0.46039607011015116,283422708
522,0.991241799661747,610214668
523,0.03463916211770134,21324085
524,0.13342276935628494,82135893
525,0.4613283245546023,283996610
526,0.991532961057801,610393909
527,0.03349743929306373,20621233
528,0.12917768980694627,79522596
529,0.44883834890971563,276307702
530,0.9870561169762869,607637936
531,0.050977592274766226,31382125
532,0.19303172066892937,118831537
533,0.621524197183242,382614193
534,0.9385751593008843,577792754
535,0.2300308002803738,141608403
536,0.7066953584989508,435046095
537,0.827035344812211,509128145
538,0.5707610541417976,351364084
539,0.977521564134799,601768405
540,0.0876728915871578,53971981
541,0.3191455591149381,196468007
542,0.866993768136485,533726801
543,0.46010914085444576,283246072
544,0.9911507902329519,610158642
545,0.0349958960016519,21543693
546,0.13474702122612692,82951111
547,0.4651951433722824,286377047
548,0.9926666016009449,611091785
549,0.029045682471233642,17880704
550,0.11252610289604552,69271774
551,0.3984572764616657,245292798
552,0.9563594104327056,588740851
553,0.16652699315295844,102515061
554,0.5537950572805279,340919710
555,0.9859533063306171,606959039
556,0.055259042424702406,34017813
557,0.20829986781347934,128230705
558,0.6579950212006419,405065861
559,0.8978999173704768,552752820
560,0.36578586646870526,225180073
561,0.9256263997781707,569821417
562,0.2746802495693724,169094884
563,0.7949317301628601,489364958
564,0.6504309454271361,400409369
565,0.9072084173250131,558483191
566,0.3358834063900353,206771931
567,0.8900323173704281,547909476
568,0.39052041771254814,240406818
569,0.9496767420380386,584626958
570,0.19068540240352044,117387129
571,0.6157546740577744,379062439
572,0.9440374131807759,581155352
573,0.21079479502594226,129766597
574,0.6637777941694939,408625773
575,0.89047556820653,548182344
576,0.38914003422881244,239557045
577,0.9484631712769523,583879876
578,0.19503432819279345,120064355
579,0.626413796686525,385624262
580,0.9337380125091187,574814976
581,0.246866632653512,151972647
582,0.7418347583599535,456678130
583,0.7641486390994419,470414694
584,0.7190997308830321,442682304
585,0.8059612786286617,496154818
586,0.6239869069598586,384130253
587,0.9361627151410843,576307639
588,0.2384507228238219,146791760
589,0.7245519826783888,446038744
590,0.7963098642300663,490213346
591,0.647179852796239,398407976
592,0.9110689828142009,560859780
593,0.32327894255871187,199012544
594,0.8728909747487634,537357158
595,0.44269976059415916,272528749
596,0.9843995634304931,606002545
597,0.061274681163907434,37721078
598,0.229505177502554,141284826
599,0.7055618784982799,434348317
600,0.8288998132919512,510275923
601,0.5658814021379135,348360140
602,0.9801819670008467,603406166
603,0.07750686148311911,47713710
604,0.28528319614556125,175622124
605,0.8135478096287125,500825134
606,0.6052342065973763,372585973
607,0.9533137894296647,586865947
608,0.17758136716854123,109320203
609,0.5827244385603411,358728819
610,0.9701951023868567,597258190
611,0.1153770971087393,71026864
612,0.40724023806028437,250699644
613,0.9631685499939002,592932600
614,0.1415448282432263,87135884
615,0.4848244604648793,298460978
616,0.9965811149692739,613501584
617,0.013594713060932266,8368990
618,0.0535054883825155,32938314
619,0.2020641778709014,124391975
620,0.6433246411101099,396034683
621,0.9155376085301263,563610694
622,0.3085406986292833,189939589
623,0.851239910315362,524028627
624,0.5052557963526094,311038637
625,0.9973897826527526,613999405
626,0.010387582409463733,6394660
627,0.04101592535918983,25249660
628,0.15694114071221563,96613950
629,0.5279193700660151,324990475
630,0.9943898300127164,612152616
631,0.022258996960189504,13702778
632,0.08683650071791796,53457094
633,0.31639073221533015,194772119
634,0.862987670766474,531260622
635,0.47177740397740425,290429128
636,0.9943219054442439,612110801
637,0.02252695665390815,13867735
638,0.08785777658250617,54085798
639,0.31975376282917356,196842421
640,0.8678700630031753,534266254
641,0.45753975081669906,281664340
642,0.9903065376847752,609638915
643,0.03830200142323691,23578952
644,0.14697148285974299,90476566
645,0.5002297556821476,307944575
646,0.9974997893771829,614067126
647,0.009950898682938159,6125835
648,0.03930899441037684,24198863
649,0.150677551501599,92758045
650,0.5106155696305771,314338147
651,0.9970503656288593,613790458
652,0.011734326772587001,7223725
653,0.046270563067646785,28484448
654,0.17607709626358833,108394164
655,0.5788450702155359,356340655
656,0.9726959850618019,598797749
657,0.10596843776874657,65234834
658,0.37800912058273545,232704785
659,0.9381217191026198,577513614
660,0.23161694340975494,142584843
661,0.7101024343917566,437143512
662,0.821369298580004,505640091
663,0.5854198779814831,360388148
664,0.968386743338058,596144952
665,0.12214929607402117,75195872
666,0.42784309371514273,263382891
667,0.9767255896928394,601278399
668,0.090703521406738,55837656
669,0.3290808065185101,202584208
670,0.8809386509055518,542311358
671,0.41849411954257004,257627604
672,0.9709935978889281,597749748
673,0.11237847268309424,69180892
674,0.39800071072643206,245011733
675,0.9559886185008712,588512589
676,0.16787677539269094,103345995
677,0.5573797130690074,343126447
678,0.9843631984271924,605980158
679,0.061415245117427006,37807610
680,0.22999721701052755,141587729
681,0.70662300373998,435001553
682,0.8271546679586181,509201601
683,0.5704495946992164,351172348
684,0.9776970498807974,601876436
685,0.08700405885537994,53560244
686,0.3169430668662974,195112139
687,0.8637957353344158,531758072
688,0.4694341251804419,288986591
689,0.9937722519130953,611772431
690,0.024693963330276465,15201758
691,0.09609584430622452,59157204
692,0.34657711772306055,213355047
693,0.9035810625834072,556250169
694,0.34761808043695136,213995870
695,0.9048512048552195,557032076
696,0.34352105268983557,211473714
697,0.8998022128043242,553923885
698,0.359731180640696,221452771
699,0.9189953866790322,565739323
700,0.29702703510733613,182851705
701,0.8331198823354992,512873824
702,0.554734264531205,341497892
703,0.98554659954205,606708668
704,0.05683555369587685,34988323
705,0.2138850413925202,131668972
706,0.6708715395395501,412992727
707,0.881003638731782,542351365
708,0.4182965468198356,257505977
709,0.9708649374963624,597670544
710,0.11286198043982154,69478543
711,0.3994953737059813,245931857
712,0.9571962921730636,589256040
713,0.16347648618857874,100637150
714,0.5456401793615366,335899516
715,0.9891887263711086,608950784
716,0.04267061606573661,26268298
717,0.1629908400153254,100338183
718,0.5443350560848318,335096074
719,0.9896572671797998,609239220
720,0.04084068518506032,25141781
721,0.15629916723851373,96218747
722,0.5261602528606528,323907551
723,0.9947694082693641,612386286
724,0.020760898236725348,12780539
725,0.08111623453110743,49935662
726,0.2974002001961413,183081428
727,0.8337237512665511,513245570
728,0.5531275467839188,340508787
729,0.9862380804531629,607134348
730,0.05415439117772186,33337782
731,0.20437455544462965,125814258
732,0.6487963301604441,399403090
733,0.9091600120018287,559684605
734,0.3295264574688669,202858554
735,0.8815456974745749,542685060
736,0.41664729414717433,256490687
737,0.9697787824437791,597001900
738,0.11693850330690535,71988076
739,0.4120229201074725,253643893
740,0.9666175333201994,595055816
741,0.12874962961670872,79259079
742,0.4475709183361734,275527464
743,0.9865322536695925,607315442
744,0.05301260089535724,32634889
745,0.2003070375162506,123310268
746,0.6391346716684788,393455312
747,0.9202597571274215,566517678
748,0.2927931287914109,180245286
749,0.8261905969705492,508608113
750,0.5729627808475071,352719481
751,0.9762589661178847,600991142
752,0.09247781479737116,56929922
753,0.33486341758502036,206144020
754,0.8886923375017196,547084576
755,0.3946838844021227,242969874
756,0.9532449780235445,586823587
757,0.17783026968678242,109473429
758,0.5833645928309357,359122902
759,0.9697708752019081,596997033
760,0.1169681460000129,72006324
761,0.4121135292971169,253699673
762,0.9666811133868911,595094956
763,0.12851286624780703,79113326
764,0.44686926473175537,275095522
765,0.9862367286297243,607133515
766,0.05415963648854063,33341011
767,0.20439321735323937,125825746
768,0.648840353912391,399430191
769,0.9091077306984644,559652420
770,0.3296971500841834,202963633
771,0.8817777878490979,542827936
772,0.41594042561314637,256055534
773,0.969306611936065,596711229
774,0.1187077029324357,73077206
775,0.41741857494579176,256965492
776,0.9702894298617046,597316258
777,0.11502313011980768,70808960
778,0.40615331053242537,250030525
779,0.9623592675151468,592434400
780,0.1445333918939992,88975662
781,0.49333752718124324,303701675
782,0.9973228897091979,613958226
783,0.010653074051458945,6558099
784,0.04205294839820518,25888058
785,0.16073514673760006,98949564
786,0.5382484437699605,331349117
787,0.991662855631213,610473873
788,0.032987869206318264,20307539
789,0.127279682069265,78354170
790,0.44320746276043116,272841293
791,0.9846306847784297,606144825
792,0.060381066491049164,37170963
793,0.22637342126880616,139356897
794,0.6987626966933285,430162698
795,0.8398686277087517,517028394
796,0.5366123704384861,330341940
797,0.9921515419801915,610774712
798,0.031069570308813983,19126622
799,0.12011596591746221,73944141
800,0.4216956013902173,259598457
801,0.9730350004218574,599006449
802,0.10468917461981447,64447312
803,0.37398011183557356,230224502
804,0.9341347612702317,575059217
805,0.2454927661367875,151126886
806,0.7390520109660713,454965053
807,0.7694880028517785,473701640
808,0.7077311031126496,435683705
809,0.8253226773104109,508073816
810,0.5752189709540693,354108406
811,0.9749250045703575,600169947
812,0.09754049773504529,60046542
813,0.35122513265621325,216216394
814,0.9091854949988863,559700293
815,0.3294432504232403,202807331
816,0.8814324767435039,542615361
817,0.4169919700844123,256702872
818,0.9700075712084364,597142744
819,0.11608060319691892,71459947
820,0.40939752806584995,252027686
821,0.9647468563968921,593904215
822,0.1357013342821343,83538592
823,0.46797306380316916,288087153
824,0.9934073586777982,611547800
825,0.026131221826368525,16086544
826,0.10153904047819629,62508070
827,0.3640031663104844,224082632
828,0.9237043962934409,568638219
829,0.281193592400827,173104539
830,0.8064737864142428,496470321
831,0.6227345347812591,383359285
832,0.9373955735483914,577066594
833,0.2341535978386921,144146423
834,0.7155095049269737,440472138
835,0.8121870566116616,499987446
836,0.6086315743197473,374677414
837,0.9504147324326448,585081270
838,0.1880350095424395,115755531
839,0.6091846004679687,375017860
840,0.9499341048523936,584785392
841,0.1897616121497944,116818438
842,0.6134710493893807,377656625
843,0.9461260405923861,582441124
844,0.2033765080623889,125199853
845,0.6464378710826445,397951207
846,0.9119382401520033,561394900
847,0.3204244763388771,197255317
848,0.8688329988943158,534859043
849,0.45470925351723646,279921868
850,0.9893155056493059,609028830
851,0.0421756403653446,25963588
852,0.1611834543432197,99225545
853,0.5394613600729357,332095796
854,0.9912867762341646,610242356
855,0.03446284095479306,21215541
856,0.13276786265698962,81732728
857,0.4594108236369126,282816184
858,0.9909265498610432,610020599
859,0.03587457933971523,22084616
860,0.1380044996486857,84956435
861,0.47464743832435247,292195940
862,0.9949354179897653,612488483
863,0.02010533875699243,12376972
864,0.07860744530073147,48391236
865,0.2889889762276556,177903426
866,0.8198426479077231,504700276
867,0.5893257155117113,362792606
868,0.9656634570278001,594468480
869,0.1322986037077835,81443850
870,0.4580347758273699,281969080
871,0.9904732906409622,609741569
872,0.03764944515962649,23177234
873,0.14456553811080708,88995451
874,0.49342870977314407,303757808
875,0.9973277043975703,613961190
876,0.010633966210185124,6546336
877,0.04197833104157481,25842123
878,0.1604624415505097,98781685
879,0.5375098431446144,330894430
880,0.9918861165523931,610611314
881,0.03211171288859209,19768171
882,0.12401139762797136,76342194
883,0.4334439578364509,266830819
884,0.9798254700735805,603186704
885,0.07887239789198353,48554342
886,0.28987965554358114,178451734
887,0.8213392689736084,505621605
888,0.5854968861198727,360435555
889,0.968334227030584,596112623
890,0.12234557664874486,75316704
891,0.42843477472769154,263747134
892,0.9770648899415777,601487274
893,0.08941227223227113,55042755
894,0.32485669404806816,199983818
895,0.8751060412971097,538720767
896,0.43608887655182016,268459047
897,0.9812023195153702,604034301
898,0.07359286749518007,45304230
899,0.27202605982257766,167460948
900,0.7901312515739245,486409754
901,0.6616371888719911,407308003
902,0.8932549425025057,549893345
903,0.38044869528743025,234206602
904,0.9404728673106741,578960995
905,0.22337477612082188,137510913
906,0.6921791572000403,426109830
907,0.85013801443615,523350293
908,0.5083394496783746,312936953
909,0.9972225097804569,613896431
910,0.011051405312817534,6803314
911,0.04360779429618316,26845231
912,0.1664075567454917,102441535
913,0.5534771663959158,340724015
914,0.9860893687703116,607042800
915,0.05473133101823522,33692950
916,0.20642589156859825,127077073
917,0.6536188290062432,402371850
918,0.9033410089452549,556102390
919,0.3483909617070649,214471661
920,0.9057886510364865,557609174
921,0.34048892705305434,209607119
922,0.8959793082531836,551570481
923,0.37186954586696747,228925224
924,0.9319945210274149,573741672
925,0.2528891278711547,155680133
926,0.7538555053341286,464078177
927,0.7403739558221013,455778850
928,0.7669592418361136,472144919
929,0.7131437251611668,439015750
930,0.8162333121734399,502478346
931,0.5984860041645448,368431737
932,0.9587990228649681,590242692
933,0.15761879190642042,97031116
934,0.5297726822940799,326131385
935,0.993963213682173,611889988
936,0.023941370679831802,14738457
937,0.09323904398471275,57398540
938,0.3373366433995029,207666553
939,0.8919271233536435,549075931
940,0.38460858861915415,236767459
941,0.9443724404963503,581361597
942,0.20960720516799738,129035510
943,0.6610313785915372,406935062
944,0.8940348914845471,550373486
945,0.3779986521281173,232698341
946,0.938111527758601,577507340
947,0.23165257408764822,142606777
948,0.7101787394347973,437190486
949,0.8212413409835024,505561320
950,0.5857479633640533,360590120
951,0.9681626742478787,596007014
952,0.12298660465988766,75711325
953,0.43036498993913946,264935387
954,0.9781523518415571,602156722
955,0.08526761042926714,52491275
956,0.3112082097133901,191581725
957,0.8552870630823031,526520080
958,0.4938467001973429,304015126
959,0.9973489262371391,613974254
960,0.010549741827351394,6494487
961,0.041649394651163234,25639628
962,0.159259743079656,98041296
963,0.5342453484822933,328884787
964,0.9928207518682319,611186681
965,0.028439549046841987,17507564
966,0.11024665697644849,67868533
967,0.3913884030918435,240941155
968,0.9504320488580699,585091930
969,0.18797276775247024,115717214
970,0.6090296352804251,374922463
971,0.9500690291361639,584868453
972,0.18927709735959922,116520168
973,0.6122705983211488,376917620
974,0.9472072978829189,583106753
975,0.19952247455383038,122827286
976,0.6372558942399684,392298725
977,0.9223316697905826,567793160
978,0.28582748316067436,175957191
979,0.814479230792528,501398522
980,0.6029002254665582,371149160
981,0.9552520589597366,588059158
982,0.17055479562355272,104994601
983,0.56444877068031,347478203
984,0.9809269602716093,603864789
985,0.07464994294680061,45954973
986,0.2756185425697117,169672503
987,0.7966153166302243,490401385
988,0.6464572222220036,397963120
989,0.9119156254154684,561380978
990,0.3204988149789481,197301080
991,0.8689395050583922,534924609
992,0.4543957300130016,279728861
993,0.9892017997302223,608958832
994,0.042619580571438914,26236881
995,0.16280457617418065,100223518
996,0.543833992142195,334787616
997,0.9898335387201832,609347734
998,0.0401517863360025,24717691
999,0.15377308535622172,94663675
1000,0.519206425069237,319626731
1001,0.9960281418118785,613161171
1002,0.015784769297313313,9717202
1003,0.061987085318620204,38159638
1004,0.231997299423566,142818992
1005,0.7109164644101158,437644634
1006,0.8200018377125382,504798274
1007,0.5889193072037875,362542419
1008,0.9659524936575299,594646413
1009,0.131224211880775,80782447
1010,0.4548776282072074,280025520
1011,0.9893762465395343,609066222
1012,0.04193844839827914,25817571
1013,0.16031666362745384,98691943
1014,0.5371147716533545,330651222
1015,0.9920037499632263,610683730
1016,0.03164991698827129,19483887
1017,0.12228631697419824,75280223
1018,0.4282561708837858,263637184
1019,0.9769627637051366,601424404
1020,0.08980102293464465,55282072
1021,0.32612982886599895,200767568
1022,0.8768789627234345,539812189
1023,0.4307693673514673,265184324
1024,0.9783764068173049,602294652
1025,0.0844124934682521,51964860
1026,0.3083752274147504,189837724
1027,0.8509869866612889,523872926
1028,0.5059644594257685,311474894
1029,0.9973580566427959,613979875
1030,0.010513504335080826,6472179
1031,0.04150785254109148,25552494
1032,0.1587419533668888,97722542
1033,0.5328363529765318,328017400
1034,0.9931978779535704,611418843
1035,0.02695585419655937,16594192
1036,0.1046546521231619,64426060
1037,0.37387120308944605,230157457
1038,0.9340251910936861,574991765
1039,0.2458723126493962,151360537
1040,0.7398222829021168,455439237
1041,0.7680162377682321,472795612
1042,0.7108875122073243,437626811
1043,0.8200505642080727,504828270
1044,0.5887948690368765,362465814
1045,0.9660407302185687,594700732
1046,0.13089609073159952,80580454
1047,0.45391159360950983,279430823
1048,0.9890246765975763,608849794
1049,0.043310914057757235,26662470
1050,0.16532596433714283,101775700
1051,0.5505932265140151,338948643
1052,0.9872868984692973,607780006
1053,0.05008039953488929,30829808
1054,0.18981368893808745,116850497
1055,0.6135999651949118,377735987
1056,0.9460092411517823,582369222
1057,0.20379226966077307,125455799
1058,0.6474213121442625,398556620
1059,0.9107851573353991,560685055
1060,0.3242096625065963,199585501
1061,0.8742000514033814,538163034
1062,0.4387975429035298,270126519
1063,0.9825544943889654,604866709
1064,0.0683932281805899,42103300
1065,0.2542252221333144,156502641
1066,0.7564830866726796,465695732
1067,0.7350235407409105,452485101
1068,0.7771081018374464,478392621
1069,0.6911122885852293,425453059
1070,0.8517696116753469,524354715
1071,0.5037699798040848,310123959
1072,0.9974432911365846,614032345
1073,0.010175186691780556,6263908
1074,0.04018589254759619,24738687
1075,0.1538982364851195,94740719
1076,0.51955214147464,319839556
1077,0.9959746779173853,613128258
1078,0.015996384270336384,9847474
1079,0.06280459484284236,38662902
1080,0.2348521090607804,144576431
1081,0.71698941776263,441383182
1082,0.8096332143903489,498415284
1083,0.6149678174597382,378578045
1084,0.944761779784692,581601277
1085,0.208225967378585,128185211
1086,0.6578229764124714,404959950
1087,0.898116713384071,552886281
1088,0.3650972992718194,224756187
1089,0.9248870327316094,569366258
1090,0.27718932757194775,170639488
1091,0.7994180629661153,492126773
1092,0.6397918060427815,393859848
1093,0.9195284213435564,566067463
1094,0.29524365570308386,181753846
1095,0.8302186094859494,511087783
1096,0.5624131230971726,346225046
1097,0.9819573622403762,604499111
1098,0.07069123291937213,43517966
1099,0.26211899020576773,161362094
1100,0.7717163744653128,475073440
1101,0.7029191452712293,432721434
1102,0.8332070437247511,512927481
1103,0.5545025333887252,341355237
1104,0.9856476006783015,606770844
1105,0.05644416774208201,34747383
1106,0.21250031244324302,130816525
1107,0.6677022793225208,411041710
1108,0.8852850225850246,544987012
1109,0.4052062509729117,249447509
1110,0.9616464391301036,591995579
1111,0.1471614353015972,90593502
1112,0.5007647395736684,308273914
1113,0.997497666541804,614065819
1114,0.00995932642398517,6131023
1115,0.03934195158225107,24219152
1116,0.15079870808752402,92832630
1117,0.5109532463293645,314546023
1118,0.9970213053154446,613772568
1119,0.011849590029500935,7294681
1120,0.04671961721007841,28760889
1121,0.1777022093655104,109394594
1122,0.5830352952669856,358920184
1123,0.9699895075622988,597131624
1124,0.11614835249757786,71501654
1125,0.4096050717116083,252155451
1126,0.9648967401895489,593996485
1127,0.13514537363491314,83196339
1128,0.46635559546377153,287091429
1129,0.9929835356331767,611286892
1130,0.027799262042503665,17113400
1131,0.10783558765885956,66384264
1132,0.3838662240355806,236310455
1133,0.9436866548601819,580939423
1134,0.21203718767293755,130531422
1135,0.6666389006795892,410387088
1136,0.8867035923533891,545860292
1137,0.4008367233273255,246757600
1138,0.958264911792559,589913889
1139,0.15957314977283485,98234231
1140,0.535097142981201,329409157
1141,0.9925850803126829,611041600
1142,0.02936615522685752,18077989
1143,0.11373009877465803,70012962
1144,0.4021742979953846,247581020
1145,0.9593162267889437,590561086
1146,0.15572412919538695,95864750
1147,0.5245817578790843,322935820
1148,0.9950889913465005,612583024
1149,0.019498693683543854,12003518
1150,0.07628279356643494,46960166
1151,0.2811502785988211,173077874
1152,0.8063981497760793,496423758
1153,0.6229194935170432,383473147
1154,0.9372142844729191,576954991
1155,0.23478624111680518,144535882
1156,0.716850031775196,441297375
1157,0.809874494239195,498563818
1158,0.6143714133018124,378210895
1159,0.9453075274791907,581937242
1160,0.2062878118217757,126992070
1161,0.6532952705570818,402172666
1162,0.9037372344990761,556346309
1163,0.3471150194613619,213686183
1164,0.9042384690755441,556654872
1165,0.34549912787664705,212691430
1166,0.9022566272473621,555434838
1167,0.35187652728395136,216617397
1168,0.9099571529538466,560175330
1169,0.32692117964048595,201254728
1170,0.8779744505524066,540486578
1171,0.4274699057711292,263153155
1172,0.976510147870293,601145771
1173,0.0915229351167597,56342092
1174,0.3317544849828487,204230141
1175,0.884556852239688,544538746
1176,0.4074429493080559,250824435
1177,0.9633184375451634,593024872
1178,0.14099074146852686,86794784
1179,0.4832382856318407,297484519
1180,0.9963789892764465,613377155
1181,0.014395517029524608,8861970
1182,0.056611261614719334,34850247
1183,0.2130916424257055,131180551
1184,0.6690575414725429,411876018
1185,0.8834639952083251,543865976
1186,0.4107919038716899,252886072
1187,0.9657472431847973,594520060
1188,0.13198722680838745,81252164
1189,0.4571207290835968,281406387
1190,0.9901638588214541,609551081
1191,0.03886017210599392,23922565
1192,0.14902673592824697,91741793
1193,0.5060028939482099,311498555
1194,0.9973562214043437,613978745
1195,0.010520788231270036,6476663
1196,0.0415363039725886,25570009
1197,0.15884604730529245,97786623
1198,0.5331197824375012,328191881
1199,0.9931232892450573,611372925
1200,0.027249392200500756,16774896
1201,0.10576238267256415,65107986
1202,0.3773610373251052,232305821
1203,0.9374891424877627,577124196
1204,0.233826968319235,143945348
1205,0.7148161496514233,440045305
1206,0.8133775471772601,500720319
1207,0.6056601065714049,372848160
1208,0.9529554080984843,586645326
1209,0.1788772791145987,110117974
1210,0.586051990543315,360777281
1211,0.9679542691448976,595878719
1212,0.12376501993636842,76190522
1213,0.4327044867083098,266375595
1214,0.9794305424243237,602943584
1215,0.08038395641296782,49484867
1216,0.29495028009782,181573242
1217,0.8297389033484698,510792473
1218,0.5636762999180086,347002665
1219,0.9813218620267199,604107893
1220,0.07313376788917357,45021606
1221,0.2704630273351892,166498735
1222,0.787277984937697,484653265
1223,0.6682107238868441,411354712
1224,0.884603557954161,544567498
1225,0.4072996118039113,250736195
1226,0.963212485732895,592959647
1227,0.14138243031399875,87035910
1228,0.4843598204628991,298174943
1229,0.9965239852883485,613466415
1230,0.013821088813169721,8508348
1231,0.05438396460558091,33479109
1232,0.20519113250744572,126316948
1233,0.6507200492745527,400587343
1234,0.9068610323192388,558269339
1235,0.33701176051669224,207466553
1236,0.8915049868226265,548816061
1237,0.3859281427191302,237579785
1238,0.9455805693922067,582105329
1239,0.20531724515866634,126394583
1240,0.6510166752564985,400769948
1241,0.9065039155399485,558049495
1242,0.3381707209362549,208180016
1243,0.893007024906457,549740725
1244,0.38122645871296024,234685399
1245,0.9412124551016422,579416290
1246,0.22077296215809367,135909220
1247,0.6864087227387582,422557514
1248,0.8588546344667501,528716299
1249,0.4836811717737232,297757162
1250,0.9964374464228318,613413141
1251,0.014163948538820128,8719415
1252,0.05571369109143304,34297697
1253,0.20991260610844162,129223516
1254,0.6617387225817634,407370508
1255,0.8931239366143015,549812697
1256,0.38085974613889007,234459648
1257,0.9408643436405421,579201991
1258,0.22199813572051225,136663444
1259,0.6891327041939458,424234414
1260,0.8547729926150988,526203615
1261,0.4953031336065991,304911715
1262,0.9974119783898693,614013069
1263,0.010299481779562102,6340425
1264,0.04067167579399194,25037738
1265,0.1556797874225804,95837453
1266,0.5244599289304559,322860821
1267,0.9951128303881009,612597699
1268,0.01940450788848351,11945536
1269,0.07592161211873628,46737820
1270,0.2799285085187935,172325745
1271,0.8042584691625766,495106557
1272,0.6281328679319533,386682533
1273,0.9319920529405752,573740153
1274,0.25289763612278726,155685370
1275,0.7538722828475114,464088505
1276,0.7403399673671548,455757927
1277,0.7670244333429603,472185051
1278,0.713004828471505,438930244
1279,0.8164694827608207,502623734
1280,0.5978897952595835,368064707
1281,0.9592661760563069,590530274
1282,0.15590757232716299,95977679
1283,0.5250856008606716,323245989
1284,0.9949891433915419,612521557
1285,0.019893134218785313,12246338
1286,0.07779461574465743,47890853
1287,0.2862530278881361,176219159
1288,0.8152058053329102,501845806
1289,0.6010747481348818,370025384
1290,0.9567377422049862,588973754
1291,0.16514863303351138,101666534
1292,0.5501195025422893,338657016
1293,0.9874772615050048,607897195
1294,0.049340018867168815,30374025
1295,0.18715326980737143,115212726
1296,0.6069864243970449,373664649
1297,0.9518300809289943,585952567
1298,0.1829398160911167,112618898
1299,0.5963966307208638,367145506
1300,0.9604236814468051,591242842
1301,0.151660033916254,93362868
1302,0.513350479434811,316021774
1303,0.9967888411484542,613629462
1304,0.012771380768399879,7862142
1305,0.05030700768065702,30969309
1306,0.1906270885089126,117351231
1307,0.615610722525756,378973821
1308,0.94417030173992,581237159
1309,0.21032384477855098,129476677
1310,0.6626900231335148,407956134
1311,0.8918925059275375,549054620
1312,0.38471685255336147,236834107
1313,0.9444720857000385,581422939
1314,0.209253814483496,128817960
1315,0.6602119558743346,406430620
1316,0.8950851954877319,551020060
1317,0.37469167634261846,230662546
1318,0.934848317848486,575498487
1319,0.243018692452725,149603831
1320,0.7340028242094585,451856742
1321,0.7790182862653691,479568543
1322,0.6868736957588509,422843755
1323,0.8581621051153795,528289974
1324,0.48566242677268623,298976835
1325,0.9966797916358662,613562330
1326,0.01320364647640472,8128247
1327,0.05198694768256208,32003491
1328,0.19664437676331842,121055511
1329,0.6303217097442312,388029997
1330,0.929734845357668,572350602
1331,0.2606585711148304,160463051
1332,0.768935564872629,473361556
1333,0.7089179111670934,436414312
1334,0.8233496925103782,506859234
1335,0.5803254556502412,357251990
1336,0.9717558064865788,598218969
1337,0.10951137159432858,67415887
1338,0.3890993380325713,239531992
1339,0.9484271622689925,583857709
1340,0.19516318975612096,120143683
1341,0.6267273312901457,385817275
1342,0.9334213321812699,574620026
1343,0.24796233575275112,152647169
1344,0.7440432930451563,458037717
1345,0.7598670557675072,467778925
1346,0.7280517621736419,448193231
1347,0.7899896511402918,486322584
1348,0.6619649489038121,407509774
1349,0.8928317477530764,549632823
1350,0.38177603964948087,235023724
1351,0.9417321498441652,579736217
1352,0.21894210409826742,134782132
1353,0.6823157720136506,420037868
1354,0.8648762275075158,532423230
1355,0.4662927010135354,287052711
1356,0.9929666338001981,611276487
1357,0.027865752859208455,17154332
1358,0.10808611818042392,66538492
1359,0.38465000185607434,236792953
1360,0.9444105679335035,581385068
1361,0.20947199596499316,128952274
1362,0.6607179806970259,406742132
1363,0.894437225415875,550621165
1364,0.3767329080728426,231919141
1365,0.9368728439508088,576744798
1366,0.2359770516911456,145268953
1367,0.7193646122375371,442845367
1368,0.8054978759225212,495869544
1369,0.6251174807492431,384826241
1370,0.9350390078837415,575615877
1371,0.2423568358619243,149196388
1372,0.732643799891953,451020118
1373,0.7815486808636134,481126269
1374,0.6812140578127971,419359646
1375,0.8664742463515708,533406980
1376,0.4616295407765824,284182040
1377,0.9916255543573463,610450910
1378,0.03313421406829928,20397629
1379,0.12782498832623784,78689864
1380,0.4448281851356837,273839020
1381,0.9853547226698647,606590547
1382,0.05757886479641439,35445910
1383,0.2165115211094308,133285850
1384,0.6768407865218821,416667433
1385,0.8727220715270654,537253180
1386,0.4432022470123269,272838083
1387,0.9846283208696497,606143369
1388,0.06039020853814483,37176591
1389,0.2264054926909482,139376641
1390,0.6988327218255657,430205806
1391,0.8397575394384346,516960008
1392,0.536913609435015,330527385
1393,0.992063167899532,610720308
1394,0.03141661679874126,19340266
1395,0.12141415582077261,74743315
1396,0.42562430676253604,262016992
1397,0.9754283424592323,600479805
1398,0.09563188583400319,58871588
1399,0.3450808487008831,212433934
1400,0.9017402256774376,555116938
1401,0.3535331163798396,217637203
1402,0.9119043334903676,561374027
1403,0.3205359320069056,197323930
1404,0.8689926667144863,534957335
1405,0.45423920352461894,279632502
1406,0.9891447385286956,608923704
1407,0.0428423248310793,26374003
1408,0.16361737153624886,100723880
1409,0.5460184417985937,336132377
1410,0.9890503890275735,608865622
1411,0.04321057079799638,26600698
1412,0.16496023530353782,101550555
1413,0.5496159407278357,338347020
1414,0.9876776511185106,608020556
1415,0.04856032931213378,29894043
1416,0.1843468726796313,113485091
1417,0.5999487818193556,369332232
1418,0.9576408616411791,589529720
1419,0.16185371860771341,99638164
1420,0.5412717985984685,333210314
1421,0.9907035881753854,609883342
1422,0.03674785432168906,22622209
1423,0.14123582360251952,86945658
1424,0.4839401802780117,297916610
1425,0.9964709079400842,613433740
1426,0.014031383900902297,8637807
1427,0.05519967162524391,33981264
1428,0.20808914483205956,128100982
1429,0.6575043300141357,404763789
1430,0.898517620246925,553133082
1431,0.36382298834738325,223971713
1432,0.9235087277744787,568517765
1433,0.2818550264203816,173511722
1434,0.807626954302771,497180218
1435,0.6199089713757394,381619850
1436,0.9401311359486123,578750623
1437,0.2245754868426508,138250078
1438,0.6948239368326283,427737973
1439,0.8460540982117739,520836209
1440,0.5196837788322354,319920593
1441,0.9959540699150259,613115572
1442,0.016077946533539247,9897684
1443,0.06311959021352756,38856815
1444,0.23595067510376763,145252715
1445,0.7193090365471573,442811154
1446,0.805595150490143,495929427
1447,0.6248802999476585,384680231
1448,0.9352755936330815,575761521
1449,0.24153527877360015,148690632
1450,0.730951991646624,449978630
1451,0.7846780984422862,483052758
1452,0.6741439372664633,415007236
1453,0.8764988175622032,539578169
1454,0.4319120750933088,265887782
1455,0.9790024975827842,602680077
1456,0.08202086316472458,50492557
1457,0.30042083027004807,184940947
1458,0.8385709384895131,516229529
1459,0.540125181245218,332504449
1460,0.9910759796218532,610112589
1461,0.03528908513136439,21724182
1462,0.13583462475180327,83620646
1463,0.4683604820866569,288325650
1464,0.9935057742157829,611608385
1465,0.025743682754566035,15847972
1466,0.1000729727556652,61605549
1467,0.3593329077892413,221207591
1468,0.91854894898419,565464494
1469,0.29851894144387725,183770132
1470,0.8355274783419858,514355956
1471,0.5483110319970983,337543710
1472,0.9881875163076277,608334432
1473,0.0465750661963451,28671902
1474,0.17717925932655318,109072663
1475,0.5816892098702783,358091525
1476,0.9708742232331709,597676261
1477,0.11282708891928636,69457063
1478,0.3993875763318904,245865496
1479,0.9571097894124792,589202789
1480,0.16379205528888308,100831416
1481,0.5464872294733749,336420966
1482,0.9888773606086002,608759105
1483,0.043885715874631005,27016321
1484,0.16741944166904066,103064458
1485,0.5561667871588668,342379762
1486,0.9849127151607998,606318444
1487,0.0592900381147703,36499319
1488,0.22254117068552634,136997740
1489,0.6903362261614127,424975310
1490,0.85295076283242,525081839
1491,0.5004487784738911,308079406
1492,0.9974991964055467,614066761
1493,0.009953252807582568,6127284
1494,0.039318200408862365,24204530
1495,0.15071139530662891,92778880
1496,0.5107099078191183,314396222
1497,0.9970423385192789,613785517
1498,0.011766165739953267,7243325
1499,0.046394615104095545,28560816
1500,0.17652619762581911,108670634
1501,0.5800051497185816,357054807
1502,0.9719607123138443,598345110
1503,0.10873981326851276,66940911
1504,0.3866927104525785,238050457
1505,0.946274217960313,582532343
1506,0.2028488963118052,124875052
1507,0.645187874091782,397181701
1508,0.9133927200546684,562290287
1509,0.31563477143315216,194306744
1510,0.8618777553570208,530577351
1511,0.4749875158092791,292405293
1512,0.9950037587820897,612530554
1513,0.019835402378495043,12210798
1514,0.07757341717200317,47754682
1515,0.28550757065984356,175760251
1516,0.8139320610454744,501061681
1517,0.6042721775804847,371993742
1518,0.9541179788006693,587361011
1519,0.1746696767066796,107527748
1520,0.5751991211759959,354096186
1521,0.974936917775688,600177281
1522,0.09749534729358011,60018747
1523,0.3510801181532404,216127122
1524,0.9090132464750813,559594255
1525,0.3300055751895784,203153501
1526,0.8821965631781621,543085737
1527,0.41466389050825664,255269691
1528,0.9684438161830846,596180087
1529,0.12193596040851544,75064542
1530,0.42719965205139593,262986785
1531,0.9763534362608632,601049299
1532,0.09211874101224614,56708874
1533,0.3336951854805938,205424849
1534,0.8871474075839869,546133508
1535,0.3994663703559833,245914003
1536,0.9571730273492929,589241719
1537,0.163561364026488,100689401
1538,0.5458680864548878,336039817
1539,0.9891055133934181,608899557
1540,0.04299542910496194,26468255
1541,0.1641758205023581,101067664
1542,0.547516260654295,337054444
1543,0.988491397843998,608521504
1544,0.045390855387343394,27942895
1545,0.17288879728184922,106431427
1546,0.5705630616145766,351242199
1547,0.9776332087989541,601837135
1548,0.08724740623113472,53710050
1549,0.31774483238492557,195605711
1550,0.8649643849716285,532477500
1551,0.46603598083210096,286894672
1552,0.9928973171538308,611233815
1553,0.028138416622798246,17322185
1554,0.10911311806971272,67170719
1555,0.38785770768392247,238767637
1556,0.9473221840336407,583177478
1557,0.19911242604878115,122574858
1558,0.6362720046885818,391693036
1559,0.923405463545239,568454194
1560,0.2822039756257647,173726537
1561,0.8082339181494423,497553869
1562,0.6184174882919491,380701684
1563,0.9415494208818381,579623728
1564,0.21958609458646436,135178577
1565,0.6837584861864076,420926012
1566,0.8627689468303747,531125974
1567,0.47241077795016717,290819037
1568,0.9944629509584734,612197629
1569,0.02197049661645906,13525175
1570,0.08573629764059204,52779802
1571,0.31275848378082866,192536084
1572,0.8576130522697438,527951973
1573,0.4872304903368067,299942145
1574,0.9968493890956168,613666736
1575,0.012531331375696314,7714366
1576,0.04937344546749873,30394602
1577,0.18727347631716496,115286726
1578,0.6072864643271444,373849356
1579,0.9515735621429997,585794653
1580,0.1838644587141947,113188113
1581,0.5987326949483643,368583602
1582,0.9586049012434505,590123189
1583,0.15832936277638504,97468548
1584,0.5317120908802435,327325298
1585,0.9934874297350927,611597092
1586,0.0258159252068731,15892445
1587,0.10034635821821908,61773847
1588,0.36020509677613416,221744516
1589,0.9195249662801938,566065336
1590,0.29525522264373316,181760966
1591,0.8302375088198776,511099417
1592,0.5623633191960807,346194386
1593,0.9819821575112027,604514375
1594,0.07059586736497647,43459258
1595,0.26179224259509287,161160946
1596,0.7710956866053784,474691340
1597,0.7042634435287942,433548992
1598,0.8310230180946588,511582982
1599,0.5602908083510977,344918535
1600,0.9829964235292012,605138763
1601,0.06669067488342181,41055197
1602,0.24834968478039204,152885623
1603,0.7448217542109891,458516943
1604,0.7583486115735657,466844161
1605,0.7311914196430634,450126023
1606,0.7842366046588655,482780972
1607,0.6751461147622794,415624182
1608,0.875102115549877,538718350
1609,0.4361006276109267,268466281
1610,0.9812083121310473,604037991
1611,0.0735698557405943,45290064
1612,0.2719477549469408,167412743
1613,0.7899887723697752,486322043
1614,0.6619669824788882,407511026
1615,0.8928291193808673,549631205
1616,0.38178427903614476,235028796
1617,0.9417399228348137,579741003
1618,0.21891470388983256,134765264
1619,0.6822543146795313,420000035
1620,0.8649656254749706,532478264
1621,0.4660323679644374,286892448
1622,0.9928963378958476,611233213
1623,0.02814226835456095,17324556
1624,0.10912762153481913,67179648
1625,0.3879029471743599,238795487
1626,0.9473626604837446,583202395
1627,0.1989679335195743,122485907
1628,0.6359249828525931,391479407
1629,0.9237823521557239,568686209
1630,0.28092998682543446,172942261
1631,0.8060132340175058,496186802
1632,0.6238600434185275,384052155
1633,0.9362881716809983,576384870
1634,0.23801399869249446,146522910
1635,0.7236397071244258,445477142
1636,0.7979412727752312,491217652
1637,0.6433116819285304,396026706
1638,0.9155524296730349,563619818
1639,0.3084915509894213,189909333
1640,0.8511648106906748,523982395
1641,0.5054662701730042,311168206
1642,0.997380778362679,613993862
1643,0.010423321648188918,6416662
1644,0.041155557295889184,25335619
1645,0.15745249182422033,96928741
1646,0.529318206523831,325851607
1647,0.9940703666372419,611955952
1648,0.023518946515656017,14478410
1649,0.09163356462509444,56410197
1650,0.3321150492921804,204452107
1651,0.8850404268700736,544836437
1652,0.40595804000608904,249910315
1653,0.9622128779444097,592344282
1654,0.1450734292947615,89308112
1655,0.4948682463356031,304643996
1656,0.9973949237662685,614002570
1657,0.010367176348076382,6382098
1658,0.040936195030550626,25200578
1659,0.15664908763821567,96434160
1660,0.527119502411518,324498071
1661,0.9945654850299173,612260750
1662,0.02156587425831951,13276087
1663,0.08419214142991752,51829210
1664,0.3076442607579355,189387736
1665,0.8498670856267492,523183508
1666,0.5090961593562294,313402788
1667,0.9971698669410147,613864024
1668,0.011260272389356313,6931894
1669,0.044422579833744515,27346818
1670,0.16937236479628984,104266690
1671,0.5613346136900135,345561108
1672,0.9824898800023524,604826932
1673,0.06864202762430925,42256462
1674,0.2550818956750519,157030014
1675,0.7581603374737567,466728258
1676,0.73157942822019,450364884
1677,0.7835201640165875,482339927
1678,0.6767691032180693,416623304
1679,0.8728232097484436,537315442
1680,0.44290138854874334,272652872
1681,0.9844915967956502,606059201
1682,0.0609188916112603,37502051
1683,0.22825904322190216,140517698
1684,0.7028658411132026,432688620
1685,0.8332933475326371,512980611
1686,0.5542730225170504,341213949
1687,0.9857472117171865,606832166
1688,0.056058088772825435,34509711
1689,0.21113316202929422,129974898
1690,0.6645582401840161,409106220
1691,0.8894531364942834,547552929
1692,0.39232175535431274,241515733
1693,0.9512375285637938,585587788
1694,0.18507492433440095,113933284
1695,0.6017805649008967,370459890
1696,0.9561664592677329,588622069
1697,0.16722952414216768,102947543
1698,0.5556626034854338,342069383
1699,0.9851376815471614,606456935
1700,0.058419305472749546,35963290
1701,0.2194758959811162,135110738
1702,0.6835118459869658,420774179
1703,0.863130375506,531348472
1704,0.471363958235637,290174609
1705,0.9942281086771578,612053059
1706,0.02289692060766389,14095487
1707,0.0892668800210574,54953251
1708,0.32438023356793055,199690506
1709,0.874439213576998,538310264
1710,0.4380831485899986,269686733
1711,0.9822035510107726,604650666
1712,0.06974414421647884,42934932
1713,0.25887079527031953,159362485
1714,0.7655082594394631,471251685
1715,0.7162264030360127,440913465
1716,0.8109521090941302,499227204
1717,0.6117020555411495,376567621
1718,0.947715376643649,583419529
1719,0.19770825665217365,121710442
1720,0.6328926105958902,389612660
1721,0.9270348206555463,570688449
1722,0.2698886351712647,166145136
1723,0.7862245515088603,484004765
1724,0.6706212693930717,412838659
1725,0.8813446458984805,542561291
1726,0.4172592815678045,256867430
1727,0.9701843543181635,597251573
1728,0.11541742508810254,71051690
1729,0.4073640098657978,250775839
1730,0.9632601075941055,592988963
1731,0.14120639012047215,86927539
1732,0.4838559105833725,297864733
1733,0.9964600798238628,613427074
1734,0.014074282673722452,8664216
1735,0.055366026991361006,34083673
1736,0.20867951388574604,128464417
1737,0.6588781737369176,405609536
1738,0.8967833263809872,552065440
1739,0.3693263377050955,227359609
1740,0.9293683319899247,572124974
1741,0.2619149135819172,161236463
1742,0.7713288115849233,474834854
1743,0.7037588972556137,433238391
1744,0.8318444240388133,512088644
1745,0.5581183201550496,343581138
1746,0.9840228208407972,605770620
1747,0.06273041653221707,38617237
1748,0.23459329238190738,144417102
1749,0.716441525409784,441045896
1750,0.8105807336523605,498998583
1751,0.6126230354570065,377134582
1752,0.9468910470189551,582912067
1753,0.20065068445626522,123521819
1754,0.6399560492611551,393960957
1755,0.9193450940580844,565954606
1756,0.29585727143677126,182131591
1757,0.831219728035292,511704077
1758,0.5597710321233066,344598558
1759,0.9832454206384695,605292047
1760,0.06573071509347508,40464240
1761,0.2450266508652342,150839943
1762,0.7381044790116933,454381746
1763,0.7712919657275348,474812171
1764,0.7038386706334435,433287500
1765,0.8317146874540183,512008778
1766,0.558461810847859,343792593
1767,0.9838630445228328,605672260
1768,0.06334745103892955,38997088
1769,0.2367448604283419,145741620
1770,0.7209799586415362,443839784
1771,0.802659752936352,494122378
1772,0.6320043250705005,389065826
1773,0.9279736840690997,571266420
1774,0.2666857177198464,164173400
1775,0.7803021382795463,480358890
1776,0.6840085379908973,421079946
1777,0.8624020232063455,530900094
1778,0.47347244656803017,291472607
1779,0.9946921927465668,612338752
1780,0.02106574139801832,12968202
1781,0.08228168399010685,50653120
1782,0.30129051979473764,185476333
1783,0.8399530244814523,517080350
1784,0.5363834451721934,330201013
1785,0.992218217220434,610815757
1786,0.030807694278987156,18965409
1787,0.11913573520627649,73340705
1788,0.4187202230945145,257766795
1789,0.9711404554861162,597840155
1790,0.11182641810529664,68841044
1791,0.3962918685729538,243959759
1792,0.954586047668883,587649158
1793,0.1729725858064883,106483008
1794,0.5707817507599623,351376825
1795,0.9775098755998248,601761210
1796,0.08771743163151287,53999401
1797,0.3192921044397401,196558222
1798,0.8672051793639071,533856947
1799,0.4594898214308002,282864815
1800,0.9909521124748434,610036335
1801,0.03577443279339004,22022965
1802,0.13763354477928805,84728073
1803,0.47357530300179534,291535926
1804,0.9947139242003269,612352130
1805,0.020979951477229735,12915389
1806,0.08195377452183886,50451257
1807,0.30019703992021524,184803180
1808,0.8382143208019902,516009993
1809,0.5410881820857494,333097278
1810,0.9907639275586243,609920487
1811,0.036511561954861105,22476746
1812,0.14036208651592502,86407780
1813,0.48143567902743584,296374823
1814,0.9961249102874421,613220742
1815,0.015401692835187338,9481378
1816,0.060506277965061535,37248044
1817,0.2268126204845862,139627271
1818,0.69972093613727,430752596
1819,0.8383450751971255,516090486
1820,0.5407352142585073,332879989
1821,0.990879162854061,609991427
1822,0.036060213428028204,22198893
1823,0.1386918989978575,85379602
1824,0.47663126003940015,293417193
1825,0.995321068950689,612725892
1826,0.018581584227651916,11438939
1827,0.07276287273141795,44793280
1828,0.2691990639623248,165720632
1829,0.7849564024172906,483224084
1830,0.6735113963983667,414617839
1831,0.8773762433263567,540118318
1832,0.42927281218181695,264263035
1833,0.9775406829642924,601780175
1834,0.08760003549484867,53927131
1835,0.31890581441183824,196320419
1836,0.8666475348251802,533513658
1837,0.4611226449744069,283869992
1838,0.9914693195521939,610354731
1839,0.033747052676225194,20774897
1840,0.13010667455645417,80094484
1841,0.4515839218913372,277997894
1842,0.9881469746884978,608309475
1843,0.0467329990988438,28769127
1844,0.17775061331734437,109424392
1845,0.5831597778027827,358996816
1846,0.9699069609096094,597080808
1847,0.11645791787389245,71692224
1848,0.410552930241097,252738958
1849,0.9655768946290683,594415192
1850,0.13262023919833835,81641851
1851,0.4589781242997224,282549812
1852,0.9907856507989836,609933860
1853,0.03642648542957426,22424372
1854,0.14004739038940486,86214051
1855,0.4805321341497448,295818595
1856,0.9959877987749536,613136335
1857,0.01594445283084086,9815505
1858,0.06260400674651614,38539419
1859,0.23415213289233527,144145521
1860,0.7155063971016787,440470225
1861,0.8121924013049318,499990736
1862,0.6086182592241672,374669217
1863,0.9504262743148153,585088375
1864,0.1879935239134303,115729992
1865,0.6090813159313629,374954278
1866,0.950024053393582,584840765
1867,0.1894386219551698,116619603
1868,0.6126710055629153,377164113
1869,0.9468479255767116,582885521
1870,0.20080445631708055,123616482
1871,0.6403232862947262,394187031
1872,0.9189344075405587,565701784
1873,0.29723090909277805,182977211
1874,0.8334499361329085,513077008
1875,0.5538564489709074,340957503
1876,0.9859269367879339,606942806
1877,0.055361298294542366,34080762
1878,0.20866273553328343,128454088
1879,0.6588391673488713,405585523
1880,0.8968327744745099,552095880
1881,0.36916975892042236,227263219
1882,0.9292049575960479,572024399
1883,0.2624745864561491,161581001
1884,0.7723908949040822,475488679
1885,0.7014547694896794,431819955
1886,0.8355697436409418,514381974
1887,0.5481978591394828,337474040
1888,0.9882310958337387,608361260
1889,0.046405284273336796,28567384
1890,0.17656481712074193,108694408
1891,0.580104833078685,357116173
1892,0.9718970307125697,598305907
1893,0.10897963769459353,67088548
1894,0.3874412742875692,238511278
1895,0.9469488277313151,582947637
1896,0.200444614104517,123394961
1897,0.639463617416223,393657813
1898,0.9198940986745537,566292576
1899,0.29401889413415366,180999875
1900,0.8282114182648692,509852143
1901,0.5676862870330467,349471238
1902,0.9792200805252432,602814023
1903,0.08118897654130379,49980443
1904,0.2976433332516229,183231102
1905,0.8341165998957203,513487410
1906,0.5520807297197514,339864359
1907,0.9866775143915143,607404866
1908,0.0524485379729326,32287648
1909,0.19829377846136345,122070893
1910,0.634303689980668,390481329
1911,0.9255304502417308,569762350
1912,0.27500610530910896,169295483
1913,0.7955172119337787,489725385
1914,0.6490516140290357,399560244
1915,0.9088566292578041,559497841
1916,0.3305166642806667,203468131
1917,0.8828888416646566,543511908
1918,0.412550578365503,253968723
1919,0.9669868686366101,595283181
1920,0.1273738254386841,78412125
1921,0.44348743878688096,273013648
1922,0.9847572583962825,606222744
1923,0.059891497724158096,36869581
1924,0.2246549798358159,138299014
1925,0.6949986282844323,427845514
1926,0.8457823845190874,520668940
1927,0.5204338247996131,320382326
1928,0.9958340106281944,613041662
1929,0.016553049278394686,10190160
1930,0.06495339289354707,39985716
1931,0.24233045408420267,149180147
1932,0.7325895563791119,450986725
1933,0.781649372070838,481188255
1934,0.6809877885362897,419220353
1935,0.8668012473989657,533608284
1936,0.46067281117718545,283593071
1937,0.991328955154986,610268322
1938,0.03429747272697601,21113739
1939,0.13215341280515822,81354469
1940,0.4576086642735395,281706763
1941,0.9903298688747528,609653278
1942,0.03821071256017811,23522754
1943,0.14663510948322803,90269493
1944,0.4992816840587783,307360936
1945,0.9974979412486121,614065988
1946,0.00995823582903597,6130352
1947,0.039337686779155,24216526
1948,0.1507830303803002,92822979
1949,0.5109095574372383,314519127
1950,0.9970251164105292,613774915
1951,0.011834474291828769,7285376
1952,0.046660733845158606,28724640
1953,0.17748920395113763,109263467
1954,0.5824872778633972,358582821
1955,0.97035143747284,597354430
1956,0.1147904058162599,70665693
1957,0.4054381385097051,249590260
1958,0.9618216368624463,592103432
1959,0.14651589514550636,90196103
1960,0.4989454605847172,307153954
1961,0.9974955629070202,614064524
1962,0.009967677902430003,6136165
1963,0.03937460996565702,24239256
1964,0.15091875772228053,92906533
1965,0.511287722296478,314751928
1966,0.9969916234281769,613754296
1967,0.011967311706478445,7367152
1968,0.04717813967642373,29043158
1969,0.17935992762425138,110415096
1970,0.58728787650763,361538100
1971,0.967099498193007,595352516
1972,0.1269540545634858,78153712
1973,0.4422385231475753,272244808
1974,0.9841878110493889,605872189
1975,0.062093032888493056,38224860
1976,0.2323675777392543,143046938
1977,0.7117078173538351,438131796
1978,0.818667402284388,503976787
1979,0.5923198360180671,364635806
1980,0.963493421031613,593132593
1981,0.14034365615504377,86396434
1982,0.4813827841849937,296342261
1983,0.996117063108437,613215911
1984,0.015432760173710161,9500503
1985,0.060626414447652315,37322000
1986,0.2272339007523065,139886614
1987,0.7006386338537778,431317537
1988,0.8368791130351059,515188030
1989,0.5446847281707147,335311334
1990,0.9895330675225543,609162762
1991,0.0413259294498135,25440501
1992,0.15807620704964095,97312704
1993,0.5310215980596156,326900226
1994,0.9936602652107723,611703491
1995,0.025135174782599405,15473371
1996,0.09776855710727786,60186936
1997,0.3519573667302709,216667162
1998,0.9100526811509124,560234138
1999,0.32660862673698315,201062319
2000,0.877542372395081,540220588
2001,0.4287724106147129,263954985
2002,0.9772572557363403,601605695
2003,0.08867979226959989,54591836
2004,0.32245458998335585,198505068
2005,0.8717257332542667,536639828
2006,0.4461617171539452,274659951
2007,0.9859347428077512,606947611
2008,0.05533102867213523,34062128
2009,0.20855532869349214,128387968
2010,0.6585894142324961,405431774
2011,0.8971490967966412,552290610
2012,0.3681676537053123,226646316
2013,0.9281547275570459,571377871
2014,0.2660672817895018,163792687
2015,0.779149178569084,479649121
2016,0.6865821870557806,422664300
2017,0.8585964790191921,528557377
2018,0.48442017528780207,298212098
2019,0.9965315035571294,613471043
2020,0.013791299241432678,8490010
2021,0.054268386233597095,33407958
2022,0.20478008067190093,126063902
2023,0.6497523449353236,399991618
2024,0.9080211983936237,558983544
2025,0.3332396196291103,205144399
2026,0.8865419923988392,545760810
2027,0.4013352995682195,247064527
2028,0.958658454785941,590156157
2029,0.15813336319495785,97347890
2030,0.5311775385320415,326996224
2031,0.9936215647534216,611679667
2032,0.025287625733430748,15567221
2033,0.09834616525560474,60542516
2034,0.3538100461701369,217807683
2035,0.9122277046228978,561573096
2036,0.3194725949699343,196669333
2037,0.8674653255721113,534017095
2038,0.4587272456637071,282395369
2039,0.9907032734004892,609883148
2040,0.03674908692143836,22622968
2041,0.14124038021219695,86948463
2042,0.4839532254867469,297924640
2043,0.9964725791006062,613434769
2044,0.014024763022757517,8633732
2045,0.05517399548920291,33965457
2046,0.20799800458673173,128044876
2047,0.6572919903519319,404633071
2048,0.8987843267867998,553297268
2049,0.3629745322297036,223449398
2050,0.9225838445175027,567948401
2051,0.2849773484677002,175433843
2052,0.8130233847187965,500502294
2053,0.6065452788705613,373393077
2054,0.9522059331660734,586183944
2055,0.1815840780975091,111784297
2056,0.5929590897091573,365029334
2057,0.963020844485375,592841671
2058,0.1420906733124804,87471909
2059,0.48638464634164463,299421438
2060,0.9967603423575843,613611918
2061,0.012884357420494947,7931691
2062,0.05074621950987998,31239691
2063,0.19220245245418688,118321035
2064,0.6194900722018839,381361973
2065,0.9405312693543025,578996948
2066,0.22316948087713695,137384532
2067,0.691725806091843,425830744
2068,0.8508324489609478,523777792
2069,0.5063972050966953,311741295
2070,0.9973367123101339,613966735
2071,0.01059821640830305,6524328
2072,0.041838717926890645,25756177
2073,0.15995207604040765,98467501
2074,0.5361259635489776,330042505
2075,0.9922927098830552,610861615
2076,0.030515072306032284,18785269
2077,0.11803977164607773,72666023
2078,0.41538447198372,255713286
2079,0.9689324475499193,596480891
2080,0.1201084149430205,73939493
2081,0.42167271057555394,259584365
2082,0.973020694568362,598997642
2083,0.10474317581515676,64480555
2084,0.37415045131189456,230329364
2085,0.9343059454690509,575164599
2086,0.24489959946363288,150761729
2087,0.7378459047282784,454222566
2088,0.771783009159907,475114461
2089,0.7027746437686236,432632478
2090,0.833440950939586,513071476
2091,0.5538803576236533,340972222
2092,0.9859166591787656,606936479
2093,0.05540115132686399,34105296
2094,0.20880413639650244,128541135
2095,0.6591678263906509,405787848
2096,0.8964157561378818,551839161
2097,0.3704896476596693,228075750
2098,0.9305760038603668,572868424
2099,0.25777117654955334,158685553
2100,0.7633875363883512,469946155
2101,0.7207017526443471,443668519
2102,0.8031500381550567,494424200
2103,0.6308192169226848,388336266
2104,0.9292164666101049,572031484
2105,0.2624351669150394,161556734
2106,0.772316170824446,475442678
2107,0.7016171733989693,431919932
2108,0.8353085564085337,514221186
2109,0.5488970062769084,337904439
2110,0.9879602402808524,608194520
2111,0.04746026758116069,29216838
2112,0.18037908442331843,111042495
2113,0.5898914566004361,363140880
2114,0.9652589088607051,594219438
2115,0.13380124942572702,82368888
2116,0.46243491556058725,284677834
2117,0.9918695690799286,610601127
2118,0.03217666478237004,19808156
2119,0.12425389483315359,76491476
2120,0.43417130916326135,267278581
2121,0.9802096680162572,603423219
2122,0.07740071222742705,47648363
2123,0.28492526947671515,175401782
2124,0.8129340125584423,500447276
2125,0.6067684920984499,373530489
2126,0.9520159514891429,586066990
2127,0.18226950260146574,112206248
2128,0.5946988507812913,366100342
2129,0.961718189366204,592039749
2130,0.14689709129749276,90430770
2131,0.5000201601046571,307815546
2132,0.9974999983783451,614067255
2133,0.0099500689380509,6125324
2134,0.03930574961405395,24196865
2135,0.1506656225687117,92750702
2136,0.5105823160513299,314317676
2137,0.9970531782020893,613792190
2138,0.011723170776416316,7216857
2139,0.04622709479301955,28457689
2140,0.17591970049506678,108297270
2141,0.5784381182964432,356090133
2142,0.9729513717764717,598954966
2143,0.10500482973966695,64641631
2144,0.37497547372933193,230837253
2145,0.9351317826448722,575672990
2146,0.24203472361185993,148998093
2147,0.7319811255501821,450612171
2148,0.7827771819799979,481882542
2149,0.6784478907522901,417656776
2150,0.8704438376413745,535850685
2151,0.44995773898258873,276996806
2152,0.9875081307279385,607916198
2153,0.04921993167186329,30300098
2154,0.18672134669234078,114946832
2155,0.6059073766731404,373000381
2156,0.9527466739891921,586516828
2157,0.17963159227497957,110582334
2158,0.587982692493623,361965833
2159,0.9666135928280746,595053390
2160,0.1287643024024226,79268112
2161,0.44761438674866794,275554223
2162,0.9865504326218847,607326633
2163,0.05294201929667283,32591439
2164,0.20005525593895956,123155270
2165,0.6385322705355262,393084470
2166,0.9209271519808845,566928530
2167,0.2905531275737929,178866327
2168,0.8224667104472119,506315665
2169,0.5826007304068825,358652663
2170,0.9702767061516355,597308425
2171,0.11507088040816134,70838355
2172,0.40629999583210535,250120825
2173,0.9624690337835566,592501973
2174,0.14412834723730117,88726314
2175,0.49218791337218104,302993966
2176,0.9972564954970526,613917353
2177,0.010916550967098766,6720297
2178,0.04308154572950519,26521269
2179,0.16448984932677638,101260982
2180,0.5483574257929709,337572270
2181,0.9881696218890026,608323417
2182,0.046644776856345486,28714817
2183,0.17743147617698524,109227929
2184,0.5823386942801783,358491352
2185,0.9704491543026991,597414586
2186,0.11442359693134221,70439883
2187,0.40431004121257746,248895797
2188,0.9609652928311728,591576261
2189,0.14966888523223365,92137104
2190,0.5077997590020408,312604716
2191,0.9972572634004453,613917826
2192,0.01091350384204568,6718421
2193,0.04306965311098198,26513948
2194,0.16444648578660784,101234288
2195,0.5482413180051809,337500793
2196,0.9882143731961208,608350966
2197,0.04647043596082827,28607491
2198,0.17680062882433095,108839575
2199,0.580713244221892,357490715
2200,0.9715066351066372,598065577
2201,0.11044915727116195,67993193
2202,0.39201806230771585,241328777
2203,0.9509762055175565,585426916
2204,0.18601564360737685,114512396
2205,0.6041411575234338,371913085
2206,0.9542269310456207,587428083
2207,0.17427480150037888,107284660
2208,0.574173349298906,353464715
2209,0.9755482738725921,600553636
2210,0.09517681847502446,58591446
2211,0.3436115848829869,211529446
2212,0.8999152278325833,553993458
2213,0.359370564084976,221230773
2214,0.9185912133993464,565490512
2215,0.2983777702988029,183683226
2216,0.8353004211963678,514216178
2217,0.548918773906698,337917840
2218,0.9879517447022669,608189290
2219,0.04749334841963494,29237203
2220,0.18049854379934915,111116035
2221,0.5901960897477978,363328414
2222,0.9650400149228868,594084685
2223,0.1346137602368796,82869075
2224,0.46480665420915235,286137891
2225,0.9925580993640629,611024991
2226,0.02947220981593907,18143277
2227,0.11412835867137229,70258133
2228,0.40340127490922006,248336354
2229,0.9602680583802354,591147039
2230,0.15223172459520387,93714804
2231,0.5149383342216758,316999268
2232,0.9966096162210194,613519130
2233,0.01348176741647918,8299460
2234,0.05306703736159049,32668401
2235,0.20050119835994368,123429795
2236,0.6395988665865192,393741073
2237,0.9197435042265593,566199869
2238,0.29452340873183763,181310457
2239,0.8290396880588581,510362031
2240,0.5655142058916962,348134092
2241,0.980374476417258,603524676
2242,0.07676904600331272,47259506
2243,0.28279348272042537,174089441
2244,0.8092571021165986,498183747
2245,0.6158965787138704,379149796
2246,0.9439062523392545,581074609
2247,0.2112594841451312,130052663
2248,0.6648493688704185,409285441
2249,0.8890704954762687,547317373
2250,0.3935103567039046,242247443
2251,0.9522532239239747,586213057
2252,0.18141341558698104,111679236
2253,0.5925253270458649,364762307
2254,0.9633418647816725,593039294
2255,0.14090412219916287,86741461
2256,0.48299010068032056,297331735
2257,0.9963455466672861,613356567
2258,0.01452798223117597,8943516
2259,0.057124510654231755,35166207
2260,0.21490659073761784,132297845
2261,0.6731997745006559,414426003
2262,0.8778073340705586,540383700
2263,0.4279738571067645,263463390
2264,0.9768008166122937,601324709
2265,0.09041731529862108,55661466
2266,0.3281456773273152,202008537
2267,0.8796597061970638,541524032
2268,0.4223754448865332,260016973
2269,0.9734579694893111,599266831
2270,0.10309182899696377,63463976
2271,0.36893097612618797,227116222
2272,0.9289554348132567,571870792
2273,0.2633289674272378,162106963
2274,0.7740074211403608,476483823
2275,0.6979305333084358,429650413
2276,0.8411857808971105,517839242
2277,0.5330331290253794,328138537
2278,0.9931461614233027,611387005
2279,0.027159385259112892,16719487
2280,0.1054227946753253,64898933
2281,0.37629222786229627,231647855
2282,0.9364385845797768,576477466
2283,0.23749023394110405,146200477
2284,0.7225436046675779,444802374
2285,0.7998926326460275,492418921
2286,0.6386569914496929,393161249
2287,0.920789212501258,566843614
2288,0.29101639018385883,179151515
2289,0.8232401448045774,506791796
2290,0.5806080770589962,357425973
2291,0.9715743282722752,598107250
2292,0.11019443512906424,67836385
2293,0.3912259701666463,240841161
2294,0.9502911596309127,585005198
2295,0.1884791075174091,116028920
2296,0.6102893868519318,375697974
2297,0.9489666420798216,584189816
2298,0.1932315276552817,118954540
2299,0.6220134864573983,382915403
2300,0.938099709398816,577500064
2301,0.23169389205244503,142632213
2302,0.7102672114277596,437244950
2303,0.8210929221955915,505469952
2304,0.5861283479104243,360824287
2305,0.9679018116680215,595846425
2306,0.12396089960475563,76311107
2307,0.433292433946002,266737539
2308,0.9797449015182944,603137106
2309,0.07918086957413598,48744239
2310,0.2909159252758024,179089668
2311,0.8230725602899374,506688630
2312,0.5810402419429421,357692017
2313,0.9712955919514594,597935658
2314,0.11124305537842258,68481922
2315,0.3944834716538982,242846499
2316,0.9530763863606874,586719801
2317,0.17843993460814117,109848742
2318,0.5849305061372821,360086888
2319,0.9687193684177877,596349719
2320,0.12090559314342045,74430241
2321,0.424086848453332,261070523
2322,0.974506401754788,599912253
2323,0.09912626202795775,61022748
2324,0.35630798235524647,219345428
2325,0.9151168902200677,563351697
2326,0.30993509014154086,190797985
2327,0.8533625668615782,525335348
2328,0.49928823640057685,307364969
2329,0.9974979786363883,614066011
2330,0.009958087398303693,6130261
2331,0.03933710633574904,24216169
2332,0.15078089661950728,92821665
2333,0.5109036111581577,314515467
2334,0.9970256339422098,613775233
2335,0.01183242162533451,7284112
2336,0.04665273754102116,28719717
2337,0.17746027588758953,109245658
2338,0.5824128242142657,358536987
2339,0.9704004243560639,597384587
2340,0.11460652865488374,70552497
2341,0.40487277025579865,249242216
2342,0.961393732543164,591840011
2343,0.14809213604385027,91166447
2344,0.5033818125904219,309885001
2345,0.9974543677409772,614039164
2346,0.010131216541544336,6236840
2347,0.04001401422180137,24632878
2348,0.15326744262175881,94352398
2349,0.5178083692792393,318766079
2350,0.996234619314621,613288280
2351,0.014967298348756033,9213962
2352,0.058825680532292486,36213457
2353,0.22090722717039857,135991874
2354,0.6867078243755951,422741643
2355,0.8584093513845585,528442180
2356,0.4849555199919992,298541659
2357,0.9965969178489426,613511313
2358,0.013532089719893095,8330439
2359,0.05326239934814638,32788667
2360,0.2011978094936616,123858633
2361,0.6412618312849693,394764805
2362,0.9178799291378474,565052641
2363,0.30075169564675297,185144630
2364,0.8390974517172999,516553654
2365,0.5387015437729457,331628049
2366,0.9915237401332674,610388233
2367,0.0335336074127629,20643499
2368,0.1293123273007319,79605479
2369,0.4492366907421131,276552924
2370,0.9872181148684208,607737663
2371,0.050347849090808576,30994451
2372,0.1907736432991236,117441451
2373,0.6159724506827944,379196504
2374,0.9438360588236812,581031397
2375,0.21150811602256878,130205722
2376,0.665422007187818,409637961
2377,0.8883158825564345,546852828
2378,0.39585099366412546,243688354
2379,0.9542204080722073,587424068
2380,0.1742984453539627,107299216
2381,0.574234804231606,353502547
2382,0.9755118834243736,600531233
2383,0.09531491040159783,58676456
2384,0.3440576132443655,211804024
2385,0.9004710683316949,554335637
2386,0.3575954644827912,220138010
2387,0.9165865835738709,564256449
2388,0.3050579173611386,187795567
2389,0.8458703618215292,520723100
2390,0.5201910343256435,320232863
2391,0.9958733653101142,613065889
2392,0.016397326248328035,10094296
2393,0.06435253122153337,39615821
2394,0.24024301895819059,147895109
2395,0.7282799800921799,448333723
2396,0.7895741202495647,486066780
2397,0.6629258472379456,408101309
2398,0.8915861215241726,548866008
2399,0.38567463462432716,237423724
2400,0.9453495462185585,581963109
2401,0.2061384889148669,126900146
2402,0.6529451950880212,401957157
2403,0.9041649915249537,556609639
2404,0.3457361319062802,212837331
2405,0.9025486094130462,555614584
2406,0.35093892206789506,216040201
2407,0.9088453722324186,559490911
2408,0.3305533918004991,203490741
2409,0.8829385094090426,543542484
2410,0.4123988110662065,253875294
2411,0.9668808664725695,595217925
2412,0.12776880352207254,78655276
2413,0.4446613061107562,273736288
2414,0.985281139544944,606545249
2415,0.05786384025182273,35621342
2416,0.21751730881010575,133905019
2417,0.6791120814206782,418065656
2418,0.8694962605337178,535267351
2419,0.4527553286718799,278719020
2420,0.9885940847140806,608584719
2421,0.04499052332581518,27696448
2422,0.171435840785371,105536978
2423,0.5667619171855398,348902190
2424,0.9797159571907074,603119288
2425,0.07929167566224764,48812452
2426,0.29128797827335307,179318706
2427,0.8236927750272348,507070438
2428,0.5794397197067201,356706725
2429,0.9723204304223418,598566555
2430,0.10738450991255843,66106577
2431,0.38245377700415834,235440943
2432,0.9423697129830535,580128705
2433,0.21669305777081058,133397605
2434,0.6772513341741394,416920169
2435,0.8721420384886154,536896108
2436,0.4449261097262563,273899303
2437,0.9853977977743615,606617064
2438,0.05741202188404208,35343200
2439,0.21592236769264117,132923163
2440,0.6755065963023538,415846097
2441,0.8745977642709069,538407869
2442,0.43760929486292005,269395026
2443,0.9819685256508669,604505983
2444,0.07064829772489933,43491535
2445,0.26197189185635855,161271539
2446,0.7714370527369002,474901488
2447,0.703524486342006,433094086
2448,0.8322253560022982,512323148
2449,0.5571089881882935,342959787
2450,0.9844868682377564,606056290
2451,0.06093717327563161,37513306
2452,0.22832309841334097,140557131
2453,0.7030047279656484,432774119
2454,0.8330684308901365,512842151
2455,0.5548710271740858,341582084
2456,0.9854867898036744,606671848
2457,0.05706728193523013,35130976
2458,0.21470432299834277,132173327
2459,0.6727394429698227,414142620
2460,0.8784427285214769,540774853
2461,0.42605659390458683,262283111
2462,0.9756841670530852,600637292
2463,0.09466104712789983,58273934
2464,0.34194432980535194,210503074
2465,0.8978234364260894,552705738
2466,0.36602868858624743,225329556
2467,0.9258862339951367,569981372
2468,0.27379745361682434,168551429
2469,0.7933413079589714,488385885
2470,0.6541639994092304,402707460
2471,0.9026715105317417,555690243
2472,0.350544061878281,215797123
2473,0.9083750610150262,559201384
2474,0.3320869400684848,204434803
2475,0.8850027651746972,544813252
2476,0.40607375452326944,249981550
2477,0.9622996630384734,592397708
2478,0.1447532960025108,89111036
2479,0.49396111940269194,304085563
2480,0.9973544923653146,613977680
2481,0.01052765060692051,6480887
2482,0.04156310852668028,25586510
2483,0.15894410997975592,97846991
2484,0.5333867107311717,328356204
2485,0.9930524569107468,611329320
2486,0.02752810618976177,16946474
2487,0.10681353514187421,65755082
2488,0.3806635713709556,234338882
2489,0.9406776790402392,579087079
2490,0.22265470095087447,137067630
2491,0.690587544530451,425130023
2492,0.8525687876007149,524846692
2493,0.5015240475389504,308741349
2494,0.9974907323436051,614061551
2495,0.009986855216571729,6147970
2496,0.03944960057842531,24285421
2497,0.15119438507458577,93076211
2498,0.5120552255560495,315224408
2499,0.9969201394318034,613710290
2500,0.012250796358037684,7541667
2501,0.04828185024305998,29722609
2502,0.1833433455888652,112867313
2503,0.5974169672364171,367773632
2504,0.9596346386328909,590757102
2505,0.15455663588555912,95146034
2506,0.5213688399352983,320957927
2507,0.9956780569924802,612945656
2508,0.01717002262647644,10569973
2509,0.06733209966843608,41450062
2510,0.25056596721047675,154249980
2511,0.7492528265125566,461244739
2512,0.7496133836172504,461466700
2513,0.7488957032893981,461024892
2514,0.7503232062474628,461903671
2515,0.7474797867318209,460153244
2516,0.753127483085098,463630002
2517,0.7418466444549436,456685447
2518,0.7641257002578775,470400573
2519,0.7191480817085105,442712069
2520,0.8058767319510852,496102770
2521,0.6241933051551867,384257313
2522,0.9359583315889765,576181819
2523,0.23916192914144266,147229583
2524,0.726034368155237,446951310
2525,0.7936447730065245,488572700
2526,0.6534532616709274,402269926
2527,0.90354386496539,556227270
2528,0.3477378727046925,214069615
2529,0.9049968159201153,557121716
2530,0.3430505405873274,211184064
2531,0.8992138000883787,553561655
2532,0.36160708385779405,222607588
2533,0.9210811290390089,567023320
2534,0.290035824241262,178547872
2535,0.8216010291428357,505782746
2536,0.5848253844365331,360022174
2537,0.9687905700792255,596393551
2538,0.12063925160513099,74266279
2539,0.42328083608336675,260574337
2540,0.9740155378528518,599610074
2541,0.10098398679754587,62166375
2542,0.3622370226199957,222995383
2543,0.9217752346329517,567450615
2544,0.28770154928677083,177110878
2545,0.8176681776208028,503361658
2546,0.5948568464190417,366197605
2547,0.961598692962863,591966186
2548,0.1473373201533562,90701778
2549,0.5012598466311007,308578705
2550,0.9974936670179998,614063357
2551,0.00997520459516433,6140798
2552,0.039404042554911284,24257375
2553,0.15102694230111569,92973132
2554,0.5115890419511617,314937422
2555,0.9969641194855504,613737364
2556,0.012076389136366765,7434300
2557,0.047602894347557295,29304640
2558,0.18089406660119745,111359521
2559,0.5912038990460192,363948828
2560,0.9643105767072261,593635639
2561,0.13731859654763445,84534189
2562,0.4726641763633916,290975031
2563,0.9945184834569718,612231816
2564,0.021751363382472657,13390275
2565,0.08490018387817039,52265085
2566,0.30999164919593675,190832803
2567,0.853448338232633,525388149
2568,0.4990463460803552,307216060
2569,0.9974963712713644,614065022
2570,0.009964468681580881,6134189
2571,0.03936206040144395,24231531
2572,0.15087262752356415,92878135
2573,0.5111592103729231,314672815
2574,0.997003133375173,613761382
2575,0.011921662806887433,7339050
2576,0.047000351683597175,28933711
2577,0.1787173613146093,110019528
2578,0.5856420896566172,360524943
2579,0.9682350755921992,596051585
2580,0.1227160968008182,75544798
2581,0.42955085698329376,264434201
2582,0.9776973038103646,601876592
2583,0.08700309086990993,53559648
2584,0.31693987666547857,195110175
2585,0.8637910750665518,531755203
2586,0.4694476542706706,288994920
2587,0.9937755511400378,611774462
2588,0.024680963334444167,15193755
2589,0.09604653539947869,59126849
2590,0.3464181777645692,213257202
2591,0.9033863692765898,556130314
2592,0.3482449539565845,214381777
2593,0.9056119199414399,557500377
2594,0.3410610919016618,209959347
2595,0.8967063097351069,552018028
2596,0.3695701742272502,227509717
2597,0.9296223615900717,572281356
2598,0.26104425942286097,160700483
2599,0.7696716146404717,473814673
2600,0.7073361088262317,435440545
2601,0.8259768345274202,508476519
2602,0.5735190223724168,353061907
2603,0.9759338638641224,600791007
2604,0.09371295933719437,57690285
2605,0.3388740539519443,208612993
2606,0.893913333745375,550298654
2607,0.3783808191354433,232933605
2608,0.9384830116348787,577736028
2609,0.23035326754535135,141806916
2610,0.7073896523093592,435473506
2611,0.8258882331388623,508421976
2612,0.5737494694115058,353203771
2613,0.9757984528884703,600707647
2614,0.09422717059346292,58006837
2615,0.3405401595524993,209638658
2616,0.8960445115449859,551610621
2617,0.3716634920516233,228798376
2618,0.9317836655031888,573611868
2619,0.25361583615647515,156127499
2620,0.7552864267904373,464959061
2621,0.737467072783317,453989355
2622,0.7725014634814541,475556746
2623,0.7012143800778583,431671970
2624,0.835955965267034,514619735
2625,0.547163021711967,336836987
2626,0.9886248410381563,608603652
2627,0.04487060123454163,27622623
2628,0.17100034921377563,105268887
2629,0.5656193268323443,348198805
2630,0.9803194747448193,603490817
2631,0.07697987670163503,47389294
2632,0.2835053613856981,174527678
2633,0.8104889850905387,498942102
2634,0.6128503946484145,377274546
2635,0.9466865058265115,582786150
2636,0.20137995039488268,123970760
2637,0.6416960032356108,395032084
2638,0.9173897482415445,564750882
2639,0.30238533427081177,186150308
2640,0.8416842911160773,518146128
2641,0.5316748623659698,327302379
2642,0.9934968453454466,611602889
2643,0.02577884590002861,15869619
2644,0.10020604504632384,61687469
2645,0.3597575263941669,221468989
2646,0.9190248739016996,565757476
2647,0.29692843865614227,182791009
2648,0.8329601444837377,512775489
2649,0.5551587933196205,341759235
2650,0.9853604550028984,606594076
2651,0.05755666259032407,35432242
2652,0.21643313379533277,133237594
2653,0.6766634312395489,416558252
2654,0.8729722279300501,537407178
2655,0.44245795159965,272379890
2656,0.9842887615369081,605934335
2657,0.06170293784170042,37984715
2658,0.23100378436058067,142207378
2659,0.7087877335269674,436334174
2660,0.8235666524914015,506992796
2661,0.5797654393680794,356907240
2662,0.9721135239828448,598439182
2663,0.10816419368527438,66586556
2664,0.3848941565498584,236943256
2665,0.9446350727664896,581523275
2666,0.20867561174309457,128462015
2667,0.6588691022188919,405603951
2668,0.8967948273570515,552072520
2669,0.36928992128092386,227337191
2670,0.9293303525317992,572101593
2671,0.26204503909573496,161316569
2672,0.7715759719583883,474987007
2673,0.7032235009048782,432908797
2674,0.8327138326330603,512623858
2675,0.5558130072427335,342161973
2676,0.9850707838078652,606415752
2677,0.05867827543713309,36122714
2678,0.22038819036113957,135672352
2679,0.6855507712828219,422029354
2680,0.8601279359926362,529500152
2681,0.4800284001735582,295508493
2682,0.9959085294494863,613087537
2683,0.016258174372799562,10008634
2684,0.0638154460940642,39285188
2685,0.23837470938618036,146744966
2686,0.7243933071718254,445941063
2687,0.7965940983489984,490388323
2688,0.6465074438899332,397994037
2689,0.911856919850504,561344839
2690,0.3206917715093096,197419865
2691,0.8692157511901661,535094668
2692,0.4535821190015945,279227997
2693,0.9889030674912352,608774930
2694,0.0437854244846661,26954581
2695,0.16705436173858118,102839712
2696,0.5551973358311589,341782962
2697,0.9853434839273977,606583628
2698,0.057622393410771335,35472706
2699,0.21666519222165867,133380451
2700,0.6771883329378294,416881385
2701,0.8722311357361445,536950957
2702,0.444661486538434,273736400
2703,0.9852812192221778,606545298
2704,0.05786353169824402,35621153
2705,0.21751622015662483,133904349
2706,0.6791096273603442,418064145
2707,0.8694997681334863,535269510
2708,0.4527449861837065,278712653
2709,0.9885901850401955,608582318
2710,0.045005728018726335,27705808
2711,0.17149104773228074,105570964
2712,0.5669066544370618,348991292
2713,0.979638763372238,603071767
2714,0.07958716011629369,48994354
2715,0.2922796458030594,179929183
2716,0.8253404952646671,508084785
2717,0.5751727129423551,354079929
2718,0.9749527622832563,600187035
2719,0.09743529566202336,59981779
2720,0.35088721869689704,216008372
2721,0.9087838600236915,559453044
2722,0.3307540655786827,203614277
2723,0.8832096965906021,543709428
2724,0.4115698104713653,253364956
2725,0.9662986053039198,594859482
2726,0.12993678665956085,79989900
2727,0.451082340347273,277689117
2728,0.987952179670659,608189558
2729,0.04749165471506531,29236160
2730,0.18049242781548638,111112270
2731,0.5901804961538638,363318815
2732,0.9650512376726375,594091594
2733,0.1345721118932008,82843436
2734,0.46468520978928063,286063129
2735,0.9925239337135678,611003958
2736,0.029606497130058997,18225945
2737,0.11463251030640977,70568492
2738,0.4049526725701699,249291405
2739,0.9614543621383022,591877335
2740,0.14786888793749545,91029014
2741,0.5027546828713192,309498936
2742,0.997469722771891,614048617
2743,0.010070260951778858,6199315
2744,0.03977571467660633,24486179
2745,0.15239249272230043,93813774
2746,0.5153843933278944,317273865
2747,0.9965556485633114,613485907
2748,0.013695626640678199,8431113
2749,0.053897145241873404,33179420
2750,0.20345904947683274,125250666
2751,0.6466332240046377,398071468
2752,0.911709803495843,561254273
2753,0.32117520044460335,197717467
2754,0.8699065473452492,535519926
2755,0.4515448934621565,277973868
2756,0.988131889575121,608300188
2757,0.04679176093548933,28805301
2758,0.17796314525574092,109555228
2759,0.5837061341038358,359333157
2760,0.9695431996224289,596856874
2761,0.1178214429164444,72531619
2762,0.41471880651707044,255303498
2763,0.9684812009721274,596203101
2764,0.1217962036994955,74978506
2765,0.42677793497090716,262727173
2766,0.9761077314795725,600898041
2767,0.0930524978212473,57283701
2768,0.3367309845771916,207293706
2769,0.8911394821254385,548591054
2770,0.38706952303534875,238282426
2771,0.9466143624164203,582741738
2772,0.2016370890206639,124129056
2773,0.6423084976742277,395409139
2774,0.9166956830439204,564323611
2775,0.3046951838529171,187572266
2776,0.8453055548711191,520375401
2777,0.5217486543628427,321191744
2778,0.9956127141732883,612905431
2779,0.017428469823647725,10729075
2780,0.06832762587038316,42062915
2781,0.2539992560390675,156363535
2782,0.7560396995429642,465422780
2783,0.7359302523092149,453043279
2784,0.7754042950207877,477343747
2785,0.6948683723935708,427765328
2786,0.8459850065883157,520793676
2787,0.5198745571121719,320038038
2788,0.9959239578985841,613097034
2789,0.016197117648991417,9971047
2790,0.06357973640513602,39140084
2791,0.23755404055991988,146239757
2792,0.7226772523105676,444884649
2793,0.7996552168006291,492272766
2794,0.6392249366662301,393510880
2795,0.920159503871034,566455961
2796,0.29312930531431797,180452238
2797,0.8267460175642507,508950033
2798,0.5715157896235504,351828704
2799,0.9770931124197351,601504648
2800,0.08930482670578366,54976611
2801,0.3245046037850061,199767069
2802,0.8746134499702959,538417525
2803,0.43756240477439695,269366160
2804,0.9819451713427507,604491606
2805,0.07073811875943253,43546829
2806,0.2622796068820977,161460971
2807,0.7720211686365213,475261073
2808,0.7022578904163489,432314361
2809,0.8342760655996696,513585578
2810,0.5516554527491495,339602556
2811,0.9868535396631087,607513228
2812,0.05176478736083222,31866727
2813,0.195849924659777,120566441
2814,0.6283959993654413,386844518
2815,0.9317227247143289,573574353
2816,0.2538258009712907,156256755
2817,0.755699072292968,465213088
2818,0.736625757869777,453471436
2819,0.7740929203430891,476536456
2820,0.6977435533610101,429535307
2821,0.8414809735456038,518020965
2822,0.5322290713783231,327643554
2823,0.9933555349627828,611515897
2824,0.026335261325129578,16212152
2825,0.1023104441909062,62982951
2826,0.366453638629459,225591158
2827,0.9263398237651086,570260605
2828,0.2722550751410252,167601931
2829,0.79054767431191,486666106
2830,0.6606723753182419,406714057
2831,0.8944957073602802,550657167
2832,0.37654881612850566,231805812
2833,0.9366916227508988,576633237
2834,0.2366087022105549,145657801
2835,0.7206938467526794,443663652
2836,0.8031639617619643,494432772
2837,0.6307855330322732,388315530
2838,0.9292516259543621,572053129
2839,0.2623147360459904,161482596
2840,0.7720878040434601,475302094
2841,0.7021132252943225,432225305
2842,0.8345094742028945,513729266
2843,0.5510326125573274,339219132
2844,0.987108733097739,607670327
2845,0.05077307773826331,31256225
2846,0.19229873753783785,118380308
2847,0.6197265329859746,381507540
2848,0.9403055736236419,578858008
2849,0.22396269732546323,137872841
2850,0.693475596053343,426907926
2851,0.8481431029898966,522122213
2852,0.5138975555638594,316358558
2853,0.9967293632179043,613592847
2854,0.013007159471369918,8007288
2855,0.05122351336268652,31533516
2856,0.1939126635154621,119373851
2857,0.6236790643507671,383940743
2858,0.9364669212748621,576494910
2859,0.23739154026504494,146139721
2860,0.7223368195337816,444675076
2861,0.8002596913316146,492644885
2862,0.6377780298681598,392620155
2863,0.9217586857977375,567440428
2864,0.28775724770711986,177145166
2865,0.8177625262555811,503419740
2866,0.5946176378616078,366050347
2867,0.9617795353959037,592077514
2868,0.14667104615127802,90291615
2869,0.49938301498494914,307423316
2870,0.9974984811246699,614066321
2871,0.009956092501799492,6129032
2872,0.03932930520834147,24211366
2873,0.1507522187310807,92804011
2874,0.510823689242161,314466266
2875,0.9970325625272446,613779498
2876,0.011804940832526773,7267195
2877,0.04654568097582459,28653813
2878,0.1770729304277022,109007206
2879,0.5814152498724189,357922874
2880,0.9710525127819644,597786017
2881,0.11215702550517125,69044568
2882,0.39731553026866445,244589932
2883,0.9554290397072179,588168109
2884,0.16991171526753165,104598717
2885,0.5627564798866839,346436418
2886,0.9817858806866067,604393545
2887,0.07135063703241294,43923899
2888,0.2643762972736524,162751706
2889,0.7759810681469679,477698812
2890,0.6935994555975902,426984175
2891,0.8479518106613437,522004452
2892,0.5144288544553948,316685629
2893,0.9966693145548292,613555881
2894,0.013245171998748105,8153810
2895,0.05214825229571202,32102791
2896,0.197220960192077,121410460
2897,0.6317161636814388,388888432
2898,0.9282769003779273,571453082
2899,0.26564979744467293,163535681
2900,0.7783691304234859,479168918
2901,0.6883174026368166,423732510
2902,0.8560008578978512,526959496
2903,0.4918209228122159,302768044
2904,0.9972330797584615,613902938
2905,0.011009464931722553,6777495
2906,0.04344414388842251,26744487
2907,0.16581143349839594,102074558
2908,0.5518888280582158,339746223
2909,0.9867571225957523,607453873
2910,0.052139339373191936,32097304
2911,0.19718910636504702,121390850
2912,0.6316391951570447,388841050
2913,0.928357777970638,571502870
2914,0.2653733600677098,163365504
2915,0.777851855937993,478850481
2916,0.689465401145733,424439225
2917,0.8542704184570591,525894227
2918,0.4967249577189784,305786999
2919,0.9974572036512496,614040910
2920,0.01011995883656206,6229910
2921,0.03997000562613632,24605786
2922,0.15310589306276798,94252948
2923,0.5173612695031587,318490842
2924,0.9962973594217424,613326903
2925,0.014718834813713475,9061007
2926,0.05786374095460597,35621281
2927,0.21751695846500343,133904803
2928,0.6791112916680982,418065170
2929,0.869497389335972,535268046
2930,0.45275200030286555,278716971
2931,0.9885928298332322,608583946
2932,0.04499541607586144,27699460
2933,0.171453606146006,105547915
2934,0.5668084956712897,348930864
2935,0.9796911333754957,603104006
2936,0.07938670207812011,48870951
2937,0.29160696990900686,179515079
2938,0.8242236565878828,507397252
2939,0.5780672918300429,355861850
2940,0.9731829368058285,599097519
2941,0.1041306541800873,64103483
2942,0.37221696955005634,229139100
2943,0.9323492735448248,573960060
2944,0.2516656816043965,154926972
2945,0.7514369645648942,462589308
2946,0.7452500168730647,458780584
2947,0.7575111926028083,466328641
2948,0.7329150628802746,451187109
2949,0.7810447881990761,480816070
2950,0.6823451698342845,420055966
2951,0.8648334537620428,532396898
2952,0.46641723855407696,287129377
2953,0.9930000705533282,611297071
2954,0.02773421243330964,17073355
2955,0.10759045331711464,66233357
2956,0.38309884321180837,235838050
2957,0.9429731369709149,580500177
2958,0.21456145168936683,132085375
2959,0.6724140922018902,413942332
2960,0.8788907894326905,541050682
2961,0.4247026610354596,261449621
2962,0.9748779398719879,600140974
2963,0.09771885946951722,60156342
2964,0.35179783705424095,216568954
2965,0.9098641144038128,560118055
2966,0.32722551681867335,201442080
2967,0.8783944220660878,540745115
2968,0.4262024687835931,262372912
2969,0.9757701583015903,600690229
2970,0.09433459831402201,58072970
2971,0.34088797168106694,209852773
2972,0.8964866161524979,551882783
2973,0.3702654692156477,227937745
2974,0.9303441165734341,572725673
2975,0.258567725909216,159175913
2976,0.7649247235391365,470892457
2977,0.7174614145222712,441673746
2978,0.8088150274439521,497911603
2979,0.6169867825109167,379820933
2980,0.9428932299437965,580450986
2981,0.21484389161110595,132259247
2982,0.6730571154555203,414338181
2983,0.8780044268129569,540505031
2984,0.4273794867061337,263097492
2985,0.9764577815852522,601113534
2986,0.09172204964377183,56464669
2987,0.33240336985913993,204629599
2988,0.8854263645660567,545074023
2989,0.4047716048145986,249179938
2990,0.9613168954741481,591792710
2991,0.14837502058087468,91340593
2992,0.5041758966555138,310373844
2993,0.9974304219296186,614024423
2994,0.010226271602297181,6295356
2995,0.0403855629359388,24861605
2996,0.15463073127672167,95191648
2997,0.5215730722039764,321083654
2998,0.9956430641971714,612924114
2999,0.017308432123822087,10655179
3000,0.06786531270193616,41778312
3001,0.25240585201488025,155382625
3002,0.7529015801552554,463490934
3003,0.7423027551123499,456966231
3004,0.7632446057112088,469858166
3005,0.7210020874801615,443853407
3006,0.8026207285443501,494098354
3007,0.6320985716745944,389123845
3008,0.927874369772513,571205281
3009,0.2670248595301814,164382178
3010,0.7809331098530424,480747320
3011,0.6825955852753106,420210123
3012,0.8644688204294875,532172427
3013,0.4674782909496047,287782567
3014,0.9932799303773614,611469354
3015,0.026632892044752915,16395375
3016,0.10343508861328096,63675289
3017,0.3700177215168063,227785230
3018,0.9300873830484667,572567626
3019,0.2594491233406606,159718507
3020,0.7666197501963089,471935926
3021,0.7138664961329788,439460692
3022,0.8150018761088923,501720266
3023,0.6015875340110335,370341059
3024,0.956323092004893,588718493
3025,0.16665925045534505,102596479
3026,0.5541469393251005,341136331
3027,0.9858017547572783,606865743
3028,0.05584665374824955,34379550
3029,0.21038394200335697,129513674
3030,0.6628289304124355,408041646
3031,0.8917120902887615,548943555
3032,0.38528093690322046,237181361
3033,0.9449897508831666,581741617
3034,0.2074166452196599,127686987
3035,0.6559359722168717,403798298
3036,0.9004790505494282,554340551
3037,0.35756995498340377,220122306
3038,0.916557592283516,564238602
3039,0.3051542915207307,187854895
3040,0.8460202480499744,520815370
3041,0.5197772518783423,319978136
3042,0.995939352629481,613106512
3043,0.016136192468670808,9933541
3044,0.06334450488752644,38995274
3045,0.23673459456644153,145735301
3046,0.7209583919445973,443826507
3047,0.8026977822267384,494145789
3048,0.6319124700137062,389009279
3049,0.9280704100169835,571325965
3050,0.2663553390308875,163970017
3051,0.7796865878785076,479979953
3052,0.6853838961179025,421926625
3053,0.8603749161299855,529652194
3054,0.4793183800989806,295071401
3055,0.9957933596870963,613016637
3056,0.016713888515824567,10289174
3057,0.06557379244155558,40367637
3058,0.2444827420436856,150505109
3059,0.7369966142370804,453699738
3060,0.7733920933122405,476105023
3061,0.6992744856242613,430477759
3062,0.8390558207229525,516528025
3063,0.5388141902312016,331697394
3064,0.9914888999604174,610366785
3065,0.033670258250638095,20727622
3066,0.129820922120294,79918573
3067,0.45074012669752095,277478449
3068,0.9878181248800727,608107033
3069,0.04801357338357429,29557456
3070,0.18237599791651252,112271808
3071,0.5949688232688704,366266539
3072,0.9615138812016352,591913975
3073,0.1476497004582299,90894081
3074,0.5021385729871712,309119654
3075,0.9974817517572584,614056022
3076,0.010022507607432842,6169918
3077,0.039589007225280255,24371241
3078,0.1517066537514659,93391567
3079,0.513480062386405,316101546
3080,0.9967749687930539,613620922
3081,0.012826375218834537,7895997
3082,0.050520818677145016,31100932
3083,0.19139417757377086,117823456
3084,0.6175021609948766,380138203
3085,0.942411036224521,580154144
3086,0.21654717535671464,133307799
3087,0.6769214398449543,416717084
3088,0.872608228451521,537183098
3089,0.4435408012799745,273046499
3090,0.9847813119307719,606237552
3091,0.05979844761469175,36812299
3092,0.22432814717748326,138097814
3093,0.6942800679499886,427403164
3094,0.8468984682374178,521356008
3095,0.5173491964107877,318483410
3096,0.9962990314817607,613327932
3097,0.014712212687562589,9056930
3098,0.05783809630674006,35605494
3099,0.21742647518018576,133849101
3100,0.6789072902529143,417939585
3101,0.8697888041624944,535447443
3102,0.4518923988611288,278187795
3103,0.9882657782635267,608382611
3104,0.046270153809083246,28484196
3105,0.17607561443551242,108393252
3106,0.5788412398223101,356338297
3107,0.9726983950240912,598799232
3108,0.10595934709317659,65229238
3109,0.3779805357884896,232687188
3110,0.9380938889106085,577496481
3111,0.23171424055172582,142644739
3112,0.7103107775962785,437271769
3113,0.8210198135391263,505424946
3114,0.5863156544680652,360939594
3115,0.9677729350970609,595767088
3116,0.12444203995081676,76607300
3117,0.4347353123883474,267625784
3118,0.9805046769983041,603604828
3119,0.07626986897719415,46952209
3120,0.28110657649294923,173050971
3121,0.8063218198899981,496376769
3122,0.6231061012105256,383588024
3123,0.9370311025005279,576842223
3124,0.23542522363422058,144929244
3125,0.7182007489668814,442128885
3126,0.8075298482696652,497120439
3127,0.6201473157687144,381766577
3128,0.9399028438291556,578610085
3129,0.22537709708417608,138743554
3130,0.696583222164403,428821000
3131,0.8433065966862093,519144830
3132,0.5272409168802124,324572815
3133,0.9945391504656262,612244538
3134,0.021669804340379385,13340067
3135,0.08458889344171396,52073453
3136,0.30896011406660107,190197784
3137,0.8518800103103902,524422677
3138,0.5034600287923993,309933151
3139,0.9974522325210154,614037850
3140,0.01013969267583175,6242058
3141,0.04004714844000303,24653275
3142,0.1533890636238913,94427269
3143,0.5181448265500638,318973205
3144,0.9961863534251777,613258567
3145,0.015158419671752356,9331618
3146,0.05956528151938148,36668760
3147,0.22350886244002427,137593457
3148,0.6924750768946544,426292000
3149,0.8496838456498437,523070704
3150,0.5096076202852299,313717647
3151,0.997131697593495,613840527
3152,0.011411700238761415,7025114
3153,0.04501307861232405,27710333
3154,0.1715177364509975,105587394
3155,0.5669766161095574,349034360
3156,0.9796013902491068,603048759
3157,0.07973020081978481,49082411
3158,0.2927594506291162,180224553
3159,0.8261349052388525,508573829
3160,0.5731077341035304,352808715
3161,0.9761744842648475,600939135
3162,0.09279886353507479,57127562
3163,0.3359070655020767,206786496
3164,0.8900633003029625,547928550
3165,0.3904239808094759,240347451
3166,0.9495924531132481,584575069
3167,0.190987838153411,117573311
3168,0.616500820485281,379521771
3169,0.9433459597167628,580729689
3170,0.21324299641126182,131273726
3171,0.6694039793623056,412089288
3172,0.8829961441871,543577964
3173,0.41222267461587814,253766863
3174,0.9667576131821559,595142050
3175,0.1282279488406227,78937929
3176,0.4460243124872299,274575364
3177,0.9858756343785201,606911223
3178,0.0555602229899099,34203221
3179,0.20936840559877334,128888503
3180,0.6604777725798455,406594259
3181,0.8947450691861675,550810676
3182,0.37576355810929934,231322403
3183,0.935915572960291,576155496
3184,0.2393106768702977,147321153
3185,0.7263438964566489,447141858
3186,0.7930860777419191,488228763
3187,0.6547611986250925,403075100
3188,0.9019353958864974,555237086
3189,0.3529072707589228,217251929
3190,0.9111712787276005,560922754
3191,0.32294333640254436,198805943
3192,0.8724172421241922,537065526
3193,0.44410853709675696,273396000
3194,0.9850358160543962,606394226
3195,0.05881362600633942,36206037
3196,0.22086478777528018,135965748
3197,0.6866132978520799,422683452
3198,0.858550153488436,528528859
3199,0.4845527318593418,298293700
3200,0.9965479138088926,613481146
3201,0.01372627547522579,8449981
3202,0.05401608069884799,33252638
3203,0.2038823914618863,125511278
3204,0.6476343040355371,398687739
3205,0.9105344079650509,560530692
3206,0.3250313845083727,200091358
3207,0.8753500745358429,538870996
3208,0.4353581629682894,268009215
3209,0.9808275172916114,603803571
3210,0.07503154547458855,46189889
3211,0.2769132325065504,170469522
3212,0.7989268537356011,491824382
3213,0.6409645171017808,394581776
3214,0.9182147296238644,565258746
3215,0.29963479530329556,184457059
3216,0.8373166011399225,515457351
3217,0.5435078672756878,334586851
3218,0.9899471912856335,609417699
3219,0.03970748150776238,24444174
3220,0.1521418817060916,93659496
3221,0.5146889708527148,316845758
3222,0.9966390941997995,613537277
3223,0.013364944348486856,8227543
3224,0.05261342721808433,32389155
3225,0.19888256543286217,122433354
3226,0.6357198794928248,391353145
3227,0.924004656098708,568823061
3228,0.28017800591039943,172479337
3229,0.8046963807487417,495376139
3230,0.627068861078885,386027523
3231,0.933075483131019,574407119
3232,0.24915804738422972,153383256
3233,0.7464424760835516,459514669
3234,0.7551717628674143,464888473
3235,0.7377006120261931,454133123
3236,0.7720586919790693,475284173
3237,0.7021764317933653,432264215
3238,0.8344075148049379,513666499
3239,0.5513047400275211,339386655
3240,0.986997616366327,607601923
3241,0.05120495339752805,31522090
3242,0.1938461945188893,119332933
3243,0.6235166910838426,383840785
3244,0.9366270718245575,576593499
3245,0.23683363259815166,145796269
3246,0.7211664176433763,443954569
3247,0.8023308086701146,493919878
3248,0.6327983676942094,389554644
3249,0.9271347282156368,570749953
3250,0.2695481365690948,165935523
3251,0.7855988351784815,483619570
3252,0.6720488883253314,413717510
3253,0.8793927283038105,541359679
3254,0.4231840192636621,260514736
3255,0.9739562273630232,599573562
3256,0.10120832322980282,62304478
3257,0.3629511421698702,223434999
3258,0.922558266164153,567932654
3259,0.28506360166841577,175486941
3260,0.8131713552422638,500593386
3261,0.606175572000338,373165484
3262,0.9525197241625002,586377116
3263,0.18045133798314003,111086975
3264,0.5900757238869061,363254316
3265,0.9651265922253369,594137983
3266,0.13429244028733214,82671268
3267,0.46386934326833185,285560877
3268,0.9922913568201122,610860782
3269,0.030520387800849914,18788542
3270,0.11805968598004923,72678283
3271,0.4154451701401022,255750652
3272,0.9689734181819813,596506113
3273,0.1199550928244467,73845107
3274,0.4212078154344011,259298172
3275,0.9727292486890086,598818226
3276,0.10584295916136273,65157589
3277,0.377614506357742,232461858
3278,0.9377369458743039,577276745
3279,0.23296160120438061,143412622
3280,0.7129750693390003,438911924
3281,0.8165200631617915,502654872
3282,0.5977620479680616,367986065
3283,0.9593659020885907,590591666
3284,0.15554204231335772,95752656
3285,0.524081374391526,322627781
3286,0.9951861487555865,612642834
3287,0.019114805541634413,11767194
3288,0.07481022470545227,46053643
3289,0.27616248339003835,170007356
3290,0.7975880969699617,491000234
3291,0.6441508849217688,396543324
3292,0.9145898842813213,563027269
3293,0.3116797591278866,191872014
3294,0.8559965926426981,526956871
3295,0.4918330398468876,302775504
3296,0.9972338700398115,613903425
3297,0.011006329156075254,6775565
3298,0.0434319075995877,26736954
3299,0.16576685223737583,102047113
3300,0.5517699297173845,339673029
3301,0.9868062987644578,607484146
3302,0.05194831365816531,31979707
3303,0.19650624860129037,120970479
3304,0.6299872560191335,387824106
3305,0.9300822199577389,572564448
3306,0.25946684346413024,159729416
3307,0.7666537644214942,471956865
3308,0.7137941219801865,439416138
3309,0.8151253728928173,501796292
3310,0.6012770374430598,370149915
3311,0.9565744171301607,588873210
3312,0.16574380847279366,102032928
3313,0.551708465718653,339635191
3314,0.9868316759463615,607499769
3315,0.05184972798807508,31919017
3316,0.19615372144559445,120753461
3317,0.6291329816444681,387298209
3318,0.9309654454759219,573108167
3319,0.2564324513749035,157861425
3320,0.7607926485344775,468348726
3321,0.7261289059367864,447009508
3322,0.7934742144203298,488467703
3323,0.6538528130267774,402515892
3324,0.9030539545757524,555925678
3325,0.3493145637063807,215040236
3326,0.9069026581631164,558294964
3327,0.33687660485136217,207383350
3328,0.8913291242411737,548707799
3329,0.38647745091733776,237917942
3330,0.9460793970906004,582412410
3331,0.20354255425023293,125302073
3332,0.6468308016095005,398193098
3333,0.911478455637859,561111854
3334,0.3219350673780712,198185246
3335,0.8709885902836885,536186039
3336,0.448346188858493,276004725
3337,0.9868542163402846,607513645
3338,0.051762158406432626,31865109
3339,0.1958405210805246,120560653
3340,0.6283731754198985,386830467
3341,0.9317461080521219,573588748
3342,0.25374523974556357,156207161
3343,0.7555407862776,465115646
3344,0.7369486371290176,453670203
3345,0.7734828200171776,476160875
3346,0.6990765171502537,430355888
3347,0.839370475874106,516721729
3348,0.5379624436188817,331173054
3349,0.9917498229691882,610527411
3350,0.03264662532299042,20097467
3351,0.1260074844802627,77570997
3352,0.43941709735752404,270507921
3353,0.9828555505105752,605052041
3354,0.06723356419110631,41389403
3355,0.25022571602869415,154040520
3356,0.7485751001958197,460827526
3357,0.7509595740549264,462295423
3358,0.7462069758387779,459369694
3359,0.7556346789428104,465173447
3360,0.7367571345780068,453552312
3361,0.7738447763133821,476383697
3362,0.6982860635586362,429869280
3363,0.8406237216236978,517493235
3364,0.5345621662662143,329079822
3365,0.9927337720853164,611133136
3366,0.028781585087836,17718124
3367,0.11153328973619396,68660592
3368,0.3953835239170965,243400577
3369,0.9538310177986613,587184356
3370,0.17570925506248636,108167719
3371,0.5778936958640112,355754983
3372,0.9732909628571333,599164021
3373,0.10372270126629282,63852345
3374,0.3709275670081817,228345336
3375,0.9310278250958745,573146568
3376,0.2562179058325499,157729349
3377,0.7603754593476967,468091901
3378,0.7269964344762091,447543564
3379,0.7919057487530017,487502145
3380,0.6575162250413484,404771112
3381,0.898502669006406,553123878
3382,0.3638705349511357,224000983
3383,0.923560387294585,568549566
3384,0.281680427276296,173404237
3385,0.8073228910212998,496993035
3386,0.620655036210698,382079133
3387,0.9394150253256108,578309781
3388,0.22708859771719025,139797165
3389,0.7003222723510812,431122783
3390,0.8373852389283959,515499605
3391,0.5433230902073846,334473102
3392,0.9900112083209824,609457109
3393,0.0394571727220449,24290083
3394,0.15122221392888222,93093343
3395,0.512132683213885,315272091
3396,0.9969126640121458,613705688
3397,0.012280439333965505,7559915
3398,0.0483972242734839,29793634
3399,0.18375918249486295,113123305
3400,0.5984670639212936,368420078
3401,0.9588139069176524,590251854
3402,0.15756429728764945,96997569
3403,0.5296237801365158,326039720
3404,0.9939985022851893,611911712
3405,0.023802264162559518,14652823
3406,0.09271050836934806,57073170
3407,0.335619927328908,206609732
3408,0.8896869749174996,547696881
3409,0.3915948057027957,241068218
3410,0.9506107722590478,585201953
3411,0.18733022837717728,115321663
3412,0.6074280795141943,373936535
3413,0.951452238850249,585719965
3414,0.18430159538802,113457218
3415,0.5998347241285478,369262018
3416,0.9577317811541253,589585691
3417,0.16152164992067317,99433740
3418,0.5403753020450309,332658425
3419,0.9909956415892424,610063132
3420,0.035603886962069356,21917976
3421,0.13700163827909356,84339067
3422,0.47174643565787255,290410064
3423,0.9943149270468414,612106505
3424,0.022554484065716564,13884681
3425,0.08796265946384114,54150364
3426,0.3200986677155189,197054747
3427,0.8683656874626523,534571363
3428,0.4560838139976686,280768056
3429,0.9898047607419644,609330018
3430,0.040264272454482816,24786938
3431,0.15418581266459402,94917753
3432,0.5203460658718355,320328301
3433,0.9958482900381205,613050453
3434,0.016496548332425098,10155378
3435,0.06473540477990884,39851521
3436,0.2415734812700819,148714150
3437,0.7310307803243699,450027133
3438,0.7845328663854239,482963353
3439,0.6744737813065133,415210290
3440,0.8760400095500619,539295724
3441,0.4332897057581816,266735860
3442,0.9797434492022584,603136212
3443,0.07918642956060519,48747662
3444,0.29093459634685354,179101162
3445,0.8231037114114345,506707807
3446,0.5809599267719043,357642574
3447,0.9713475061257808,597967617
3448,0.11104779859133805,68361721
3449,0.39387757822722913,242473507
3450,0.9525647460723577,586404832
3451,0.1802887509437248,110986885
3452,0.5896610217352367,362999023
3453,0.9654239957137598,594321066
3454,0.133188211813214,81991498
3455,0.46064195706837774,283574077
3456,0.9913192683818045,610262359
3457,0.03433545230190573,21137119
3458,0.13229455077834587,81441355
3459,0.4580228834246792,281961759
3460,0.9904693075192477,609739117
3461,0.037665034942542766,23186831
3462,0.144623056540426,89030860
3463,0.49359183994874967,303858232
3464,0.9973361525841826,613966390
3465,0.010600437817722857,6525696
3466,0.04184739345782384,25761517
3467,0.1599837945832536,98487027
3468,0.5362120304154477,330095489
3469,0.9922678685242309,610846323
3470,0.030612659018256064,18845344
3471,0.11840534126309132,72891070
3472,0.4164982105296142,256398910
3473,0.9696795301094211,596940800
3474,0.11731054459481169,72217107
3475,0.4131596350795047,254343662
3476,0.9674104165716962,595543920
3477,0.1257947348962908,77440027
3478,0.4387819740789643,270116935
3479,0.9825468896763024,604862027
3480,0.06842251206226835,42121327
3481,0.2543260789023748,156564729
3482,0.7566808547251462,465817480
3483,0.7346186058820979,452235821
3484,0.7778668979980238,478859741
3485,0.689432048117854,424418692
3486,0.8543208415920415,525925268
3487,0.4965823974418948,305699238
3488,0.9974533967710919,614038567
3489,0.010135070983201416,6239213
3490,0.04002908176427387,24642153
3491,0.15332274996575795,94386446
3492,0.5179613883916956,318860279
3493,0.9962127802229004,613274835
3494,0.01505377820640365,9267200
3495,0.05916037625278307,36419498
3496,0.22208510027630476,136716980
3497,0.689325600961158,424353163
3498,0.8544817091145784,526024299
3499,0.4961274444337976,305419166
3500,0.997440163220413,614030420
3501,0.010187603220843179,6271552
3502,0.040234425686216796,24768564
3503,0.1540763105369092,94850343
3504,0.5200438362622901,320142247
3505,0.995896996065283,613080437
3506,0.01630381548078036,10036731
3507,0.06399162431538062,39393645
3508,0.23898781836811064,147122399
3509,0.7256718377486487,446728134
3510,0.7942981643721188,488974931
3511,0.6519204758843336,401326333
3512,0.9054114743382398,557376982
3513,0.3417097305348301,210358653
3514,0.8975273204646492,552523447
3515,0.36696839764194233,225908047
3516,0.9268873451684501,570597663
3517,0.27039110619478,166454460
3518,0.7871462259833174,484572153
3519,0.6685127091651152,411540616
3520,0.884197832730835,544317731
3521,0.4085441810464681,251502360
3522,0.96412697438636,593522612
3523,0.137998745071383,84952892
3524,0.47463081480612473,292185706
3525,0.9949320537259696,612486412
3526,0.020118626156429825,12385152
3527,0.07865832948165051,48422560
3528,0.28916007477237843,178008755
3529,0.8201306384607437,504877564
3530,0.5885903335316792,362339900
3531,0.966185493690936,594789849
3532,0.13035763103383177,80248975
3533,0.45232443106966586,278453756
3534,0.988430890107404,608484255
3535,0.045626709699667124,28088088
3536,0.1737442031159812,106958021
3537,0.5727930484482997,352614993
3538,0.976357676669438,601051909
3539,0.09210262187359987,56698951
3540,0.33364271838125814,205392550
3541,0.8870777668611662,546090637
3542,0.3996815015830728,246046439
3543,0.9573454335127382,589347853
3544,0.16293226623573195,100302125
3545,0.5441775179915319,334999093
3546,0.9897129041473904,609273471
3547,0.04062327333099986,25007941
3548,0.15550236174955018,95728229
3549,0.5239722951870502,322560631
3550,0.9952070629632251,612655709
3551,0.019032159517432118,11716316
3552,0.0744930463219252,45858386
3553,0.2750858911627028,169344599
3554,0.7956604381472386,489813556
3555,0.6487137722051858,399352266
3556,0.9092580136864514,559744936
3557,0.32920643415134715,202661545
3558,0.8811099358801605,542416802
3559,0.41797331492594564,257306994
3560,0.9706537755136899,597540552
3561,0.1136552441428896,69966881
3562,0.401943541190622,247438964
3563,0.9591358742342013,590450059
3564,0.1563850534748707,96271619
3565,0.5263957864128848,324052547
3566,0.9947200172139851,612355881
3567,0.020955897225499346,12900581
3568,0.08186182291192488,50394651
3569,0.2998902547972315,184614321
3570,0.8377247986007835,515708640
3571,0.5424084220361403,333910026
3572,0.9903240877042144,609649719
3573,0.03823333317794905,23536679
3574,0.14671846619409146,90320808
3575,0.4995167099082614,307505619
3576,0.9974990680584422,614066682
3577,0.009953762351116011,6127598
3578,0.03932019301503233,24205757
3579,0.15071872059080882,92783389
3580,0.5107303255385713,314408791
3581,0.9970405918542069,613784441
3582,0.011773093696386643,7247590
3583,0.046421606965198946,28577432
3584,0.1766238990741505,108730780
3585,0.5802573104264793,357210039
3586,0.9717994688511999,598245848
3587,0.10934699215498521,67314694
3588,0.3885870075719548,239216599
3589,0.9479727090217311,583577945
3590,0.1967886033672083,121144298
3591,0.6306707673184476,388244879
3592,0.9293713507679484,572126832
3593,0.26190457012743257,161230096
3594,0.7713091594324515,474822756
3595,0.7038014466321459,433264584
3596,0.831775231699072,512046049
3597,0.5583015305677982,343693923
3598,0.983937716818474,605718229
3599,0.06305910209968475,38819578
3600,0.23573978045084448,145122887
3601,0.7188644800916901,442537482
3602,0.8063723740232348,496407891
3603,0.6229825140571148,383511942
3604,0.9371524519324045,576916927
3605,0.2350019577402523,144668679
3606,0.717306390018019,441578312
3607,0.8090839521007731,498077155
3608,0.6163237711095304,379412779
3609,0.9435104332966818,580830940
3610,0.21266099727238827,130915443
3611,0.6680708270708912,411268591
3612,0.8847912663799493,544683052
3613,0.4067233684576824,250381456
3614,0.9627848853323937,592696413
3615,0.14296229813245404,88008487
3616,0.48887107698611404,300952101
3617,0.9970058268194787,613763040
3618,0.01191098034887056,7332474
3619,0.04695874449503752,28908097
3620,0.17856694703384435,109926932
3621,0.5852563619188178,360287487
3622,0.9684980974819465,596213503
3623,0.12173303529662832,74939620
3624,0.42658727262225166,262609800
3625,0.975996180121252,600829369
3626,0.09347626967480673,57544577
3627,0.3381064421631333,208140446
3628,0.8929239989643754,549689614
3629,0.38148681684099583,234845677
3630,0.9414589554159062,579568037
3631,0.21990482282555687,135374788
3632,0.6844712999772331,421364825
3633,0.8617216545439916,530481255
3634,0.4754382040894891,292682740
3635,0.9950929055447851,612585433
3636,0.01948322936809764,11993998
3637,0.07622349623453607,46923662
3638,0.2809497646767158,172954437
3639,0.806047807675207,496208085
3640,0.623775610274626,384000178
3641,0.9363715972215642,576436228
3642,0.23772351826182095,146344088
3643,0.7230320780369002,445103082
3644,0.799024201744503,491884310
3645,0.6407322618165406,394438799
3646,0.9184757776311626,565419449
3647,0.29876331390861505,183920569
3648,0.8359201467221201,514597685
3649,0.5472590435544953,336896099
3650,0.9885886653812341,608581382
3651,0.04501165308332785,27709455
3652,0.17151256063843565,105584208
3653,0.5669630487049135,349026008
3654,0.9796086409314921,603053223
3655,0.07970245065994973,49065328
3656,0.2926663803748046,180167259
3657,0.8259809529907279,508479055
3658,0.5735083089661548,353055312
3659,0.9759401487666161,600794876
3660,0.0936890894201254,57675591
3661,0.33879666133557507,208565349
3662,0.8938137995777365,550237381
3663,0.37869365813596395,233126191
3664,0.9387862379800269,577922696
3665,0.2292918830637474,141153521
3666,0.7051012905450645,434064776
3667,0.8296545078608286,510740518
3668,0.5638983427336692,347139356
3669,0.9812088371656033,604038314
3670,0.07356783958457445,45288823
3671,0.2719408941280968,167408520
3672,0.7899762864733432,486314356
3673,0.6619958755996872,407528813
3674,0.8927917717918759,549608214
3675,0.38190134981026974,235100866
3676,0.9418503082052214,579808957
3677,0.21852553750441386,134525691
3678,0.6813807865816554,419462285
3679,0.8662330309334899,533258486
3680,0.46233473454254503,284616162
3681,0.9918394978342977,610582615
3682,0.03229469439672241,19880816
3683,0.12469447097107342,76762698
3684,0.435491581922467,268091349
3685,0.9808962693485657,603845895
3686,0.07476772472526083,46027480
3687,0.2760182731380271,169918580
3688,0.797330422267395,490841608
3689,0.6447625337772274,396919859
3690,0.9138847971694445,562593213
3691,0.3140105049413111,193306836
3692,0.8594775518339777,529099771
3693,0.4818958000125251,296658076
3694,0.996192229391826,613262184
3695,0.015135153249766626,9317295
3696,0.059475260739632094,36613343
3697,0.22319243685734366,137398663
3698,0.6917765162182271,425861962
3699,0.8507548536305284,523730023
3700,0.5066144202919602,311875014
3701,0.9973254352823632,613959793
3702,0.010642971570619927,6551880
3703,0.04201349791979995,25863772
3704,0.16059097201024825,98860809
3705,0.5378580317590171,331108777
3706,0.9917814100310198,610546856
3707,0.03252266854412879,20021158
3708,0.12554512885384114,77286368
3709,0.4380363624049051,269657932
3710,0.9821804253877753,604636430
3711,0.06983312911772767,42989712
3712,0.25917628814946425,159550548
3713,0.7660957198440153,471613330
3714,0.7149803408439744,440146382
3715,0.8130959776719283,500546983
3716,0.6063639259749809,373281435
3717,0.9523599938522432,586278785
3718,0.18102803948837387,111441996
3719,0.5915449847454048,364158802
3720,0.9640618679141748,593482532
3721,0.13823986516454784,85101328
3722,0.4753271233269036,292614358
3723,0.9950710841351299,612572000
3724,0.01956944039653585,12047070
3725,0.0765540448224181,47127150
3726,0.2820671569445437,173642310
3727,0.8079960509118859,497407436
3728,0.6190023461645052,381061726
3729,0.9409953820132998,579282659
3730,0.2215370614413457,136379604
3731,0.6881089834786237,423604206
3732,0.8563138912352091,527152202
3733,0.4909312395421662,302220350
3734,0.9971718527591962,613865246
3735,0.011252393807712752,6927044
3736,0.04439185199082251,27327902
3737,0.1692606497159132,104197917
3738,0.5610398138729039,345379628
3739,0.9826338230782214,604915544
3740,0.06808772535539116,41915230
3741,0.2531726301751667,155854659
3742,0.7544142355263664,464422135
3743,0.7392408530785229,455081305
3744,0.7691276187308599,473479786
3745,0.7085055960966651,436160488
3746,0.8240364114215337,507281983
3747,0.5785516122514877,356160001
3748,0.9728802804086408,598911202
3749,0.10527311919857443,64806792
3750,0.37582085139538096,231357673
3751,0.9359723608168096,576190455
3752,0.23911312140923227,147199537
3753,0.7259327659508724,446888763
3754,0.7938279972264554,488685493
3755,0.6530237811031018,402005535
3756,0.9040690524434709,556550579
3757,0.34604552142116785,213027793
3758,0.9029290939168244,555848813
3759,0.3497160996487139,215287424
3760,0.9073848496878669,558591804
3761,0.3353099611367284,206418915
3762,0.8892799924858642,547446340
3763,0.39285973892632003,241846919
3764,0.9516986481836843,585871656
3765,0.18341364160383838,112910588
3766,0.597594579933054,367882971
3767,0.9594964388910862,590672025
3768,0.1550634603591772,95458038
3769,0.5227649466462543,321817379
3770,0.9954322112447309,612794312
3771,0.018142227004013734,11168468
3772,0.0710742155473608,43753732
3773,0.2634304590124355,162169442
3774,0.774199060584963,476601797
3775,0.6975113519455519,429392363
3776,0.841847170752035,518246398
3777,0.5312306422768279,327028915
3778,0.9936083414620775,611671526
3779,0.025339712903837647,15599286
3780,0.09854347129661704,60663978
3781,0.35444229569010516,218196900
3782,0.9129636893169725,562026173
3783,0.317049355309803,195177571
3784,0.8639509558136906,531853627
3785,0.46898341003158106,288709128
3786,0.9936615048754567,611704254
3787,0.025130291230356847,15470364
3788,0.09775005117520685,60175544
3789,0.35189796489510067,216630594
3790,0.9099824909191709,560190928
3791,0.32683828498745054,201203698
3792,0.8778599316111113,540416079
3793,0.4278152696105567,263365763
3794,0.9767095651474275,601268534
3795,0.09076448208283296,55875184
3796,0.3292799005915215,202706772
3797,0.8812100441552575,542478430
3798,0.41766881991823507,257119545
3799,0.9704540913775127,597417625
3800,0.11440506214557412,70428473
3801,0.4042530101651554,248860688
3802,0.960921730610889,591549444
3803,0.1498291214201455,92235746
3804,0.5082476196205051,312880422
3805,0.9972285873146759,613900172
3806,0.011027290508636397,6788469
3807,0.0435137005969714,26787307
3808,0.16606483124474086,102230551
3809,0.5525643392429025,340162072
3810,0.9864755910574287,607280561
3811,0.053232582228248504,32770311
3812,0.20109150892606947,123793194
3813,0.641008318715985,394608741
3814,0.918165449671036,565228409
3815,0.29979925023866694,184558298
3816,0.8375794425820504,515619158
3817,0.5428000785845086,334151132
3818,0.990190931559908,609567747
3819,0.038754273959554046,23857374
3820,0.1486369970355933,91501867
3821,0.504910720189859,310826206
3822,0.9974037804605955,614008022
3823,0.010332021942195686,6360457
3824,0.040798832346478874,25116017
3825,0.15614580762631472,96124338
3826,0.5257395346042922,323648554
3827,0.9948565306698343,612439920
3828,0.020416886073127385,12568763
3829,0.07980014697645525,49125470
3830,0.2929940132407757,180368952
3831,0.826522600568901,508812496
3832,0.5720981353577104,352187200
3833,0.9767594169229858,601299223
3834,0.09057482891726569,55758432
3835,0.3286604068426563,202325407
3836,0.880364547828537,541957937
3837,0.4202380149132184,258701157
3838,0.9721157226827142,598440535
3839,0.1081559101391563,66581456
3840,0.38486825487209697,236927311
3841,0.9446112782425763,581508627
3842,0.20876003692541462,128513988
3843,0.6590653427941735,405724758
3844,0.8965458847198706,551919269
3845,0.370077931633823,227822295
3846,0.9301498220443033,572606064
3847,0.2592348110750643,159586575
3848,0.7662081739697407,471682557
3849,0.7147415003656682,439999350
3850,0.8135054912026,500799082
3851,0.605340084873408,372651152
3852,0.9532248314102643,586811184
3853,0.1779031362506188,109518286
3854,0.5835519053476221,359238212
3855,0.9696461256600002,596920236
3856,0.11743574144367973,72294178
3857,0.41354190642025923,254578991
3858,0.9676747422376817,595706640
3859,0.1248085385369428,76832919
3860,0.43583315530840894,268301623
3861,0.9810716380088778,603953853
3862,0.07409461562278659,45613110
3863,0.27373236819840746,168511362
3864,0.7932238056076069,488313549
3865,0.6544390013017196,402876753
3866,0.9023328935589406,555481788
3867,0.3516316886143557,216466672
3868,0.9096675082645244,559997023
3869,0.32786840536262013,201837846
3870,0.879279149369095,541289759
3871,0.42352783414688433,260726391
3872,0.974166511320437,599703014
3873,0.10041281697340164,61814759
3874,0.36041703181186246,221874985
3875,0.9197612140172398,566210772
3876,0.29446408759502446,181273939
3877,0.8289424049602985,510302143
3878,0.5657696079335507,348291319
3879,0.9802406911023456,603442317
3880,0.07728182565207059,47575176
3881,0.28452428685305464,175154935
3882,0.8122451660048232,500023218
3883,0.6084867956634153,374588287
3884,0.9505401545150707,585158480
3885,0.1875841409864496,115477973
3886,0.6080613608369334,374326387
3887,0.9509077417533396,585384769
3888,0.18626201162334544,114664062
3889,0.604758213850987,372292949
3890,0.9537126093566961,587111464
3891,0.17613802376184495,108431672
3892,0.5790025471849957,356437599
3893,0.9725968041777474,598736692
3894,0.10634252011710968,65465122
3895,0.3791848162436847,233428551
3896,0.9392607285819718,578214795
3897,0.2276295491792847,140130178
3898,0.7014992067036842,431847311
3899,0.835498298094166,514337992
3900,0.5483891589839135,337591805
3901,0.9881573722783898,608315876
3902,0.04669249576212745,28744193
3903,0.17760410334050836,109334199
3904,0.5827829344103184,358764829
3905,0.9701564732239636,597234409
3906,0.1155220338355616,71116088
3907,0.4076850072008873,250973447
3908,0.9634969889969541,593134789
3909,0.14033045935112196,86388310
3910,0.48134490790240597,296318944
3911,0.996111430279933,613212444
3912,0.015455060494940777,9514232
3913,0.06071264438415361,37375084
3914,0.2275362105921873,140072718
3915,0.701296299011525,431722400
3916,0.8358244020170082,514538744
3917,0.5475156643295762,337054076
3918,0.988491623956843,608521643
3919,0.04538997396278518,27942352
3920,0.17288559966350703,106429459
3921,0.5705547146790615,351237060
3922,0.9776379086238595,601840028
3923,0.08722949269924846,53699022
3924,0.317685828127694,195569388
3925,0.8648785555107161,532424663
3926,0.46628592251636886,287048538
3927,0.9929648103079165,611275365
3928,0.027872926234338808,17158748
3929,0.10811314460772092,66555129
3930,0.3847345233572963,236844985
3931,0.9444883408783781,581432946
3932,0.20919615814451523,128782467
3933,0.66007817099274,406348262
3934,0.8952561668947603,551125311
3935,0.374152524501329,230330640
3936,0.9343080275133394,575165881
3937,0.24489238357751497,150757287
3938,0.7378312151325206,454213523
3939,0.771810889303269,475131624
3940,0.7027141734201026,432595252
3941,0.8335387859394724,513131704
3942,0.5536199943133511,340811940
3943,0.9860283358772465,607005227
3944,0.054968062330334,33838683
3945,0.20726683207139027,127594761
3946,0.6555860966539767,403582912
3947,0.900913936446638,554608269
3948,0.35617938209581596,219266261
3949,0.9149693631639784,563260878
3950,0.3104237062647761,191098780
3951,0.8541027071259283,525790983
3952,0.49719897849629535,306078809
3953,0.9974686955713578,614047985
3954,0.010074338736861806,6201826
3955,0.039791657279148324,24495993
3956,0.15245104234760723,93849817
3957,0.5155467909185939,317373837
3958,0.9965356061956128,613473569
3959,0.013775043202021876,8480002
3960,0.054205312633349184,33369130
3961,0.20455571589552354,125925781
3962,0.6492235732100737,399666103
3963,0.9086519775416869,559371856
3964,0.33118420939256177,203879076
3965,0.8837899030779265,544066607
3966,0.40979418807878887,252271872
3967,0.965033016867584,594080377
3968,0.13463972995990292,82885062
3969,0.46488237357414713,286184504
3970,0.9925793417337148,611038068
3971,0.02938871246774921,18091875
3972,0.11381481402847632,70065113
3973,0.4024353985231973,247741755
3974,0.959519782669304,590686396
3975,0.15497786164886676,95405343
3976,0.5225292989499698,321672313
3977,0.9954747984484034,612820529
3978,0.017973849169031116,11064814
3979,0.07042665176116934,43355088
3980,0.2612122865466925,160803921
3981,0.7699919073359269,474011847
3982,0.7066464361927018,435015978
3983,0.827116029131334,509177815
3984,0.5705504629065395,351234443
3985,0.9776403024128552,601841501
3986,0.08722036862871553,53693405
3987,0.31765577394069616,195550886
3988,0.8648348270591056,532397743
3989,0.4664132403693624,287126916
3990,0.99299899901428,611296411
3991,0.027738428013962556,17075950
3992,0.10760634042485433,66243138
3993,0.38314859154164654,235868676
3994,0.9430195358817831,580528740
3995,0.21439742640008708,131984400
3996,0.6720403681128942,413712265
3997,0.8794044258409237,541366880
3998,0.42314860379275293,260492934
3999,0.973934512974977,599560194
4000,0.10129044887057366,62355035
4001,0.3632124684143037,223595873
4002,0.9228437930987419,568108427
4003,0.28410047528509486,174894034
4004,0.8115157069592335,499574159
4005,0.610302277627579,375705909
4006,0.9489552961251724,584182832
4007,0.19327217690382356,118979564
4008,0.6221129897293359,382976658
4009,0.9380027867800588,577440398
4010,0.23203269950388047,142840785
4011,0.7109921682006414,437691238
4012,0.8198743967823892,504719820
4013,0.5892446774295798,362742719
4014,0.9657211963264563,594504025
4015,0.13208403149609502,81311758
4016,0.45740498207813607,281581375
4017,0.990260801148462,609610760
4018,0.03848094396049995,23689110
4019,0.14763064204051116,90882349
4020,0.5020849839291583,309086665
4021,0.9974826548396405,614056578
4022,0.010018922453475458,6167711
4023,0.03957498914892335,24362611
4024,0.15165514943731595,93359861
4025,0.5133369016949807,316013416
4026,0.996790286942182,613630352
4027,0.01276564909161897,7858613
4028,0.05028472230660559,30955590
4029,0.19054711434652108,117301998
4030,0.6154132571273323,378852260
4031,0.9443523225162486,581349212
4032,0.2096785437629191,129079426
4033,0.6611966736730391,407036819
4034,0.8938223732630235,550242659
4035,0.37866671388674444,233109604
4036,0.9387601523870259,577906637
4037,0.22938321942248202,141209748
4038,0.7052985666987394,434186221
4039,0.8293314690606586,510541653
4040,0.5647477261105305,347662242
4041,0.9807728505344279,603769918
4042,0.07524129009411273,46319010
4043,0.27762435305275435,170907292
4044,0.800190795862728,492602472
4045,0.6379430894564149,392721767
4046,0.921577099244166,567328642
4047,0.28836827007756977,177521315
4048,0.8187959234512577,504055905
4049,0.5919929451715308,364434570
4050,0.9637338191742844,593280583
4051,0.13945427036658825,85848923
4052,0.47882703960401196,294768928
4053,0.9957113059347991,612966125
4054,0.01703850166198003,10489008
4055,0.06682528258114799,41138063
4056,0.2488150601144999,153172111
4057,0.7457554426391237,459091727
4058,0.756521007028861,465719076
4059,0.7349459220820672,452437319
4060,0.7772536506510588,478482222
4061,0.690790348670636,425254871
4062,0.8522601809880072,524656712
4063,0.5023919319122828,309275624
4064,0.9974771718602908,614053203
4065,0.010040689276767763,6181111
4066,0.03966009660410451,24415004
4067,0.15196782163241584,93552344
4068,0.5142056752546492,316548238
4069,0.9966948131743322,613571578
4070,0.013144107637203884,8091595
4071,0.051755646885785676,31861100
4072,0.19581722960586598,120546314
4073,0.6283166403594447,386795664
4074,0.9318040108293911,573624393
4075,0.2535457319642878,156084342
4076,0.7551485721302557,464874197
4077,0.737747832498168,454162192
4078,0.7719691128882681,475229027
4079,0.7023708785227264,432383918
4080,0.8340936498285003,513473282
4081,0.552141918245643,339902027
4082,0.9866520692430422,607389202
4083,0.05254735637084654,32348482
4084,0.19864666552003435,122288133
4085,0.6351528095132458,391004053
4086,0.9246175351418984,569200353
4087,0.2781027959115746,171201825
4088,0.8010389069627815,493124575
4089,0.6359085502136688,391469291
4090,0.9238001752554865,568697181
4091,0.28086971169914143,172905156
4092,0.8059078478292386,496121925
4093,0.6241173506595687,384210555
4094,0.9360335842283461,576228145
4095,0.23890010656567726,147068403
4096,0.7254891141378553,446615648
4097,0.7946270910272477,489177421
4098,0.6511475601589594,400850522
4099,0.9063461160813951,557952353
4100,0.3386825074428057,208495075
4101,0.8936668997142877,550146948
4102,0.3791552245566704,233410334
4103,0.9392321955897245,578197230
4104,0.22772956264614577,140191747
4105,0.7017165476831324,431981107
4106,0.8351486332192863,514122736
4107,0.5493248206684648,338167804
4108,0.987792577643435,608091306
4109,0.048113020771934106,29618677
4110,0.18273465043649284,112492596
4111,0.595877364885719,366825843
4112,0.9608220483012572,591488079
4113,0.15019572879974089,92461432
4114,0.5092715176817217,313510740
4115,0.9971570154499113,613856112
4116,0.011311258935857221,6963281
4117,0.04462142428500142,27469228
4118,0.17009510759131943,104711615
4119,0.5632394202396195,346733719
4120,0.9815430951537498,604244085
4121,0.07228382756388911,44498377
4122,0.26756491458804627,164714639
4123,0.7819359849674558,481364696
4124,0.6803432805179179,418823590
4125,0.867730441676422,534180302
4126,0.4579495458352098,281916612
4127,0.9904447196250941,609723981
4128,0.03776126819753288,23246073
4129,0.14497806573837105,89249406
4130,0.4945981105105952,304477698
4131,0.9973835701638777,613995581
4132,0.010412240682829501,6409840
4133,0.041112265447901405,25308968
4134,0.15729396783979438,96831153
4135,0.5288847763288224,325584785
4136,0.9941710220887713,612017916
4137,0.023122053701679107,14234081
4138,0.09012382309384015,55480790
4139,0.3271860632231135,201417792
4140,0.8783400195901404,540711625
4141,0.4263667300103634,262474033
4142,0.9758667847870268,600749713
4143,0.09396770451446543,57847108
4144,0.3396997223407627,209121279
4145,0.8949722457196619,550950527
4146,0.3750477311935563,230881735
4147,0.9352038527752877,575717357
4148,0.2417844500528873,148844023
4149,0.7314656717643855,450294855
4150,0.7837303347507004,482469309
4151,0.6762934175975994,416330469
4152,0.8734933173379161,537727964
4153,0.44090594019663554,271424462
4154,0.983566489462866,605489699
4155,0.0644921665715542,39701782
4156,0.24072837881961984,148193899
4157,0.7292851235374849,448952496
4158,0.7877390451763573,484937096
4159,0.6671529051051829,410703512
4160,0.886019026196442,545438869
4161,0.402947352543259,248056917
4162,0.9599173266503338,590931126
4163,0.15351945006077253,94507536
4164,0.518505401770104,319195177
4165,0.9961336249202549,613226107
4166,0.015367190631716335,9460138
4167,0.06037284993438125,37165905
4168,0.22634459601147594,139339152
4169,0.698699752272832,430123949
4170,0.8399684497023936,517089845
4171,0.5363415982957348,330175251
4172,0.9922303600509126,610823232
4173,0.03075999785015435,18936047
4174,0.11895714332582728,73230763
4175,0.4181773020965676,257432569
4176,0.9707871339701366,597622648
4177,0.11315430320785676,69658498
4178,0.4003981234248707,246487596
4179,0.9579170700690237,589699756
4180,0.1608447081882093,99017011
4181,0.5385450152638759,331531689
4182,0.9915719843752473,610417932
4183,0.0333443668677527,20527001
4184,0.1286077550631063,79171740
4185,0.4471505235989301,275268666
4186,0.9863556620480897,607206731
4187,0.05369809827511993,33056886
4188,0.20275030394185445,124814358
4189,0.6449540465914271,397037756
4190,0.9136634142633139,562456928
4191,0.3147414930030717,193756837
4192,0.8605603494852238,529766348
4193,0.47878497517258234,294743033
4194,0.9957041916590725,612961745
4195,0.01706664394278568,10506333
4196,0.06693374069319026,41204830
4197,0.24918992404952808,153402880
4198,0.7465062801488569,459553948
4199,0.7550462688502214,464811218
4200,0.7379560889748665,454290396
4201,0.7715738298819438,474985688
4202,0.7032281431437798,432911655
4203,0.832706304118982,512619223
4204,0.5558329956459549,342174278
4205,0.9850618796228233,606410271
4206,0.058712742017726895,36143932
4207,0.22050956821052212,135747073
4208,0.6858215431671436,422196043
4209,0.8597267128389757,529253156
4210,0.48118080135955976,296217919
4211,0.9960868926725014,613197338
4212,0.01555220172498293,9574032
4213,0.06108821967848859,37606291
4214,0.22885223188905526,140882869
4215,0.7041507625153288,433479625
4216,0.8312066399959952,511696020
4217,0.5598056248740273,344619853
4218,0.9832289160613742,605281887
4219,0.06579436058177601,40503421
4220,0.24524719616267093,150975712
4221,0.7385530256587072,454657874
4222,0.7704388912568141,474287013
4223,0.7056825963221826,434422632
4224,0.8287017315849627,510153983
4225,0.566401134895658,348680091
4226,0.979907648245429,603237294
4227,0.07855771013061102,48360619
4228,0.2888217212754872,177800463
4229,0.8195609010338585,504526830
4230,0.5900445138164098,363235103
4231,0.9651490222709499,594151791
4232,0.13420918445071364,82620015
4233,0.4636263462465541,285411286
4234,0.9922210596773715,610817507
4235,0.030796529356241054,18958536
4236,0.11909393151204643,73314971
4237,0.41859316228631127,257688576
4238,0.9710579778260942,597789381
4239,0.11213648229030006,69031921
4240,0.39725194760313054,244550790
4241,0.9553769225373142,588136025
4242,0.17010111509757528,104715313
4243,0.5632552357031455,346743455
4244,0.9815351128729966,604239171
4245,0.07231450093085798,44517260
4246,0.2676696044050559,164779087
4247,0.78213012325796,481484209
4248,0.6799063482662886,418554612
4249,0.8683584863554207,534566930
4250,0.456104981864474,280781087
4251,0.9898121772576987,609334584
4252,0.040235283730190446,24769093
4253,0.15407945863663267,94852281
4254,0.5200525264608709,320147597
4255,0.995895605768319,613079581
4256,0.016309317236890913,10040117
4257,0.06401286039854791,39406718
4258,0.23906170426755424,147167884
4259,0.7258257112227843,446822860
4260,0.7940209651213874,488804286
4261,0.6525711715556607,401726906
4262,0.9046209300644313,556890318
4263,0.3442647927856403,211931565
4264,0.9007287154832627,554494246
4265,0.3567718213826658,219630970
4266,0.9156478985113444,563678589
4267,0.3081749296077815,189714419
4268,0.8506805380523915,523684274
4269,0.5068224093228278,312003053
4270,0.997314284376817,613952928
4271,0.01068722519354975,6579122
4272,0.042186303560736306,25970153
4273,0.1612224112169447,99249527
4274,0.539566683899973,332160634
4275,0.9912535653253869,610221911
4276,0.034593038874832394,21295691
4277,0.13325147853958458,82030445
4278,0.4608271328063308,283688073
4279,0.9913772910385503,610298078
4280,0.03410794782794709,20997066
4281,0.1314489369344234,80920790
4282,0.45553875451380116,280432514
4283,0.9896125586227656,609211697
4284,0.0410153743310868,25249321
4285,0.15693912246427483,96612708
4286,0.5279138448746286,324987073
4287,0.9943910608846176,612153373
4288,0.022254140880355534,13699788
4289,0.08681798743519097,53445697
4290,0.31632969172664704,194734542
4291,0.8628982192564983,531205555
4292,0.4720364810172452,290588618
4293,0.9943799860083434,612146556
4294,0.022297833443216713,13726686
4295,0.08698455386715158,53548236
4296,0.31687878261017993,195072566
4297,0.8637018127692643,531700253
4298,0.46970675563952063,289154424
4299,0.9938384541910039,611813185
4300,0.024433088837336508,15041162
4301,0.0951060908987413,58547906
4302,0.3433830802670796,211388777
4303,0.8996298504089542,553817778
4304,0.36028097082184657,221791225
4305,0.919609585613202,566117428
4306,0.2949719046894523,181586554
4307,0.8297742857319824,510814254
4308,0.5635831926751437,346945348
4309,0.98136913866085,604136996
4310,0.07295217185619651,44909814
4311,0.2698443083858653,166117848
4312,0.7861431468943012,483954651
4313,0.6708071769468512,412953105
4314,0.8810913841307538,542405382
4315,0.41802973419581185,257341726
4316,0.970690693340723,597563278
4317,0.11351658209769357,69881519
4318,0.4015159650693392,247175746
4319,0.9588005705064678,590243644
4320,0.1576131256467292,97027628
4321,0.5297572007996842,326121855
4322,0.9939668909122635,611892252
4323,0.023926875623063032,14729534
4324,0.0931839771814662,57364640
4325,0.33715788707665967,207556509
4326,0.8916949605720619,548933010
4327,0.38533448087117905,237214323
4328,0.9450387567044428,581771785
4329,0.20724261507354538,127579853
4330,0.6555295231483845,403548085
4331,0.9009841640426521,554651502
4332,0.3559546837461916,219127935
4333,0.914711277992708,563101999
4334,0.3112780780635629,191624737
4335,0.8553923043606633,526584867
4336,0.4935482769048586,303831414
4337,0.9973339173237236,613965014
4338,0.01060930897096439,6531157
4339,0.04188203862115079,25782845
4340,0.16011045451372802,98565000
4341,0.5365556365078504,330307015
4342,0.9921681049036287,610784908
4343,0.031004520497127146,19086577
4344,0.11987252842142278,73794280
4345,0.42095739035159907,259144009
4346,0.9725715407812824,598721140
4347,0.106437793985983,65523773
4348,0.37948407208954804,233612774
4349,0.9395488853683321,578392186
4350,0.2266191417121127,139508164
4351,0.6992989962238946,430492848
4352,0.8390168413155508,516504029
4353,0.5389196494046624,331762316
4354,0.9914561909519706,610346649
4355,0.03379854137617115,20806594
4356,0.13029823790828746,80212412
4357,0.4521492223540683,278345897
4358,0.9883641092839317,608443144
4359,0.04588698208561494,28248313
4360,0.17468765417315069,107538815
4361,0.5752457918340033,354124917
4362,0.9749089025369827,600160035
4363,0.09760152182156348,60084108
4364,0.3514211043911166,216337035
4365,0.9094180040007818,559843427
4366,0.32868382302006327,202339822
4367,0.8803965623448663,541977645
4368,0.4201408368712709,258641334
4369,0.9720538311168725,598402435
4370,0.10838907030625407,66724991
4371,0.3855971101801559,237375999
4372,0.9452787954154659,581919555
4373,0.2063899094698732,127054922
4374,0.6535345278081741,402319954
4375,0.9034443235951769,556165992
4376,0.34805838425773244,214266924
4377,0.9053858441684601,557361204
4378,0.34179264621782157,210409696
4379,0.8976320285048702,552587906
4380,0.3666361919293373,225703539
4381,0.9265342378405969,570380288
4382,0.2715934903594672,167194656
4383,0.7893435607517786,485924846
4384,0.6634584123674124,408429159
4385,0.8908925762310367,548439057
4386,0.38783994545137807,238756702
4387,0.9473062874329641,583167692
4388,0.1991691700395247,122609790
4389,0.6364082388637134,391776903
4390,0.9232572415566995,568362948
4391,0.28270469680455673,174034784
4392,0.8091031773247095,498088990
4393,0.6162763508133992,379383586
4394,0.9435544428636622,580858033
4395,0.2125052303014659,130819552
4396,0.6677135620099875,411048656
4397,0.885269922860509,544977716
4398,0.4052526752908393,249476088
4399,0.961681548397223,592017192
4400,0.14703208999947523,90513876
4401,0.5004004814943471,308049674
4402,0.9974993600621451,614066862
4403,0.009952603083646766,6126884
4404,0.03931565961426954,24202966
4405,0.1507020547082241,92773130
4406,0.5106838722056247,314380194
4407,0.9970445609500286,613786885
4408,0.011757350675673364,7237898
4409,0.046360270369242805,28539673
4410,0.17640187284512873,108594099
4411,0.5796841658864205,356857208
4412,0.9721652304908719,598471013
4413,0.10796938051085227,66466627
4414,0.38428485359799075,236568166
4415,0.9440739195237147,581177826
4416,0.2106654324553931,129686961
4417,0.6634791770148635,408441942
4418,0.8908654891433463,548422382
4419,0.38792443589296327,238808715
4420,0.9473818810410572,583214227
4421,0.19889931553949955,122443666
4422,0.6357601274914985,391377921
4423,0.9239610592561335,568796223
4424,0.28032551073532497,172570142
4425,0.8049550438775538,495535373
4426,0.6264396606424206,385640184
4427,0.9337119187443518,574798913
4428,0.2469569464409803,152028245
4429,0.7420171600516531,456790417
4430,0.7637965000197249,470197915
4431,0.7198415122435998,443138949
4432,0.8046621408828442,495355060
4433,0.6271521098516013,386078772
4434,0.9329910404315425,574355136
4435,0.24944984803498135,153562890
4436,0.7470262391877212,459874038
4437,0.7540223682395554,464180899
4438,0.7400358193715313,455570691
4439,0.7676073936203641,472543925
4440,0.711761268690065,438164701
4441,0.8185770886802688,503921189
4442,0.5925494678863366,364777168
4443,0.9633240380158844,593028319
4444,0.1409700348286547,86782037
4445,0.4831789615951598,297447999
4446,0.9963710401412617,613372261
4447,0.014427004131237226,8881354
4448,0.056733274075307615,34925359
4449,0.21352329265513453,131446278
4450,0.6700450736338889,412483949
4451,0.8821278450020528,543043434
4452,0.4148734571956077,255398702
4453,0.9685863521235863,596267833
4454,0.12140305410800628,74736481
4455,0.4255907667194066,261996345
4456,0.9754084313503512,600467548
4457,0.09570742536998382,58918091
4458,0.34532458125514087,212583978
4459,0.9020413041960489,555302284
4460,0.35256753098415694,217042783
4461,0.910772031648771,560676975
4462,0.324252688680413,199611988
4463,0.8742604014301053,538200186
4464,0.43861731616629196,270015570
4465,0.9824663428402305,604812442
4466,0.06873264982522898,42312250
4467,0.25539380596619343,157222028
4468,0.7587695612627801,467103300
4469,0.7303228735138346,449591341
4470,0.7858359820059573,483765559
4471,0.6715081876488534,413384652
4472,0.8801339168619287,541815959
4473,0.4209378389523212,259131973
4474,0.9725592070149789,598713547
4475,0.10648430550284357,65552406
4476,0.3796301387558384,233702694
4477,0.9396892750512045,578478611
4478,0.22612663220573556,139204973
4479,0.69822357986798,429830815
4480,0.8407225754134471,517554090
4481,0.5342934251484752,328914383
4482,0.9928076043564278,611178588
4483,0.02849125370302936,17539394
4484,0.11044121364018131,67988303
4485,0.3919933683597619,241313576
4486,0.9509549244117025,585413815
4487,0.18609222803385445,114559542
4488,0.604333023690009,372031199
4489,0.9540673344691232,587329835
4490,0.17485319451474066,107640723
4491,0.5756754239820964,354389401
4492,0.9746501885184686,600000769
4493,0.09858172217213496,60687526
4494,0.3545648312405867,218272333
4495,0.9131059606348046,562113756
4496,0.316580426499101,194888896
4497,0.8632654676264259,531431636
4498,0.47097241812031504,289933574
4499,0.9941380239659707,611997602
4500,0.023252176951312892,14314185
4501,0.09061893774116754,55785586
4502,0.3288045119966815,202414119
4503,0.8805614985003495,542079181
4504,0.41964005397808235,258333049
4505,0.9717336935106644,598205356
4506,0.10959461640307828,67467133
4507,0.38935870946957624,239691663
4508,0.9486564342707517,583998850
4509,0.19434254190994393,119638487
4510,0.6247283380725632,384586683
4511,0.9354269383098089,575854690
4512,0.24100949176264191,148366954
4513,0.7298664274053903,449310350
4514,0.786674087952011,484281502
4515,0.6695936895145619,412206074
4516,0.8827395421025852,543419998
4517,0.4130066672153026,254249494
4518,0.9673043186035336,595478605
4519,0.12619042851980375,77683619
4520,0.43996295303647026,270843953
4521,0.9831182564376768,605213764
4522,0.06622103368351041,40766083
4523,0.24672487544177718,151885380
4524,0.7415483280072667,456501801
4525,0.7647010768952068,470754779
4526,0.717934026163166,441964689
4527,0.8079939933588467,497406170
4528,0.6190074032189341,381064839
4529,0.9409905795365533,579279702
4530,0.22155396195245933,136390008
4531,0.6881465375435538,423627324
4532,0.8562575128373847,527117495
4533,0.4910915323422135,302319027
4534,0.9971833504239208,613872324
4535,0.0112067770843666,6898962
4536,0.04421392907467419,27218372
4537,0.16861363962631096,103799614
4538,0.5593304898315353,344327357
4539,0.9834547729756369,605420926
4540,0.06492321512343086,39967138
4541,0.24222568313325563,149115649
4542,0.7323740822398943,450854078
4543,0.7820491207536356,481434343
4544,0.6800886909935833,418666863
4545,0.8680965728711085,534405694
4546,0.45687460303177335,281254871
4547,0.9900793985439681,609499087
4548,0.03919051065990212,24125924
4549,0.1502419119911317,92489863
4550,0.5094004266907992,313590097
4551,0.9971474115923434,613850200
4552,0.011349360076661942,6986737
4553,0.04477000288902373,27560694
4554,0.17063494242405877,105043940
4555,0.5646594488035078,347607898
4556,0.9808184311649021,603797977
4557,0.07506640864596806,46211351
4558,0.2770314573264687,170542302
4559,0.7991372656223862,491953912
4560,0.6404624163006883,394272680
4561,0.9187785353318187,565605828
4562,0.2977519079978932,183297942
4563,0.8342918800332144,513595314
4564,0.5516132663859974,339576586
4565,0.9868709222245426,607523929
4566,0.05169725331797115,31825153
4567,0.1956083427962212,120417722
4568,0.6278094189087016,386483415
4569,0.9323223622284981,573943493
4570,0.25175852671751353,154984128
4571,0.7516209220607369,462702553
4572,0.7448807772094052,458553278
4573,0.7582332857637376,466773166
4574,0.7314291247934187,450272356
4575,0.7837978351874355,482510863
4576,0.6761405670842716,416236373
4577,0.8737082575026526,537860283
4578,0.44026513171458115,271029976
4579,0.9832626645885855,605302663
4580,0.06566421608881397,40423303
4581,0.2447961829888795,150698065
4582,0.7376353370139886,454092939
4583,0.7721824919429697,475360385
4584,0.7019075974080637,432098719
4585,0.8348409552145241,513933328
4586,0.5501473234969901,338674142
4587,0.9874661313248921,607890343
4588,0.04938331553646062,30400678
4589,0.1873089686955171,115308575
4590,0.6073750325775382,373903879
4591,0.9514977034921008,585747954
4592,0.1841377967280224,113356382
4593,0.5994219634912459,369007920
4594,0.958059939970426,589787707
4595,0.16032255466321585,98695570
4596,0.5371307401866092,330661052
4597,0.9919990194514462,610680818
4598,0.03166848978667372,19495320
4599,0.12235573019980721,75322954
4600,0.428465373893446,263765971
4601,0.9770823610985042,601498029
4602,0.08934575870741897,55001809
4603,0.32463874549257443,199849647
4604,0.8748012373661518,538533128
4605,0.4370008895505182,269020488
4606,0.9816641372094703,604318599
4607,0.07181863911576362,44212004
4608,0.2659762815433801,163736667
4609,0.7789792678069495,479544523
4610,0.6869605668542546,422897233
4611,0.8580325283017279,528210206
4612,0.48603270762471085,299204783
4613,0.9967216098273758,613588074
4614,0.013037892898696012,8026208
4615,0.051342945927358,31607039
4616,0.19434032284512498,119637121
4617,0.6247229254286945,384583351
4618,0.9354323255713083,575858006
4619,0.24099077249177311,148355431
4620,0.7298277380617104,449286533
4621,0.7867450511615769,484325187
4622,0.6694313297810351,412106125
4623,0.8829591677096341,543555201
4624,0.4123356807099059,253836431
4625,0.9668367188223836,595190748
4626,0.12793327705701135,78756527
4627,0.4451497511770766,274036978
4628,0.9854958863142131,606677448
4629,0.057032040044186744,35109281
4630,0.21457975194581425,132096641
4631,0.6724557751827415,413967992
4632,0.8788334323684178,541015373
4633,0.42487606977465403,261556373
4634,0.9749820164789145,600205044
4635,0.09732441524628066,59913520
4636,0.35053097003856826,215789063
4637,0.9083594462387307,559191772
4638,0.332137825043713,204466128
4639,0.88507093797359,544855220
4640,0.4058642871852769,249852600
4641,0.9621424856157272,592300948
4642,0.1453330487257802,89467936
4643,0.4956033011586623,305096500
4644,0.9974228694668015,614019774
4645,0.010256250836339386,6313812
4646,0.04050273001893468,24933734
4647,0.1550604129309924,95456162
4648,0.5227565582779236,321812216
4649,0.9954337348308205,612795250
4650,0.01813620342242096,11164760
4651,0.07105105337588768,43739474
4652,0.2633511767483571,162120636
4653,0.7740493644699146,476509643
4654,0.6978388138762074,429593950
4655,0.841330616858981,517928404
4656,0.5326387058787233,327895728
4657,0.9932495123654633,611450629
4658,0.026752625019418233,16469083
4659,0.10388731907521465,63953685
4660,0.371448028602211,228665736
4661,0.9315628186924707,573475913
4662,0.2543765987536165,156595829
4663,0.7567798875930309,465878445
4664,0.7344157164175645,452110921
4665,0.7782465948667955,479093484
4666,0.6885895414556832,423900040
4667,0.8555915995656053,526707554
4668,0.49298291113031323,303483372
4669,0.9973035342505417,613946310
4670,0.01072988733946181,6605385
4671,0.042352879860005625,26072698
4672,0.16183086257600254,99624094
4673,0.541210121630699,333172345
4674,0.99072388624198,609895838
4675,0.03666836921155723,22573278
4676,0.1409419616445794,86764755
4677,0.48309852711850565,297398483
4678,0.9963602174556001,613365599
4679,0.014469872764443212,8907744
4680,0.056899377231029905,35027613
4681,0.21411073402598593,131807910
4682,0.6713866371273494,413309824
4683,0.8803002162505713,541918334
4684,0.4204332646238771,258821354
4685,0.9722398471401283,598516947
4686,0.10768821182454218,66293538
4687,0.38340492882571314,236026478
4688,0.9432583016176733,580675726
4689,0.21355309140759282,131464622
4690,0.670113192545834,412525884
4691,0.8820353918702374,542986519
4692,0.4151553478406311,255572235
4693,0.9687775261498232,596385521
4694,0.12068804759763896,74296319
4695,0.4234285466311889,260665269
4696,0.9741058819906622,599665690
4697,0.10064221452080671,61955978
4698,0.36114830311684704,222325160
4699,0.9205736230279494,566710896
4700,0.29174013217644573,179597055
4701,0.8244450315419218,507533532
4702,0.5774943318159678,355509132
4703,0.9735385678602227,599316448
4704,0.10278728674806797,63276498
4705,0.36796602111984333,226522190
4706,0.9279424434000867,571247188
4707,0.26679240789568676,164239079
4708,0.780500733749784,480481146
4709,0.6835641600796728,420806384
4710,0.8630537545456346,531301304
4711,0.4715859655281692,290311278
4712,0.9942786441536842,612084169
4713,0.022697601515046694,13972785
4714,0.08850785739803826,54485992
4715,0.3218901241416187,198157579
4716,0.8709247197656309,536146719
4717,0.44853526054448484,276121119
4718,0.9869320085651762,607561534
4719,0.05145990394838603,31679039
4720,0.1947590111136956,119894868
4721,0.6257434754278068,385211608
4722,0.9344124277654727,575230151
4723,0.2445305119856027,150534516
4724,0.7370940093677102,453759695
4725,0.7732078585805572,475991607
4726,0.6996762893792069,430725112
4727,0.8384162240444074,516134286
4728,0.5405430926210666,332761718
4729,0.9909414679864714,610029782
4730,0.03581613529504093,22048637
4731,0.13778802559279732,84823172
4732,0.4740219175281834,291810865
4733,0.9948073055320391,612409616
4734,0.020611264264571962,12688423
4735,0.0805438957994519,49583327
4736,0.2954857408291068,181902875
4737,0.8306139320051652,511331146
4738,0.5613707675766951,345583365
4739,0.9824721792593187,604816035
4740,0.0687101790006476,42298417
4741,0.25531647030636284,157174420
4742,0.7586185814836853,467010356
4743,0.730634552952352,449783213
4744,0.7852627349080302,483412664
4745,0.6728144365704356,414188787
4746,0.8783393303462432,540711200
4747,0.42636881094149337,262475314
4748,0.9758680075113435,600750466
4749,0.09396306131446386,57844249
4750,0.3396846776472839,209112018
4751,0.8949529997015895,550938679
4752,0.37510839082659786,230919078
4753,0.935264322972732,575754583
4754,0.24157442689688616,148714732
4755,0.7310327304336455,450028333
4756,0.7845292710988143,482961139
4757,0.67448194461303,415215315
4758,0.8760286435061815,539288727
4759,0.43332381245897533,266756856
4760,0.9797616011998265,603147386
4761,0.07911693599657287,48704882
4762,0.2907012112759974,178957488
4763,0.8227141279842747,506467977
4764,0.5819638104814032,358260571
4765,0.9706949157477608,597565878
4766,0.1135007221939414,69871756
4767,0.40146704993902665,247145633
4768,0.9587621184316041,590219973
4769,0.15775390158166602,97114291
4770,0.530141756388538,326358590
4771,0.9938749833420379,611835673
4772,0.02428912830731796,14952539
4773,0.09455967454802054,58211528
4774,0.34161638856459803,210301191
4775,0.8974093801984319,552450843
4776,0.36734248027588995,226138334
4777,0.9272839100179829,570841790
4778,0.2690395563565796,165622438
4779,0.7846625211534174,483043169
4780,0.674179323711815,415029020
4781,0.8764496371332661,539547893
4782,0.43205982610190696,265978738
4783,0.9790826897550805,602729444
4784,0.08171430774437875,50303840
4785,0.2993979478204005,184311254
4786,0.8369376784787197,515224084
4787,0.54452727327727,335214404
4788,0.9895891145186203,609197265
4789,0.04110697079004444,25305709
4790,0.15727457909261838,96819217
4791,0.5288317505967939,325552142
4792,0.9941832333285219,612025433
4793,0.023073898268901147,14204436
4794,0.08994055901543442,55367972
4795,0.32658650688910806,201048701
4796,0.8775117640242438,540201745
4797,0.4288646234129816,264011752
4798,0.977309635209314,601637941
4799,0.0884802934240428,54469023
4800,0.32179960908755595,198101857
4801,0.870796036507822,536067501
4802,0.44891609424725887,276355563
4803,0.9870878339464498,607657461
4804,0.0508543136652093,31306234
4805,0.19258992826293075,118559567
4806,0.6204412007004937,381947494
4807,0.9396207295235554,578436414
4808,0.2263671205509762,139353019
4809,0.6987489386648996,430154229
4810,0.8398904489245081,517041828
4811,0.5365531860922863,330305506
4812,0.9921688197001458,610785348
4813,0.03100171313071181,19084849
4814,0.11986202158555473,73787812
4815,0.4209255182942452,259124389
4816,0.9725514331084353,598708762
4817,0.10651362083798444,65570453
4818,0.37972219296172643,233759363
4819,0.9397776640449147,578533024
4820,0.2258164687667206,139014034
4821,0.6975453308897928,429413280
4822,0.8417936105521328,518213426
4823,0.5313767398650907,327118853
4824,0.9935718457797993,611649059
4825,0.025483463883552885,15687780
4826,0.09908788723867368,60999124
4827,0.3561852165865858,219269853
4828,0.9149760592062937,563265000
4829,0.3104015324396025,191085130
4830,0.854069160184008,525770331
4831,0.4972937689282992,306137163
4832,0.9974707784904123,614049267
4833,0.01006606994709103,6196735
4834,0.03975932928981609,24476092
4835,0.15233231484671786,93776728
4836,0.5152174509936316,317171094
4837,0.9965760324491733,613498456
4838,0.013614853548180147,8381389
4839,0.0535836623510566,32986438
4840,0.2023426893856172,124563428
4841,0.6439865004968732,396442128
4842,0.9147788718219092,563143610
4843,0.31105436508567547,191487018
4844,0.855055192716823,526377339
4845,0.49450388239803067,304419691
4846,0.9973794728383083,613993059
4847,0.010428503396355277,6419852
4848,0.041175801355937264,25348081
4849,0.15752661540714832,96974372
4850,0.5295208035736118,325976327
4851,0.9940228034039092,611926672
4852,0.0237064641706003,14593848
4853,0.0923464262312421,56849039
4854,0.3344360695363039,205880941
4855,0.8881284538683556,546737446
4856,0.3964316501580615,244045810
4857,0.9547016516749611,587720324
4858,0.17255316777660867,106224812
4859,0.5696865025467962,350702584
4860,0.9781237275375536,602139101
4861,0.08537682765072485,52558510
4862,0.3115696235545829,191804214
4863,0.8558310329982273,526854951
4864,0.49230326106210387,303064975
4865,0.9972636332367903,613921747
4866,0.010888227449985948,6702861
4867,0.04297099907240345,26453216
4868,0.16408672432138058,101012816
4869,0.5472774621792107,336907438
4870,0.9885817178638743,608577105
4871,0.045038740827050366,27726131
4872,0.17161090808053897,105644751
4873,0.567220811190164,349184688
4874,0.9794706365463159,602968267
4875,0.08023055567258369,49390433
4876,0.294436518300118,181256967
4877,0.828897183415775,510274304
4878,0.5658883045372686,348364389
4879,0.9801783379875645,603403932
4880,0.07752076727272614,47722270
4881,0.2853300786775541,175650986
4882,0.8136281312688655,500874580
4883,0.6050332071544292,372462237
4884,0.9534824213254706,586969758
4885,0.17697123725966574,108944603
4886,0.5811531495853709,357761523
4887,0.971222523586374,597890677
4888,0.11151783972690808,68651081
4889,0.3953356284867114,243371092
4890,0.953791023649556,587159736
4891,0.1758540903518014,108256880
4892,0.578268422740784,355985667
4893,0.9730574754666631,599020284
4894,0.10460433337137869,64395083
4895,0.37371244457711955,230059724
4896,0.9338652988477985,574893335
4897,0.24642600079828508,151701391
4898,0.7409439054461063,456129715
4899,0.7658646773692274,471471098
4900,0.7154707335761531,440448271
4901,0.8122537282588963,500028489
4902,0.6084654606617932,374575153
4903,0.9505586229352658,585169850
4904,0.18751773992172102,115437096
4905,0.6078958001741196,374224467
4906,0.951050400256098,585472591
4907,0.18574861035096704,114348009
4908,0.6034717957735701,371501022
4909,0.9547814140427765,587769426
4910,0.17226372311059823,106046628
4911,0.5689298419145867,350236779
4912,0.9785422208055841,602396728
4913,0.08377939819677392,51575122
4914,0.3062740384318957,188544219
4915,0.8477563047399085,521884098
4916,0.5149715545294392,317019718
4917,0.9966056516943383,613516689
4918,0.01349747855391361,8309132
4919,0.05312803354013501,32705950
4920,0.2007187279132503,123563707
4921,0.6401185735107663,394061008
4922,0.9191634735756589,565842799
4923,0.29646490985575186,182505657
4924,0.8322081336490913,512312546
4925,0.5571546461901762,342987894
4926,0.9844660522113143,606043476
4927,0.061017650576588374,37562848
4928,0.22860504260985995,140730698
4929,0.7036156606417843,433150213
4930,0.8320772443382248,512231970
4931,0.5575015681329965,343201461
4932,0.984307342952363,605945773
4933,0.06163112627406479,37940507
4934,0.23075259488753777,142052744
4935,0.7082482810124207,436002083
4936,0.8244642872869339,507545386
4937,0.5774444758387743,355478441
4938,0.9735693891166095,599335422
4939,0.10267081442996796,63204797
4940,0.36759677799407764,226294882
4941,0.9275528533417773,571007354
4942,0.2681222448212257,165057735
4943,0.7829684995464772,482000319
4944,0.6780160247750173,417390917
4945,0.8710580767439686,536228815
4946,0.4481404556954377,275878075
4947,0.9867692447814473,607461336
4948,0.052092252316248616,32068317
4949,0.19702081176382696,121287247
4950,0.631232409868041,388590630
4951,0.9287844378549038,571765525
4952,0.2639141843552819,162467227
4953,0.7751113157289591,477163387
4954,0.6955119181919451,428161499
4955,0.8449826084811756,520176593
4956,0.5226381293836405,321739310
4957,0.9954551852410581,612808455
4958,0.018051396076817577,11112552
4959,0.07072491727421679,43538702
4960,0.2622343843695802,161433131
4961,0.771935372975311,475208257
4962,0.7024441001698662,432428993
4963,0.8339753813625885,513400475
4964,0.5524571741284171,340096101
4965,0.9865204970810192,607308205
4966,0.05305824562095162,32662988
4967,0.20046984208838778,123410492
4968,0.6395239211607642,393694936
4969,0.9198269709414603,566251252
4970,0.29424380473577194,181138331
4971,0.8285809085604515,510079604
4972,0.566718000253057,348875155
4973,0.97973934668451,603133686
4974,0.07920213537845085,48757331
4975,0.2909873369484781,179133629
4976,0.8231916896696028,506761967
4977,0.5807330555967437,357502911
4978,0.9714938731987123,598057721
4979,0.11049717486894575,68022753
4980,0.3921673213675602,241420662
4981,0.9511047325416223,585506038
4982,0.1855530359114201,114227612
4983,0.6029811960341467,371199006
4984,0.9551855443208729,588018212
4985,0.17079641976282958,105143347
4986,0.5650837610085253,347869107
4987,0.9805987751714109,603662756
4988,0.07590902104192108,46730069
4989,0.2798858978498493,172299514
4990,0.8041836303181858,495060486
4991,0.6283145529953325,386794379
4992,0.931806148203536,573625709
4993,0.2535383669907673,156079808
4994,0.755134087183145,464865280
4995,0.7377773242533213,454180348
4996,0.7719131568430143,475194580
4997,0.7024923081913085,432458670
4998,0.8338974918421911,513352526
4999,0.5526647351165609,340223877
